2026-09-03 17:51:32,131 [INFO] Activator:176 - 


2026-09-03 17:51:32,132 [INFO] Activator:177 - !SESSION log4j initialized
2026-09-03 17:51:34,486 [INFO] LogOutputStream:77 - [STDOUT_REDIRECT] 
2026-09-03 17:51:36,989 [INFO] ApplicationProperties:184 - Using Application install path: C:\ST\STM32CubeIDE_1.15.0\STM32CubeIDE\plugins\com.st.stm32cube.common.mx_6.11.0.202403141607
2026-09-03 17:51:37,007 [INFO] DbMcusXml:78 - Set database path to: C:\ST\STM32CubeIDE_1.15.0\STM32CubeIDE\plugins\com.st.stm32cube.common.mx_6.11.0.202403141607\\db\/mcu/
2026-09-03 17:51:37,007 [INFO] ApiDb:274 - Set plugin database path to: C:\ST\STM32CubeIDE_1.15.0\STM32CubeIDE\plugins\com.st.stm32cube.common.mx_6.11.0.202403141607\\db\/plugins/boardmanager/
2026-09-03 17:51:37,013 [WARN] ApiDb:259 - Overriding images path with different value:  => C:\ST\STM32CubeIDE_1.15.0\STM32CubeIDE\plugins\com.st.stm32cube.common.mx_6.11.0.202403141607\\db\/plugins/mcufinder/images/
2026-09-03 17:51:37,025 [INFO] ApiDb:250 - Set database path to: C:\Users\kccistc\.stmcufinder\plugins\mcufinder//mcu/
2026-09-03 17:51:37,026 [INFO] DbMcusAds:125 - Set database path to: C:\Users\kccistc\.stmcufinder\plugins\mcufinder//mcu/
2026-09-03 17:51:37,028 [INFO] CrossReferenceDbSqlite:203 - Set database path to: C:\Users\kccistc\.stmcufinder\plugins\mcufinder//mcu/cs/
2026-09-03 17:51:37,114 [INFO] RulesReader:64 - Compatibility file has been processed (297 Rules)
2026-09-03 17:51:37,197 [INFO] DbMcusXml:78 - Set database path to: C:\ST\STM32CubeIDE_1.15.0\STM32CubeIDE\plugins\com.st.stm32cube.common.mx_6.11.0.202403141607\\db\/mcu/
2026-09-03 17:51:37,197 [INFO] ApiDb:274 - Set plugin database path to: C:\ST\STM32CubeIDE_1.15.0\STM32CubeIDE\plugins\com.st.stm32cube.common.mx_6.11.0.202403141607\\db\/plugins/boardmanager/
2026-09-03 17:51:37,197 [INFO] ApiDb:261 - Set plugin images path to: C:\ST\STM32CubeIDE_1.15.0\STM32CubeIDE\plugins\com.st.stm32cube.common.mx_6.11.0.202403141607\\db\/plugins/mcufinder/images/
2026-09-03 17:51:37,198 [WARN] DbFile:41 - Overriding database path with different value: C:\Users\kccistc\.stmcufinder\plugins\mcufinder/ => C:\Users\kccistc\.stmcufinder\plugins\mcufinder
2026-09-03 17:51:37,198 [INFO] ApiDb:250 - Set database path to: C:\Users\kccistc\.stmcufinder\plugins\mcufinder//mcu/
2026-09-03 17:51:37,198 [WARN] DbFile:41 - Overriding database path with different value: C:\Users\kccistc\.stmcufinder\plugins\mcufinder/ => C:\Users\kccistc\.stmcufinder\plugins\mcufinder
2026-09-03 17:51:37,198 [INFO] DbMcusAds:125 - Set database path to: C:\Users\kccistc\.stmcufinder\plugins\mcufinder//mcu/
2026-09-03 17:51:37,198 [WARN] DbFile:41 - Overriding database path with different value: C:\Users\kccistc\.stmcufinder\plugins\mcufinder/ => C:\Users\kccistc\.stmcufinder\plugins\mcufinder
2026-09-03 17:51:37,198 [WARN] DbFile:41 - Overriding database path with different value: C:\Users\kccistc\.stmcufinder\plugins\mcufinder/ => C:\Users\kccistc\.stmcufinder\plugins\mcufinder
2026-09-03 17:51:37,198 [INFO] CrossReferenceDbSqlite:203 - Set database path to: C:\Users\kccistc\.stmcufinder\plugins\mcufinder//mcu/cs/
2026-09-03 17:51:37,266 [INFO] MainPanel:264 - HeapMemory: 268435456
2026-09-03 17:51:37,341 [INFO] DbMcusXml:78 - Set database path to: C:\ST\STM32CubeIDE_1.15.0\STM32CubeIDE\plugins\com.st.stm32cube.common.mx_6.11.0.202403141607\\db\/mcu/
2026-09-03 17:51:37,341 [INFO] ApiDb:274 - Set plugin database path to: C:\ST\STM32CubeIDE_1.15.0\STM32CubeIDE\plugins\com.st.stm32cube.common.mx_6.11.0.202403141607\\db\/plugins/boardmanager/
2026-09-03 17:51:37,341 [INFO] ApiDb:261 - Set plugin images path to: C:\ST\STM32CubeIDE_1.15.0\STM32CubeIDE\plugins\com.st.stm32cube.common.mx_6.11.0.202403141607\\db\/plugins/mcufinder/images/
2026-09-03 17:51:37,341 [WARN] DbFile:41 - Overriding database path with different value: C:\Users\kccistc\.stmcufinder\plugins\mcufinder/ => C:\Users\kccistc\.stmcufinder\plugins\mcufinder
2026-09-03 17:51:37,341 [INFO] ApiDb:250 - Set database path to: C:\Users\kccistc\.stmcufinder\plugins\mcufinder//mcu/
2026-09-03 17:51:37,341 [WARN] DbFile:41 - Overriding database path with different value: C:\Users\kccistc\.stmcufinder\plugins\mcufinder/ => C:\Users\kccistc\.stmcufinder\plugins\mcufinder
2026-09-03 17:51:37,341 [INFO] DbMcusAds:125 - Set database path to: C:\Users\kccistc\.stmcufinder\plugins\mcufinder//mcu/
2026-09-03 17:51:37,342 [WARN] DbFile:41 - Overriding database path with different value: C:\Users\kccistc\.stmcufinder\plugins\mcufinder/ => C:\Users\kccistc\.stmcufinder\plugins\mcufinder
2026-09-03 17:51:37,342 [WARN] DbFile:41 - Overriding database path with different value: C:\Users\kccistc\.stmcufinder\plugins\mcufinder/ => C:\Users\kccistc\.stmcufinder\plugins\mcufinder
2026-09-03 17:51:37,342 [INFO] CrossReferenceDbSqlite:203 - Set database path to: C:\Users\kccistc\.stmcufinder\plugins\mcufinder//mcu/cs/
2026-09-03 17:51:37,361 [INFO] ApplicationProperties:184 - Using Application install path: C:\ST\STM32CubeIDE_1.15.0\STM32CubeIDE\plugins\com.st.stm32cube.common.mx_6.11.0.202403141607
2026-09-03 17:51:37,363 [INFO] PluginManage:196 - Search for loadable plugins [exclusion list=, ]
2026-09-03 17:51:37,365 [INFO] PluginManage:310 - Check plugin analytics
2026-09-03 17:51:37,536 [INFO] AnalyticsPlugin:253 - Accepted Software Licenses: STM32CubeMX.6.17.0
2026-09-03 17:51:37,536 [INFO] AnalyticsPlugin:255 - Accepted CMSIS Pack Licenses: 
2026-09-03 17:51:37,536 [INFO] AnalyticsPlugin:257 - Accepted Firmware Licenses: FW.G4.1.6.0,FW.G4.1.6.1,FW.G4.1.6.3,FW.F4.1.28.0
2026-09-03 17:51:37,540 [INFO] PluginManage:359 - Loaded plugin analytics (category:tool,tabindex:-1)
2026-09-03 17:51:37,541 [INFO] PluginManage:310 - Check plugin cadmodel
2026-09-03 17:51:37,546 [INFO] CADModel:105 - Init CAD model plugin
2026-09-03 17:51:37,547 [INFO] PluginManage:359 - Loaded plugin cadmodel (category:power,tabindex:5)
2026-09-03 17:51:37,547 [INFO] PluginManage:310 - Check plugin clock
2026-09-03 17:51:37,556 [INFO] PluginManage:359 - Loaded plugin clock (category:base,tabindex:2)
2026-09-03 17:51:37,556 [INFO] PluginManage:310 - Check plugin ddr
2026-09-03 17:51:37,559 [INFO] PluginManage:359 - Loaded plugin ddr (category:tool,tabindex:6)
2026-09-03 17:51:37,559 [INFO] PluginManage:310 - Check plugin filemanager
2026-09-03 17:51:37,719 [INFO] PluginManage:359 - Loaded plugin filemanager (category:base,tabindex:10)
2026-09-03 17:51:37,719 [INFO] PluginManage:310 - Check plugin ipmanager
2026-09-03 17:51:37,728 [INFO] PluginManage:359 - Loaded plugin ipmanager (category:base,tabindex:5)
2026-09-03 17:51:37,728 [INFO] PluginManage:310 - Check plugin lpbam
2026-09-03 17:51:37,736 [INFO] PluginManage:359 - Loaded plugin lpbam (category:base,tabindex:0)
2026-09-03 17:51:37,737 [INFO] PluginManage:310 - Check plugin memorymap
2026-09-03 17:51:37,752 [INFO] PluginManage:359 - Loaded plugin memorymap (category:base,tabindex:4)
2026-09-03 17:51:37,753 [INFO] PluginManage:310 - Check plugin pinoutandconfiguration
2026-09-03 17:51:37,770 [INFO] PluginManage:359 - Loaded plugin pinoutandconfiguration (category:base,tabindex:1)
2026-09-03 17:51:37,771 [INFO] PluginManage:310 - Check plugin pinoutconfig
2026-09-03 17:51:37,880 [WARN] SupportedApi:132 - Cannot load RTOS API schema: s4s-elt-must-match.1: The content of 'definitions' must match (annotation?, (simpleType | complexType)?, (unique | key | keyref)*)). A problem was found starting at: attribute.
2026-09-03 17:51:37,982 [INFO] PluginManage:359 - Loaded plugin pinoutconfig (category:base,tabindex:0)
2026-09-03 17:51:37,982 [INFO] PluginManage:310 - Check plugin power
2026-09-03 17:51:37,993 [INFO] PluginManage:359 - Loaded plugin power (category:power,tabindex:4)
2026-09-03 17:51:37,994 [INFO] PluginManage:310 - Check plugin projectmanager
2026-09-03 17:51:38,007 [INFO] PluginManage:359 - Loaded plugin projectmanager (category:projectmanager,tabindex:3)
2026-09-03 17:51:38,007 [INFO] PluginManage:310 - Check plugin thirdparty
2026-09-03 17:51:38,245 [INFO] PluginManage:359 - Loaded plugin thirdparty (category:base,tabindex:-1)
2026-09-03 17:51:38,245 [INFO] PluginManage:310 - Check plugin tools
2026-09-03 17:51:38,245 [WARN] IntegrityCheckThread:84 - waiting for thirdparty lock release [integrity check]
2026-09-03 17:51:38,245 [INFO] IntegrityCheckThread:86 - entering critical section [integrity check]
2026-09-03 17:51:38,246 [INFO] ThirdPartyUpdaterWithRetryManager:70 - Updater plugin not ready yet. [1/15]
2026-09-03 17:51:38,247 [INFO] PluginManage:359 - Loaded plugin tools (category:base,tabindex:7)
2026-09-03 17:51:38,247 [INFO] PluginManage:310 - Check plugin tutovideos
2026-09-03 17:51:38,403 [INFO] PluginManage:359 - Loaded plugin tutovideos (category:base,tabindex:-1)
2026-09-03 17:51:38,404 [INFO] PluginManage:310 - Check plugin updater
2026-09-03 17:51:38,412 [INFO] PluginManage:359 - Loaded plugin updater (category:base,tabindex:12)
2026-09-03 17:51:38,412 [INFO] PluginManage:310 - Check plugin userauth
2026-09-03 17:51:38,416 [INFO] UserAuth:114 - Init User Auth plugin
2026-09-03 17:51:38,416 [INFO] PluginManage:359 - Loaded plugin userauth (category:base,tabindex:14)
2026-09-03 17:51:38,417 [INFO] PluginManage:283 - PluginManage : Loaded plugins [17]
2026-09-03 17:51:38,615 [INFO] PinOutPanel:1561 - setPackage(No Configuration,No Configuration)
2026-09-03 17:51:38,677 [INFO] CADModel:165 - CPN selected for project level
2026-09-03 17:51:38,677 [INFO] CADModel:114 - Register for checkConnection events
2026-09-03 17:51:38,689 [INFO] IPUIPlugin:80 - create IPUIPlugin
2026-09-03 17:51:38,689 [INFO] PluginManager:220 - loadIPPluginJar : add adc
2026-09-03 17:51:38,692 [INFO] IPUIPlugin:80 - create IPUIPlugin
2026-09-03 17:51:38,692 [INFO] PluginManager:220 - loadIPPluginJar : add aes
2026-09-03 17:51:38,693 [INFO] IPUIPlugin:80 - create IPUIPlugin
2026-09-03 17:51:38,694 [INFO] PluginManager:220 - loadIPPluginJar : add can
2026-09-03 17:51:38,695 [INFO] IPUIPlugin:80 - create IPUIPlugin
2026-09-03 17:51:38,695 [INFO] PluginManager:220 - loadIPPluginJar : add comp
2026-09-03 17:51:38,696 [INFO] IPUIPlugin:80 - create IPUIPlugin
2026-09-03 17:51:38,696 [INFO] PluginManager:220 - loadIPPluginJar : add cryp
2026-09-03 17:51:38,697 [INFO] IPUIPlugin:80 - create IPUIPlugin
2026-09-03 17:51:38,697 [INFO] PluginManager:220 - loadIPPluginJar : add dfsdm
2026-09-03 17:51:38,701 [INFO] IPUIPlugin:80 - create IPUIPlugin
2026-09-03 17:51:38,701 [INFO] PluginManager:220 - loadIPPluginJar : add dma
2026-09-03 17:51:38,702 [INFO] IPUIPlugin:80 - create IPUIPlugin
2026-09-03 17:51:38,702 [INFO] PluginManager:220 - loadIPPluginJar : add dma3
2026-09-03 17:51:38,704 [INFO] IPUIPlugin:80 - create IPUIPlugin
2026-09-03 17:51:38,704 [INFO] PluginManager:220 - loadIPPluginJar : add extmemmanager
2026-09-03 17:51:38,705 [INFO] IPUIPlugin:80 - create IPUIPlugin
2026-09-03 17:51:38,705 [INFO] PluginManager:220 - loadIPPluginJar : add fatfs
2026-09-03 17:51:38,708 [INFO] IPUIPlugin:80 - create IPUIPlugin
2026-09-03 17:51:38,708 [INFO] PluginManager:220 - loadIPPluginJar : add fmc
2026-09-03 17:51:38,712 [INFO] IPUIPlugin:80 - create IPUIPlugin
2026-09-03 17:51:38,712 [INFO] PluginManager:220 - loadIPPluginJar : add freertos
2026-09-03 17:51:38,714 [INFO] IPUIPlugin:80 - create IPUIPlugin
2026-09-03 17:51:38,714 [INFO] PluginManager:220 - loadIPPluginJar : add genericplugin
2026-09-03 17:51:38,716 [INFO] IPUIPlugin:80 - create IPUIPlugin
2026-09-03 17:51:38,716 [INFO] PluginManager:220 - loadIPPluginJar : add gfxmmu
2026-09-03 17:51:38,719 [INFO] IPUIPlugin:80 - create IPUIPlugin
2026-09-03 17:51:38,719 [INFO] PluginManager:220 - loadIPPluginJar : add gic
2026-09-03 17:51:38,721 [INFO] IPUIPlugin:80 - create IPUIPlugin
2026-09-03 17:51:38,722 [INFO] PluginManager:220 - loadIPPluginJar : add gpio
2026-09-03 17:51:38,723 [INFO] IPUIPlugin:80 - create IPUIPlugin
2026-09-03 17:51:38,724 [INFO] PluginManager:220 - loadIPPluginJar : add gtzc
2026-09-03 17:51:38,725 [INFO] IPUIPlugin:80 - create IPUIPlugin
2026-09-03 17:51:38,726 [INFO] PluginManager:220 - loadIPPluginJar : add hash
2026-09-03 17:51:38,727 [INFO] IPUIPlugin:80 - create IPUIPlugin
2026-09-03 17:51:38,727 [INFO] PluginManager:220 - loadIPPluginJar : add i2c
2026-09-03 17:51:38,729 [INFO] IPUIPlugin:80 - create IPUIPlugin
2026-09-03 17:51:38,729 [INFO] PluginManager:220 - loadIPPluginJar : add i2s
2026-09-03 17:51:38,731 [INFO] IPUIPlugin:80 - create IPUIPlugin
2026-09-03 17:51:38,731 [INFO] PluginManager:220 - loadIPPluginJar : add i3c
2026-09-03 17:51:38,823 [INFO] IPUIPlugin:80 - create IPUIPlugin
2026-09-03 17:51:38,823 [INFO] PluginManager:220 - loadIPPluginJar : add ipddr
2026-09-03 17:51:38,829 [INFO] IPUIPlugin:80 - create IPUIPlugin
2026-09-03 17:51:38,830 [INFO] PluginManager:220 - loadIPPluginJar : add linkedlist
2026-09-03 17:51:38,831 [INFO] IPUIPlugin:80 - create IPUIPlugin
2026-09-03 17:51:38,831 [INFO] PluginManager:220 - loadIPPluginJar : add lorawan
2026-09-03 17:51:38,832 [INFO] IPUIPlugin:80 - create IPUIPlugin
2026-09-03 17:51:38,833 [INFO] PluginManager:220 - loadIPPluginJar : add ltdc
2026-09-03 17:51:38,837 [INFO] IPUIPlugin:80 - create IPUIPlugin
2026-09-03 17:51:38,837 [INFO] PluginManager:220 - loadIPPluginJar : add mdma
2026-09-03 17:51:38,839 [INFO] IPUIPlugin:80 - create IPUIPlugin
2026-09-03 17:51:38,839 [INFO] PluginManager:220 - loadIPPluginJar : add nvic
2026-09-03 17:51:38,841 [INFO] IPUIPlugin:80 - create IPUIPlugin
2026-09-03 17:51:38,841 [INFO] PluginManager:220 - loadIPPluginJar : add opamp
2026-09-03 17:51:38,842 [INFO] IPUIPlugin:80 - create IPUIPlugin
2026-09-03 17:51:38,843 [INFO] PluginManager:220 - loadIPPluginJar : add openamp
2026-09-03 17:51:38,844 [INFO] IPUIPlugin:80 - create IPUIPlugin
2026-09-03 17:51:38,844 [INFO] PluginManager:220 - loadIPPluginJar : add pdm2pcm
2026-09-03 17:51:38,848 [INFO] IPUIPlugin:80 - create IPUIPlugin
2026-09-03 17:51:38,850 [INFO] PluginManager:220 - loadIPPluginJar : add plateformsettings
2026-09-03 17:51:38,851 [INFO] IPUIPlugin:80 - create IPUIPlugin
2026-09-03 17:51:38,851 [INFO] PluginManager:220 - loadIPPluginJar : add quadspi
2026-09-03 17:51:38,853 [INFO] IPUIPlugin:80 - create IPUIPlugin
2026-09-03 17:51:38,853 [INFO] PluginManager:220 - loadIPPluginJar : add resmgrutility
2026-09-03 17:51:38,854 [INFO] IPUIPlugin:80 - create IPUIPlugin
2026-09-03 17:51:38,854 [INFO] PluginManager:220 - loadIPPluginJar : add sai
2026-09-03 17:51:38,855 [INFO] IPUIPlugin:80 - create IPUIPlugin
2026-09-03 17:51:38,856 [INFO] PluginManager:220 - loadIPPluginJar : add spi
2026-09-03 17:51:38,858 [INFO] IPUIPlugin:80 - create IPUIPlugin
2026-09-03 17:51:38,859 [INFO] PluginManager:220 - loadIPPluginJar : add stm32_wpan
2026-09-03 17:51:38,859 [INFO] IPUIPlugin:80 - create IPUIPlugin
2026-09-03 17:51:38,860 [INFO] PluginManager:220 - loadIPPluginJar : add tim
2026-09-03 17:51:38,861 [INFO] IPUIPlugin:80 - create IPUIPlugin
2026-09-03 17:51:38,861 [INFO] PluginManager:220 - loadIPPluginJar : add touchsensing
2026-09-03 17:51:38,863 [INFO] IPUIPlugin:80 - create IPUIPlugin
2026-09-03 17:51:38,863 [INFO] PluginManager:220 - loadIPPluginJar : add tracer_emb
2026-09-03 17:51:38,864 [INFO] IPUIPlugin:80 - create IPUIPlugin
2026-09-03 17:51:38,864 [INFO] PluginManager:220 - loadIPPluginJar : add ts
2026-09-03 17:51:38,865 [INFO] IPUIPlugin:80 - create IPUIPlugin
2026-09-03 17:51:38,865 [INFO] PluginManager:220 - loadIPPluginJar : add tsc
2026-09-03 17:51:38,867 [INFO] IPUIPlugin:80 - create IPUIPlugin
2026-09-03 17:51:38,867 [INFO] PluginManager:220 - loadIPPluginJar : add ucpd
2026-09-03 17:51:38,868 [INFO] IPUIPlugin:80 - create IPUIPlugin
2026-09-03 17:51:38,868 [INFO] PluginManager:220 - loadIPPluginJar : add usart
2026-09-03 17:51:38,870 [INFO] IPUIPlugin:80 - create IPUIPlugin
2026-09-03 17:51:38,870 [INFO] PluginManager:220 - loadIPPluginJar : add usbx
2026-09-03 17:51:38,986 [INFO] CADModel:165 - CPN selected for project level
2026-09-03 17:51:38,986 [INFO] CADModel:114 - Register for checkConnection events
2026-09-03 17:51:38,986 [FATAL] Updater:308 - Updater called before beeing initialized
2026-09-03 17:51:38,986 [ERROR] CADModel:125 - Updater not yet initialized, retry later 
2026-09-03 17:51:39,103 [INFO] CADModel:165 - CPN selected for project level
2026-09-03 17:51:39,103 [INFO] CADModel:114 - Register for checkConnection events
2026-09-03 17:51:39,103 [FATAL] Updater:308 - Updater called before beeing initialized
2026-09-03 17:51:39,103 [ERROR] CADModel:125 - Updater not yet initialized, retry later 
2026-09-03 17:51:39,105 [FATAL] Updater:308 - Updater called before beeing initialized
2026-09-03 17:51:39,209 [FATAL] Updater:308 - Updater called before beeing initialized
2026-09-03 17:51:39,215 [INFO] DbMcusAds:53 - JSON generation date=Wed Jul 15 18:44:54 KST 2026 (1784108694001)
2026-09-03 17:51:39,215 [FATAL] Updater:308 - Updater called before beeing initialized
2026-09-03 17:51:39,246 [WARN] DetailPanel:346 - Failed to get advertising image, set to default
2026-09-03 17:51:39,308 [FATAL] Updater:308 - Updater called before beeing initialized
2026-09-03 17:51:39,310 [FATAL] Updater:308 - Updater called before beeing initialized
2026-09-03 17:51:39,310 [FATAL] Updater:308 - Updater called before beeing initialized
2026-09-03 17:51:39,310 [WARN] DetailPanel:346 - Failed to get advertising image, set to default
2026-09-03 17:51:39,311 [FATAL] Updater:308 - Updater called before beeing initialized
2026-09-03 17:51:39,378 [ERROR] Updater:1120 - MainUpdater not yet initialized. External WinMGr cannot be set.
2026-09-03 17:51:39,390 [INFO] Updater:1056 - Updater Version found : 6.11.0
2026-09-03 17:51:39,409 [INFO] ApplicationProperties:184 - Using Application install path: C:\ST\STM32CubeIDE_1.15.0\STM32CubeIDE\plugins\com.st.stm32cube.common.mx_6.11.0.202403141607
2026-09-03 17:51:39,874 [INFO] MainUpdater:2873 - connection check result : 10
2026-09-03 17:51:39,874 [INFO] MainUpdater:290 - Updater Check For Update Now.
2026-09-03 17:51:39,874 [INFO] MicroXplorer:498 - Change Database Version : DB.6.0.110
2026-09-03 17:51:39,889 [INFO] McuFinderGlobals:63 - Set McuFinder mode to 2 (CubeIDE integrated)
2026-09-03 17:51:39,904 [INFO] UserAuth:415 - Internet connection configuration mode: 1
2026-09-03 17:51:39,940 [INFO] JxBrowserEngine:152 - Initiate JxBrowser Engine with user profile folder
2026-09-03 17:51:40,057 [INFO] CheckServerUpdateThread:120 - End of CheckServer Thread
2026-09-03 17:51:41,515 [INFO] WebApp:161 - Instantiating new browser for Auth
2026-09-03 17:51:41,552 [WARN] PackLoader:240 - Cannot read IP mode file for STMicroelectronics.X-CUBE-AZRTOS-H7.3.5.0
2026-09-03 17:51:41,590 [WARN] PackLoader:240 - Cannot read IP mode file for STMicroelectronics.FP-ATR-ASTRA1.2.0.3
2026-09-03 17:51:41,620 [ERROR] Engine:466 - C:\Users\kccistc\.stm32cubemx\thirdparties\pdsc\STMicroelectronics.X-CUBE-SMBUS.2.1.1.pdsc: PDSC version is not supported
2026-09-03 17:51:41,653 [WARN] PackLoader:240 - Cannot read IP mode file for STMicroelectronics.X-CUBE-AZRTOS-F7.1.1.0
2026-09-03 17:51:41,671 [ERROR] Engine:466 - C:\Users\kccistc\.stm32cubemx\thirdparties\pdsc\STMicroelectronics.X-CUBE-FREERTOS.1.6.0.pdsc: PDSC version is not supported
2026-09-03 17:51:41,684 [ERROR] Engine:466 - C:\Users\kccistc\.stm32cubemx\thirdparties\pdsc\STMicroelectronics.FP-SNS-MOTENV1.5.1.0.pdsc: PDSC version is not supported
2026-09-03 17:51:41,743 [WARN] PackLoader:240 - Cannot read IP mode file for STMicroelectronics.X-CUBE-AZRTOS-H7RS.1.3.0
2026-09-03 17:51:41,776 [ERROR] Engine:466 - C:\Users\kccistc\.stm32cubemx\thirdparties\pdsc\WES.I-CUBE-Cesium.1.4.0.pdsc: PDSC version is not supported
2026-09-03 17:51:41,796 [WARN] PackLoader:240 - Cannot read IP mode file for STMicroelectronics.X-CUBE-DISPLAY.3.0.0
2026-09-03 17:51:41,819 [WARN] PackLoader:240 - Cannot read IP mode file for STMicroelectronics.X-CUBE-GNSS1.7.1.1
2026-09-03 17:51:41,831 [ERROR] Engine:466 - C:\Users\kccistc\.stm32cubemx\thirdparties\pdsc\STMicroelectronics.FP-SNS-MOTENVWB1.1.5.0.pdsc: PDSC version is not supported
2026-09-03 17:51:41,847 [WARN] PackLoader:240 - Cannot read IP mode file for STMicroelectronics.X-CUBE-NFC10.1.0.0
2026-09-03 17:51:41,865 [ERROR] Engine:466 - C:\Users\kccistc\.stm32cubemx\thirdparties\pdsc\STMicroelectronics.X-CUBE-ST60.1.1.0.pdsc: PDSC version is not supported
2026-09-03 17:51:41,896 [WARN] PackLoader:240 - Cannot read IP mode file for emotas.I-CUBE-CANOPEN.1.3.0
2026-09-03 17:51:41,915 [WARN] PackLoader:240 - Cannot read IP mode file for wolfSSL.I-CUBE-wolfSSL.5.9.2
2026-09-03 17:51:41,926 [ERROR] Engine:466 - C:\Users\kccistc\.stm32cubemx\thirdparties\pdsc\STMicroelectronics.X-CUBE-WBA.1.1.0.pdsc: PDSC version is not supported
2026-09-03 17:51:41,947 [ERROR] Engine:466 - C:\Users\kccistc\.stm32cubemx\thirdparties\pdsc\STMicroelectronics.FP-SNS-STBOX1.2.1.0.pdsc: PDSC version is not supported
2026-09-03 17:51:41,966 [WARN] PackLoader:240 - Cannot read IP mode file for STMicroelectronics.FP-SNS-SMARTAG2.1.2.0
2026-09-03 17:51:41,984 [ERROR] Engine:466 - C:\Users\kccistc\.stm32cubemx\thirdparties\pdsc\STMicroelectronics.FP-SNS-FLIGHT1.5.1.0.pdsc: PDSC version is not supported
2026-09-03 17:51:42,016 [INFO] LogOutputStream:77 - [STDOUT_REDIRECT] 1 : Invalid condition id : UX_CORESTACK_Condition cause : null
2026-09-03 17:51:42,017 [INFO] LogOutputStream:77 - [STDOUT_REDIRECT] 1 : Invalid condition id : UX_CORESTACK_Condition cause : null
2026-09-03 17:51:42,017 [INFO] LogOutputStream:77 - [STDOUT_REDIRECT] 1 : Invalid condition id : UX_CORESTACK_Condition cause : null
2026-09-03 17:51:42,019 [INFO] LogOutputStream:77 - [STDOUT_REDIRECT] 1 : Invalid condition id : UX_CORESTACK_Condition cause : null
2026-09-03 17:51:42,020 [INFO] LogOutputStream:77 - [STDOUT_REDIRECT] 1 : Invalid condition id : UX_CORESTACK_Condition cause : null
2026-09-03 17:51:42,021 [WARN] PackLoader:240 - Cannot read IP mode file for STMicroelectronics.X-CUBE-AZRTOS-WL.2.0.0
2026-09-03 17:51:42,036 [WARN] PackLoader:240 - Cannot read IP mode file for STMicroelectronics.X-CUBE-BLE2.3.3.0
2026-09-03 17:51:42,046 [ERROR] Engine:466 - C:\Users\kccistc\.stm32cubemx\thirdparties\pdsc\Avnet-IOTCONNECT.X-CUBE-iotc-st67-sdk.1.0.0.pdsc: PDSC version is not supported
2026-09-03 17:51:42,086 [WARN] PackLoader:240 - Cannot read IP mode file for Infineon.AIROC-Wi-Fi-Bluetooth-STM32.1.8.0
2026-09-03 17:51:42,119 [WARN] PackLoader:240 - Cannot read IP mode file for STMicroelectronics.X-CUBE-NFC9.1.0.0
2026-09-03 17:51:42,136 [WARN] PackLoader:240 - Cannot read IP mode file for STMicroelectronics.X-CUBE-BLE1.7.1.0
2026-09-03 17:51:42,156 [WARN] PackLoader:240 - Cannot read IP mode file for wolfSSL.I-CUBE-wolfMQTT.1.19.2
2026-09-03 17:51:42,170 [WARN] PackLoader:240 - Cannot read IP mode file for STMicroelectronics.X-CUBE-EEPRMA1.5.2.0
2026-09-03 17:51:42,206 [WARN] PackLoader:240 - Cannot read IP mode file for STMicroelectronics.X-CUBE-AZRTOS-G0.1.1.0
2026-09-03 17:51:42,228 [WARN] PackLoader:240 - Cannot read IP mode file for STMicroelectronics.X-CUBE-NFC4.3.0.0
2026-09-03 17:51:42,258 [WARN] PackLoader:240 - Cannot read IP mode file for EmbeddedOffice.I-CUBE-FS-RTOS.1.0.1
2026-09-03 17:51:42,258 [ERROR] ConditionMgr:805 - Attr not supported : Dmpu
2026-09-03 17:51:42,258 [ERROR] ConditionMgr:805 - Attr not supported : Dmpu
2026-09-03 17:51:42,259 [ERROR] ConditionMgr:805 - Attr not supported : Dmpu
2026-09-03 17:51:42,259 [ERROR] ConditionMgr:805 - Attr not supported : Dmpu
2026-09-03 17:51:42,259 [ERROR] ConditionMgr:805 - Attr not supported : Dmpu
2026-09-03 17:51:42,259 [ERROR] ConditionMgr:805 - Attr not supported : Dmpu
2026-09-03 17:51:42,259 [ERROR] ConditionMgr:805 - Attr not supported : Dmpu
2026-09-03 17:51:42,259 [ERROR] ConditionMgr:805 - Attr not supported : Dmpu
2026-09-03 17:51:42,259 [ERROR] ConditionMgr:805 - Attr not supported : Dmpu
2026-09-03 17:51:42,259 [ERROR] ConditionMgr:805 - Attr not supported : Dmpu
2026-09-03 17:51:42,259 [ERROR] ConditionMgr:805 - Attr not supported : Dmpu
2026-09-03 17:51:42,259 [ERROR] ConditionMgr:805 - Attr not supported : Dmpu
2026-09-03 17:51:42,259 [ERROR] ConditionMgr:805 - Attr not supported : Dmpu
2026-09-03 17:51:42,259 [ERROR] ConditionMgr:805 - Attr not supported : Dmpu
2026-09-03 17:51:42,259 [ERROR] ConditionMgr:805 - Attr not supported : Dmpu
2026-09-03 17:51:42,259 [ERROR] ConditionMgr:805 - Attr not supported : Dmpu
2026-09-03 17:51:42,259 [ERROR] ConditionMgr:805 - Attr not supported : Dmpu
2026-09-03 17:51:42,260 [ERROR] ConditionMgr:805 - Attr not supported : Dmpu
2026-09-03 17:51:42,260 [ERROR] ConditionMgr:805 - Attr not supported : Dmpu
2026-09-03 17:51:42,260 [ERROR] ConditionMgr:805 - Attr not supported : Dmpu
2026-09-03 17:51:42,260 [ERROR] ConditionMgr:805 - Attr not supported : Dmpu
2026-09-03 17:51:42,260 [ERROR] ConditionMgr:805 - Attr not supported : Dmpu
2026-09-03 17:51:42,260 [ERROR] ConditionMgr:805 - Attr not supported : Dmpu
2026-09-03 17:51:42,260 [ERROR] ConditionMgr:805 - Attr not supported : Dmpu
2026-09-03 17:51:42,260 [ERROR] ConditionMgr:805 - Attr not supported : Dmpu
2026-09-03 17:51:42,260 [ERROR] ConditionMgr:805 - Attr not supported : Dmpu
2026-09-03 17:51:42,260 [ERROR] ConditionMgr:805 - Attr not supported : Dmpu
2026-09-03 17:51:42,260 [ERROR] ConditionMgr:805 - Attr not supported : Dmpu
2026-09-03 17:51:42,260 [ERROR] ConditionMgr:805 - Attr not supported : Dmpu
2026-09-03 17:51:42,260 [ERROR] ConditionMgr:805 - Attr not supported : Dmpu
2026-09-03 17:51:42,260 [ERROR] ConditionMgr:805 - Attr not supported : Dmpu
2026-09-03 17:51:42,260 [ERROR] ConditionMgr:805 - Attr not supported : Dmpu
2026-09-03 17:51:42,260 [ERROR] ConditionMgr:805 - Attr not supported : Dmpu
2026-09-03 17:51:42,260 [ERROR] ConditionMgr:805 - Attr not supported : Dmpu
2026-09-03 17:51:42,261 [ERROR] ConditionMgr:805 - Attr not supported : Dmpu
2026-09-03 17:51:42,261 [ERROR] ConditionMgr:805 - Attr not supported : Dmpu
2026-09-03 17:51:42,261 [ERROR] ConditionMgr:805 - Attr not supported : Dmpu
2026-09-03 17:51:42,261 [ERROR] ConditionMgr:805 - Attr not supported : Dmpu
2026-09-03 17:51:42,261 [ERROR] ConditionMgr:805 - Attr not supported : Dmpu
2026-09-03 17:51:42,261 [ERROR] ConditionMgr:805 - Attr not supported : Dmpu
2026-09-03 17:51:42,261 [ERROR] ConditionMgr:805 - Attr not supported : Dmpu
2026-09-03 17:51:42,261 [ERROR] ConditionMgr:805 - Attr not supported : Dmpu
2026-09-03 17:51:42,261 [ERROR] ConditionMgr:805 - Attr not supported : Dmpu
2026-09-03 17:51:42,261 [ERROR] ConditionMgr:805 - Attr not supported : Dmpu
2026-09-03 17:51:42,261 [ERROR] ConditionMgr:805 - Attr not supported : Dmpu
2026-09-03 17:51:42,261 [ERROR] ConditionMgr:805 - Attr not supported : Dmpu
2026-09-03 17:51:42,261 [ERROR] ConditionMgr:805 - Attr not supported : Dmpu
2026-09-03 17:51:42,261 [ERROR] ConditionMgr:805 - Attr not supported : Dmpu
2026-09-03 17:51:42,261 [ERROR] ConditionMgr:805 - Attr not supported : Dmpu
2026-09-03 17:51:42,261 [ERROR] ConditionMgr:805 - Attr not supported : Dmpu
2026-09-03 17:51:42,261 [ERROR] ConditionMgr:805 - Attr not supported : Dmpu
2026-09-03 17:51:42,261 [ERROR] ConditionMgr:805 - Attr not supported : Dmpu
2026-09-03 17:51:42,261 [ERROR] ConditionMgr:805 - Attr not supported : Dmpu
2026-09-03 17:51:42,261 [ERROR] ConditionMgr:805 - Attr not supported : Dmpu
2026-09-03 17:51:42,261 [ERROR] ConditionMgr:805 - Attr not supported : Dmpu
2026-09-03 17:51:42,261 [ERROR] ConditionMgr:805 - Attr not supported : Dmpu
2026-09-03 17:51:42,261 [ERROR] ConditionMgr:805 - Attr not supported : Dmpu
2026-09-03 17:51:42,261 [ERROR] ConditionMgr:805 - Attr not supported : Dmpu
2026-09-03 17:51:42,261 [ERROR] ConditionMgr:805 - Attr not supported : Dmpu
2026-09-03 17:51:42,262 [ERROR] ConditionMgr:805 - Attr not supported : Dmpu
2026-09-03 17:51:42,262 [ERROR] ConditionMgr:805 - Attr not supported : Dmpu
2026-09-03 17:51:42,262 [ERROR] ConditionMgr:805 - Attr not supported : Dmpu
2026-09-03 17:51:42,262 [ERROR] ConditionMgr:805 - Attr not supported : Dmpu
2026-09-03 17:51:42,262 [ERROR] ConditionMgr:805 - Attr not supported : Dmpu
2026-09-03 17:51:42,273 [WARN] PackLoader:240 - Cannot read IP mode file for wolfSSL.I-CUBE-wolfTPM.3.8.0
2026-09-03 17:51:42,285 [ERROR] Engine:466 - C:\Users\kccistc\.stm32cubemx\thirdparties\pdsc\STMicroelectronics.X-CUBE-TCPP.4.2.0.pdsc: PDSC version is not supported
2026-09-03 17:51:42,305 [WARN] PackLoader:240 - Cannot read IP mode file for RealThread.X-CUBE-RT-Thread_Nano.4.1.1
2026-09-03 17:51:42,336 [WARN] PackLoader:240 - Cannot read IP mode file for STMicroelectronics.FP-ATR-SIGFOX1.3.2.0
2026-09-03 17:51:42,352 [WARN] PackLoader:240 - Cannot read IP mode file for ITTIA_DB.I-CUBE-ITTIADB.8.9.0
2026-09-03 17:51:42,368 [ERROR] Engine:466 - C:\Users\kccistc\.stm32cubemx\thirdparties\pdsc\Cesanta.I-CUBE-Mongoose.7.21.7.pdsc: PDSC version is not supported
2026-09-03 17:51:42,397 [WARN] PackLoader:240 - Cannot read IP mode file for STMicroelectronics.X-CUBE-NFC6.3.2.0
2026-09-03 17:51:42,411 [WARN] PackLoader:240 - Cannot read IP mode file for STMicroelectronics.X-CUBE-AI.10.2.1
2026-09-03 17:51:42,449 [WARN] PackLoader:240 - Cannot read IP mode file for SEGGER.I-CUBE-embOS.1.3.1
2026-09-03 17:51:42,497 [ERROR] Engine:466 - C:\Users\kccistc\.stm32cubemx\thirdparties\pdsc\STMicroelectronics.FP-SNS-STAIOTCFT.2.0.0.pdsc: PDSC version is not supported
2026-09-03 17:51:42,529 [WARN] PackLoader:240 - Cannot read IP mode file for STMicroelectronics.X-CUBE-NFC13.1.0.0
2026-09-03 17:51:42,545 [WARN] PackLoader:240 - Cannot read IP mode file for STMicroelectronics.X-CUBE-PM33A1.1.0.0
2026-09-03 17:51:42,578 [WARN] PackLoader:240 - Cannot read IP mode file for STMicroelectronics.X-CUBE-AZRTOS-F4.1.1.0
2026-09-03 17:51:42,601 [WARN] PackLoader:240 - Cannot read IP mode file for STMicroelectronics.X-CUBE-ISPU.2.1.0
2026-09-03 17:51:42,619 [ERROR] Engine:466 - C:\Users\kccistc\.stm32cubemx\thirdparties\pdsc\STMicroelectronics.X-CUBE-IPS.3.2.0.pdsc: PDSC version is not supported
2026-09-03 17:51:42,637 [ERROR] Engine:466 - C:\Users\kccistc\.stm32cubemx\thirdparties\pdsc\STMicroelectronics.eDS-WB_DPC_TT-BIDIR.2.1.1.pdsc: PDSC version is not supported
2026-09-03 17:51:42,659 [WARN] PackLoader:240 - Cannot read IP mode file for STMicroelectronics.X-CUBE-NFC12.1.0.0
2026-09-03 17:51:42,709 [WARN] PackLoader:240 - Cannot read IP mode file for STMicroelectronics.X-CUBE-AZRTOS-L5.2.0.0
2026-09-03 17:51:42,726 [WARN] PackLoader:240 - Cannot read IP mode file for STMicroelectronics.X-CUBE-ALGOBUILD.1.5.0
2026-09-03 17:51:42,737 [ERROR] Engine:466 - C:\Users\kccistc\.stm32cubemx\thirdparties\pdsc\STMicroelectronics.eDS-WB_DPC_VIENNA.1.2.0.pdsc: PDSC version is not supported
2026-09-03 17:51:42,791 [WARN] PackLoader:240 - Cannot read IP mode file for STMicroelectronics.X-CUBE-MEMS1.13.0.0
2026-09-03 17:51:42,855 [ERROR] Engine:466 - C:\Users\kccistc\.stm32cubemx\thirdparties\pdsc\STMicroelectronics.eDS-WB_DPC_3PH2L-BIDIR.1.1.1.pdsc: PDSC version is not supported
2026-09-03 17:51:42,874 [ERROR] Engine:466 - C:\Users\kccistc\.stm32cubemx\thirdparties\pdsc\STMicroelectronics.X-CUBE-ST67W61.1.3.0.pdsc: PDSC version is not supported
2026-09-03 17:51:42,909 [WARN] PackLoader:240 - Cannot read IP mode file for STMicroelectronics.X-CUBE-TOUCHGFX.4.26.1
2026-09-03 17:51:42,926 [WARN] PackLoader:240 - Cannot read IP mode file for STMicroelectronics.X-CUBE-DPower.1.3.0
2026-09-03 17:51:42,958 [WARN] ConditionMgr:438 - getConditionDescription Invalid condition id : LAN8742 Phy interface Condition cause : null
2026-09-03 17:51:42,958 [WARN] PackLoader:240 - Cannot read IP mode file for STMicroelectronics.X-CUBE-AZRTOS-L4.2.0.0
2026-09-03 17:51:42,959 [WARN] ConditionMgr:1039 - genDependencies : Invalid condition id : LAN8742 Phy interface Condition cause : null
2026-09-03 17:51:42,959 [WARN] ConditionMgr:1039 - genDependencies : Invalid condition id : LAN8742 Phy interface Condition cause : null
2026-09-03 17:51:42,959 [WARN] ConditionMgr:1039 - genDependencies : Invalid condition id : LAN8742 Phy interface Condition cause : null
2026-09-03 17:51:42,987 [WARN] PackLoader:240 - Cannot read IP mode file for STMicroelectronics.X-CUBE-SFXS2LP1.4.0.0
2026-09-03 17:51:43,003 [WARN] PackLoader:240 - Cannot read IP mode file for STMicroelectronics.X-CUBE-WB05N.2.1.0
2026-09-03 17:51:43,040 [WARN] ConditionMgr:438 - getConditionDescription Invalid condition id : UX DEVICE CLASS RTOS Condition cause : null
2026-09-03 17:51:43,040 [WARN] ConditionMgr:438 - getConditionDescription Invalid condition id : UX DEVICE CLASS RTOS Condition cause : null
2026-09-03 17:51:43,042 [WARN] PackLoader:240 - Cannot read IP mode file for STMicroelectronics.X-CUBE-AZRTOS-WB.2.0.0
2026-09-03 17:51:43,042 [WARN] ConditionMgr:1039 - genDependencies : Invalid condition id : UX DEVICE CLASS RTOS Condition cause : null
2026-09-03 17:51:43,042 [WARN] ConditionMgr:1039 - genDependencies : Invalid condition id : UX DEVICE CLASS RTOS Condition cause : null
2026-09-03 17:51:43,042 [WARN] ConditionMgr:1039 - genDependencies : Invalid condition id : UX DEVICE CLASS RTOS Condition cause : null
2026-09-03 17:51:43,042 [WARN] ConditionMgr:1039 - genDependencies : Invalid condition id : UX DEVICE CLASS RTOS Condition cause : null
2026-09-03 17:51:43,042 [WARN] ConditionMgr:1039 - genDependencies : Invalid condition id : UX DEVICE CLASS RTOS Condition cause : null
2026-09-03 17:51:43,060 [WARN] PackLoader:240 - Cannot read IP mode file for STMicroelectronics.X-CUBE-STSE01.2.0.0
2026-09-03 17:51:43,089 [WARN] PackLoader:240 - Cannot read IP mode file for STMicroelectronics.X-CUBE-SUBG2.5.0.0
2026-09-03 17:51:43,117 [WARN] PackLoader:240 - Cannot read IP mode file for STMicroelectronics.X-CUBE-AZRTOS-G4.2.0.0
2026-09-03 17:51:43,147 [WARN] PackLoader:240 - Cannot read IP mode file for wolfSSL.I-CUBE-wolfSSH.1.4.20
2026-09-03 17:51:43,167 [WARN] PackLoader:240 - Cannot read IP mode file for STMicroelectronics.X-CUBE-NFC7.2.0.0
2026-09-03 17:51:43,184 [ERROR] Engine:466 - C:\Users\kccistc\.stm32cubemx\thirdparties\pdsc\STMicroelectronics.X-CUBE-BLEMGR.4.2.0.pdsc: PDSC version is not supported
2026-09-03 17:51:43,207 [WARN] PackLoader:240 - Cannot read IP mode file for STMicroelectronics.X-CUBE-ALS.1.0.2
2026-09-03 17:51:43,228 [ERROR] Engine:466 - C:\Users\kccistc\.stm32cubemx\thirdparties\pdsc\STMicroelectronics.X-CUBE-TOF1.3.4.3.pdsc: PDSC version is not supported
2026-09-03 17:51:43,229 [INFO] ThirdParty:978 - Integrity check success = true
2026-09-03 17:51:43,229 [INFO] IntegrityCheckThread:100 - exiting critical section [integrity check]
2026-09-03 17:51:43,229 [INFO] IntegrityCheckThread:103 - End integrity checks thread
2026-09-03 17:51:43,314 [INFO] WebApp:779 - Register for checkConnection events
2026-09-03 17:51:43,314 [INFO] WebApp:414 - Apply proxy settings
2026-09-03 17:51:43,314 [INFO] WebApp:499 - Chromium requires no authentication
2026-09-03 17:51:43,335 [INFO] WebApp:442 - Direct internet connection detected
2026-09-03 17:51:43,723 [INFO] WebApp:192 - Starting web application
2026-09-03 17:51:43,723 [INFO] WebApp:544 - Web application path used C:\ST\STM32CubeIDE_1.15.0\STM32CubeIDE\plugins\com.st.stm32cube.common.mx_6.11.0.202403141607\db\plugins\mcufinder\reactClient1\index.html
2026-09-03 17:52:22,554 [INFO] McuFinderGlobals:63 - Set McuFinder mode to 2 (CubeIDE integrated)
2026-09-03 17:52:22,582 [INFO] MainUpdater:2873 - connection check result : 10
2026-09-03 17:52:22,608 [INFO] McuFinderGlobals:76 - Set McuFinderConnectedMode to true
2026-09-03 17:52:22,914 [INFO] ServerAccessManage:473 - Download File mcusAds.json._tmp_
2026-09-03 17:52:23,022 [INFO] LoadUrlFilesThread:156 - End of LoadUrlFiles Thread
2026-09-03 17:52:23,310 [INFO] ServerAccessManage:473 - Download File cube-finder-db.zip
2026-09-03 17:52:27,156 [INFO] FileExtend:240 - Unzip File : cube-finder-db.zip
2026-09-03 17:52:27,157 [INFO] FileExtend:255 - Standard Zip Deflate
2026-09-03 17:52:27,999 [INFO] LoadUrlFilesThread:156 - End of LoadUrlFiles Thread
2026-09-03 17:52:49,165 [ERROR] ServerAccessManage:1172 - Problem during Server Connection :  IO error Connection timed out: no further information
2026-09-03 17:52:49,165 [ERROR] ServerAccessManage:651 - Problem during Server Connection :  : crdb.zip.
2026-09-03 17:52:52,727 [INFO] LoadUrlFilesThread:156 - End of LoadUrlFiles Thread
2026-09-03 17:52:53,953 [INFO] DbMcusAds:53 - JSON generation date=Wed Jul 15 18:44:54 KST 2026 (1784108694001)
2026-09-03 17:52:53,961 [ERROR] TargetSelectorAdapter:267 - Unable to refresh data
2026-09-03 17:52:54,427 [INFO] ApiDb:581 - Connected to CubeFinder SQLite database (C:\Users\kccistc\.stmcufinder\plugins\mcufinder\mcu\cube-finder-db.db)
2026-09-03 17:52:54,509 [INFO] ApiDb:668 - CubeFinder database Data Model version=2.1
2026-09-03 17:52:54,509 [INFO] ApiDb:669 - CubeFinder database Configuration version=3.0.42
2026-09-03 17:52:54,509 [INFO] ApiDb:670 - CubeFinder database generation date=2026-08-04 (1785840812)
2026-09-03 17:52:54,510 [INFO] ApiDb:671 - CubeFinder database FW Pack versions=[FP-ATR-ASTRA1_V2.0.0, FP-SNS-FLIGHT1_V5.1.0, FP-SNS-MOTENV1_V5.1.0, FP-SNS-MOTENVWB1_V1.5.0, FP-SNS-SMARTAG2_V1.2.0, FP-SNS-STBOX1_V2.1.0, STM32Cube_FW_C0_V1.4.1, STM32Cube_FW_F4_V1.28.3, STM32Cube_FW_F7_V1.17.4, STM32Cube_FW_G0_V1.6.3, STM32Cube_FW_G4_V1.6.2, STM32Cube_FW_H5_V1.7.0, STM32Cube_FW_H7RS_V1.3.0, STM32Cube_FW_H7_V1.13.0, STM32Cube_FW_L0_V1.12.2, STM32Cube_FW_L4_V1.18.2, STM32Cube_FW_L5_V1.6.0, STM32Cube_FW_N6_V1.4.0, STM32Cube_FW_U0_V1.3.0, STM32Cube_FW_U3_V1.4.0, STM32Cube_FW_U5_V1.9.0, STM32Cube_FW_WB0_V1.5.0, STM32Cube_FW_WBA_V1.10.0, STM32Cube_FW_WB_V1.24.0, STM32Cube_FW_WL3_V1.5.0, STM32Cube_FW_WL_V1.6.0, X-CUBE-ALGOBUILD_V1.5.0, X-CUBE-ALS_V1.0.2, X-CUBE-AZRTOS-F4_V1.1.0, X-CUBE-AZRTOS-F7_V1.1.0, X-CUBE-AZRTOS-G0_V1.1.0, X-CUBE-AZRTOS-G4_V2.0.0, X-CUBE-AZRTOS-H7RS_V1.3.0, X-CUBE-AZRTOS-H7_V3.5.0, X-CUBE-AZRTOS-L4_V2.0.0, X-CUBE-AZRTOS-L5_V2.0.0, X-CUBE-AZRTOS-WB_V2.0.0, X-CUBE-AZRTOS-WL_V2.0.0, X-CUBE-BLE1_V7.1.0, X-CUBE-BLE2_V3.3.0, X-CUBE-BLEMGR_V4.2.0, X-CUBE-EEPRMA1_V5.2.0, X-CUBE-FREERTOS_V1.6.0, X-CUBE-GNSS1_V7.1.1, X-CUBE-MEMS1_V13.0.0, X-CUBE-NFC4_V3.0.0, X-CUBE-NFC7_V2.0.0, X-CUBE-SFXS2LP1_V4.0.0, X-CUBE-ST67W61_V1.3.0, X-CUBE-SUBG2_V5.0.0, X-CUBE-TOF1_V3.4.3]
2026-09-03 17:52:54,582 [INFO] DbBoardsSqlite:226 - include board P-NUCLEO-WB55-NUCLEO as a kit item of type 'Nucleo-64'
2026-09-03 17:52:54,582 [INFO] DbBoardsSqlite:226 - include board P-NUCLEO-WB55-USBDONGLE as a kit item of type 'Nucleo USB Dongle'
2026-09-03 17:52:54,583 [INFO] DbBoardsSqlite:226 - include board STEVAL-IDP005V1 as a kit item of type 'Evaluation Board'
2026-09-03 17:52:54,583 [INFO] DbBoardsSqlite:226 - include board STEVAL-IDP005V2 as a kit item of type 'Evaluation Board'
2026-09-03 17:52:54,696 [INFO] ApiDb:240 - Found 483 in-development CPN: [B-G473E-ZEST1S, B-WB1M-WPAN1, B-WL5M-SUBG1, NUCLEO-C031C6, NUCLEO-H503RB, NUCLEO-H533RE, NUCLEO-H563ZI, NUCLEO-H7S3L8, NUCLEO-U031R8, NUCLEO-U083RC, NUCLEO-U545RE-Q, NUCLEO-U5A5ZJ-Q, NUCLEO-WBA52CG, NUCLEO-WBA55CG, STEVAL-PROTEUS1, STEVAL-SMARTAG2, STEVAL-STWINBX1, STM320518-EVAL, STM32C0116-DK, STM32C011D6Y3TR, STM32C011D6Y6TR, STM32C011F4P3, STM32C011F4P6, STM32C011F4U3, STM32C011F4U6TR, STM32C011F6P3, STM32C011F6P6, STM32C011F6U3, STM32C011F6U6TR, STM32C011J4M3, STM32C011J4M6, STM32C011J6M3, STM32C011J6M6, STM32C0316-DK, STM32C031C4T3, STM32C031C4T6, STM32C031C4U3, STM32C031C4U6, STM32C031C6T3, STM32C031C6T6, STM32C031C6U3, STM32C031C6U6, STM32C031F4P3, STM32C031F4P6, STM32C031F6P3, STM32C031F6P6, STM32C031G4U3, STM32C031G4U6, STM32C031G6U3, STM32C031G6U6, STM32C031K4T3, STM32C031K4T6, STM32C031K4U3, STM32C031K4U6, STM32C031K6T3, STM32C031K6T6, STM32C031K6U3, STM32C031K6U6, STM32G071K8TXN, STM32G071K8UXN, STM32G081GBU6N, STM32G081KBT6N, STM32G081KBUXN, STM32G0B1CCT6N, STM32G0B1KCT6, STM32G0B1NEY6TR, STM32G0B1RCT6N, STM32G0C1CCT6, STM32G0C1CCT6N, STM32G0C1CCU6N, STM32G0C1CET6N, STM32G0C1CEU6N, STM32G0C1KCT6, STM32G0C1NEY6TR, STM32G0C1RCI6N, STM32G0C1RCT6N, STM32G0C1REI6N, STM32G0C1RET6N, STM32G0C1VCI6, STM32G0C1VEI6, STM32G471CCT6, STM32G471CCU6, STM32G471CET3, STM32G471CET6, STM32G471CEU3, STM32G471CEU6, STM32G471MCT6, STM32G471MET3, STM32G471MET6, STM32G471MEY6TR, STM32G471QCT6, STM32G471QET3, STM32G471RCT6, STM32G471RET3, STM32G471RET6, STM32G471VCH6, STM32G471VCI6, STM32G471VCT6, STM32G471VEH3, STM32G471VEH6, STM32G471VEI3, STM32G471VEI6, STM32G471VET3, STM32G471VET6, STM32G474CCT6, STM32H503CBT6, STM32H503CBU6, STM32H503EBY6TR, STM32H503KBU6, STM32H503RBT6, STM32H523CCT6, STM32H523CCU6, STM32H523CET6, STM32H523CEU6, STM32H523HEY6TR, STM32H523RCT6, STM32H523RET6, STM32H523VCI6, STM32H523VCT6, STM32H523VEI6, STM32H523VET6, STM32H523ZCJ6, STM32H523ZCT6, STM32H523ZEJ6, STM32H523ZET6, STM32H533CET6, STM32H533CEU6, STM32H533HEY6TR, STM32H533RET6, STM32H533VEI6, STM32H533VET6, STM32H533ZEJ6, STM32H533ZET6, STM32H562AGI6, STM32H562AII6, STM32H562IGK6, STM32H562IGT6, STM32H562IIK6, STM32H562IIT6, STM32H562RGT6, STM32H562RGV6, STM32H562RIT6, STM32H562RIV6, STM32H562VGT6, STM32H562VIT6, STM32H562ZGT6, STM32H562ZIT6, STM32H563AGI6, STM32H563AII3Q, STM32H563AII6, STM32H563IGK6, STM32H563IGT6, STM32H563IIK3Q, STM32H563IIK6, STM32H563IIT3Q, STM32H563IIT6, STM32H563MIY3QTR, STM32H563RGT6, STM32H563RGV6, STM32H563RIT6, STM32H563RIV6, STM32H563VGT6, STM32H563VIT3Q, STM32H563VIT6, STM32H563ZGT6, STM32H563ZIT3Q, STM32H563ZIT6, STM32H573AII3Q, STM32H573AII6, STM32H573I-DK, STM32H573IIK3Q, STM32H573IIK6, STM32H573IIT3Q, STM32H573IIT6, STM32H573MIY3QTR, STM32H573RIT6, STM32H573RIV6, STM32H573VIT3Q, STM32H573VIT6, STM32H573ZIT3Q, STM32H573ZIT6, STM32H7R3A8I6, STM32H7R3I8K6, STM32H7R3I8T6, STM32H7R3L8H6, STM32H7R3L8H6H, STM32H7R3R8V6, STM32H7R3V8H6, STM32H7R3V8T6, STM32H7R3V8Y6, STM32H7R3Z8J6, STM32H7R3Z8T6, STM32H7R7A8I6, STM32H7R7I8K6, STM32H7R7I8T6, STM32H7R7L8H6, STM32H7R7L8H6H, STM32H7R7Z8J6, STM32H7S3A8I6, STM32H7S3I8K6, STM32H7S3I8T6, STM32H7S3L8H6, STM32H7S3L8H6H, STM32H7S3R8V6, STM32H7S3V8H6, STM32H7S3V8T6, STM32H7S3V8Y6, STM32H7S3Z8J6, STM32H7S3Z8T6, STM32H7S78-DK, STM32H7S7A8I6, STM32H7S7I8K6, STM32H7S7I8T6, STM32H7S7L8H6, STM32H7S7L8H6H, STM32H7S7Z8J6, STM32L4R5QGI6STR, STM32MP131AAE3, STM32MP131AAF3, STM32MP131AAG3, STM32MP131CAE3, STM32MP131CAF3, STM32MP131CAG3, STM32MP131DAE7, STM32MP131DAF7, STM32MP131DAG7, STM32MP131FAE7, STM32MP131FAF7, STM32MP131FAG7, STM32MP133AAE3, STM32MP133AAF3, STM32MP133AAG3, STM32MP133CAE3, STM32MP133CAF3, STM32MP133CAG3, STM32MP133DAE7, STM32MP133DAF7, STM32MP133DAG7, STM32MP133FAE7, STM32MP133FAF7, STM32MP133FAG7, STM32MP135AAE3, STM32MP135AAF3, STM32MP135AAG3, STM32MP135CAE3, STM32MP135CAF3, STM32MP135CAG3, STM32MP135DAE7, STM32MP135DAF7, STM32MP135DAG7, STM32MP135F-DK, STM32MP135FAE7, STM32MP135FAF7, STM32MP135FAF7T, STM32MP135FAF7U, STM32MP135FAG7, STM32U031C6T6, STM32U031C6U6, STM32U031C8T6, STM32U031C8U6, STM32U031F4P6, STM32U031F6P6, STM32U031F8P6, STM32U031G6Y6TR, STM32U031G8Y6TR, STM32U031K4U6, STM32U031K6U6, STM32U031K8U6, STM32U031R6I6, STM32U031R6T6, STM32U031R8I6, STM32U031R8T6, STM32U073C8T6, STM32U073C8U6, STM32U073CBT6, STM32U073CBU6, STM32U073CCT6, STM32U073CCU6, STM32U073H8Y6TR, STM32U073HBY6TR, STM32U073HCY6TR, STM32U073K8U6, STM32U073KBU6, STM32U073KCU6, STM32U073M8I6, STM32U073M8T6, STM32U073MBI6, STM32U073MBT6, STM32U073MCI6, STM32U073MCT6, STM32U073R8I6, STM32U073R8T6, STM32U073RBI6, STM32U073RBT6, STM32U073RCI6, STM32U073RCT6, STM32U083C-DK, STM32U083CCT6, STM32U083CCU6, STM32U083HCY6TR, STM32U083KCU6, STM32U083MCI6, STM32U083MCT6, STM32U083RCI6, STM32U083RCT6, STM32U535CBT6, STM32U535CBT6Q, STM32U535CBU6, STM32U535CBU6Q, STM32U535CCT6, STM32U535CCT6Q, STM32U535CCU6, STM32U535CCU6Q, STM32U535CET6, STM32U535CET6Q, STM32U535CEU6, STM32U535CEU6Q, STM32U535JEY6QTR, STM32U535NCY6QTR, STM32U535NEY6QTR, STM32U535RBI6, STM32U535RBI6Q, STM32U535RBT6, STM32U535RBT6Q, STM32U535RCI6, STM32U535RCI6Q, STM32U535RCT6, STM32U535RCT6Q, STM32U535REI6, STM32U535REI6Q, STM32U535RET6, STM32U535RET6Q, STM32U535VCI6, STM32U535VCI6Q, STM32U535VCT6, STM32U535VCT6Q, STM32U535VEI6, STM32U535VEI6Q, STM32U535VET6, STM32U535VET6Q, STM32U545CET6, STM32U545CET6Q, STM32U545CEU6, STM32U545CEU6Q, STM32U545JEY6QTR, STM32U545NEY6QTR, STM32U545REI6, STM32U545REI6Q, STM32U545RET6, STM32U545RET6Q, STM32U545VEI6, STM32U545VEI6Q, STM32U545VET6, STM32U545VET6Q, STM32U595AIH6, STM32U595AIH6Q, STM32U595AJH6, STM32U595AJH6Q, STM32U595QII6, STM32U595QII6Q, STM32U595QJI6, STM32U595QJI6Q, STM32U595RIT6, STM32U595RIT6Q, STM32U595RJT6, STM32U595RJT6Q, STM32U595VIT6, STM32U595VIT6Q, STM32U595VJT6, STM32U595VJT6Q, STM32U595ZIT6, STM32U595ZIT6Q, STM32U595ZIY6QTR, STM32U595ZJT6, STM32U595ZJT6Q, STM32U595ZJY6QTR, STM32U599BJY6QTR, STM32U599NIH6Q, STM32U599NJH6Q, STM32U599VIT6Q, STM32U599VJT6, STM32U599VJT6Q, STM32U599ZIT6Q, STM32U599ZIY6QTR, STM32U599ZJT6Q, STM32U599ZJY6QTR, STM32U5A5AJH6, STM32U5A5AJH6Q, STM32U5A5QII3Q , STM32U5A5QJI6, STM32U5A5QJI6Q, STM32U5A5RJT6, STM32U5A5RJT6Q, STM32U5A5VJT6, STM32U5A5VJT6Q, STM32U5A5ZJT6, STM32U5A5ZJT6Q, STM32U5A5ZJY6QTR, STM32U5A9BJY6QTR, STM32U5A9J-DK, STM32U5A9NJH6Q, STM32U5A9VJT6Q, STM32U5A9ZJT6Q, STM32U5A9ZJY6QTR, STM32U5F7VIT6, STM32U5F7VIT6Q, STM32U5F7VJT6, STM32U5F7VJT6Q, STM32U5F9BJY6QTR, STM32U5F9NJH6Q, STM32U5F9VIT6Q, STM32U5F9VJT6Q, STM32U5F9ZIJ6QTR, STM32U5F9ZIT6Q, STM32U5F9ZJJ6QTR, STM32U5F9ZJT6Q, STM32U5G7VJT6, STM32U5G7VJT6Q, STM32U5G9BJY6QTR, STM32U5G9J-DK1, STM32U5G9J-DK2, STM32U5G9NJH6Q, STM32U5G9VJT6Q, STM32U5G9ZJJ6QTR, STM32U5G9ZJT6Q, STM32WB1MMCH6, STM32WBA50KEU6, STM32WBA50KEU6TR, STM32WBA50KGU6, STM32WBA50KGU6TR, STM32WBA52CEU6, STM32WBA52CEU6TR, STM32WBA52CEU7, STM32WBA52CEU7TR, STM32WBA52CGU6, STM32WBA52CGU6TR, STM32WBA52CGU6U, STM32WBA52CGU7, STM32WBA52CGU7TR, STM32WBA52KEU6, STM32WBA52KEU6TR, STM32WBA52KGU6, STM32WBA52KGU6TR, STM32WBA54CEU6, STM32WBA54CEU6TR, STM32WBA54CEU7, STM32WBA54CEU7TR, STM32WBA54CGU6, STM32WBA54CGU6TR, STM32WBA54CGU7, STM32WBA54CGU7TR, STM32WBA54KEU6, STM32WBA54KEU6TR, STM32WBA54KEU7, STM32WBA54KEU7TR, STM32WBA54KGU6, STM32WBA54KGU6TR, STM32WBA54KGU7, STM32WBA54KGU7TR, STM32WBA55CEU6, STM32WBA55CEU6TR, STM32WBA55CEU7, STM32WBA55CEU7TR, STM32WBA55CGU6, STM32WBA55CGU6TR, STM32WBA55CGU6U, STM32WBA55CGU7, STM32WBA55CGU7TR, STM32WBA55G-DK1, STM32WBA55HEF6, STM32WBA55HEF7, STM32WBA55HGF6, STM32WBA55HGF7, STM32WBA55UEI6, STM32WBA55UEI6TR, STM32WBA55UEI7, STM32WBA55UEI7TR, STM32WBA55UGI6, STM32WBA55UGI6TR, STM32WBA55UGI7, STM32WBA55UGI7TR, STM32WL5MOCH6, STM32WL5MOCH6TR]
2026-09-03 17:52:54,701 [INFO] ApiDb:668 - CubeFinder database Data Model version=2.1
2026-09-03 17:52:54,701 [INFO] ApiDb:669 - CubeFinder database Configuration version=3.0.42
2026-09-03 17:52:54,701 [INFO] ApiDb:670 - CubeFinder database generation date=2026-08-04 (1785840812)
2026-09-03 17:52:54,701 [INFO] ApiDb:671 - CubeFinder database FW Pack versions=[FP-ATR-ASTRA1_V2.0.0, FP-SNS-FLIGHT1_V5.1.0, FP-SNS-MOTENV1_V5.1.0, FP-SNS-MOTENVWB1_V1.5.0, FP-SNS-SMARTAG2_V1.2.0, FP-SNS-STBOX1_V2.1.0, STM32Cube_FW_C0_V1.4.1, STM32Cube_FW_F4_V1.28.3, STM32Cube_FW_F7_V1.17.4, STM32Cube_FW_G0_V1.6.3, STM32Cube_FW_G4_V1.6.2, STM32Cube_FW_H5_V1.7.0, STM32Cube_FW_H7RS_V1.3.0, STM32Cube_FW_H7_V1.13.0, STM32Cube_FW_L0_V1.12.2, STM32Cube_FW_L4_V1.18.2, STM32Cube_FW_L5_V1.6.0, STM32Cube_FW_N6_V1.4.0, STM32Cube_FW_U0_V1.3.0, STM32Cube_FW_U3_V1.4.0, STM32Cube_FW_U5_V1.9.0, STM32Cube_FW_WB0_V1.5.0, STM32Cube_FW_WBA_V1.10.0, STM32Cube_FW_WB_V1.24.0, STM32Cube_FW_WL3_V1.5.0, STM32Cube_FW_WL_V1.6.0, X-CUBE-ALGOBUILD_V1.5.0, X-CUBE-ALS_V1.0.2, X-CUBE-AZRTOS-F4_V1.1.0, X-CUBE-AZRTOS-F7_V1.1.0, X-CUBE-AZRTOS-G0_V1.1.0, X-CUBE-AZRTOS-G4_V2.0.0, X-CUBE-AZRTOS-H7RS_V1.3.0, X-CUBE-AZRTOS-H7_V3.5.0, X-CUBE-AZRTOS-L4_V2.0.0, X-CUBE-AZRTOS-L5_V2.0.0, X-CUBE-AZRTOS-WB_V2.0.0, X-CUBE-AZRTOS-WL_V2.0.0, X-CUBE-BLE1_V7.1.0, X-CUBE-BLE2_V3.3.0, X-CUBE-BLEMGR_V4.2.0, X-CUBE-EEPRMA1_V5.2.0, X-CUBE-FREERTOS_V1.6.0, X-CUBE-GNSS1_V7.1.1, X-CUBE-MEMS1_V13.0.0, X-CUBE-NFC4_V3.0.0, X-CUBE-NFC7_V2.0.0, X-CUBE-SFXS2LP1_V4.0.0, X-CUBE-ST67W61_V1.3.0, X-CUBE-SUBG2_V5.0.0, X-CUBE-TOF1_V3.4.3]
2026-09-03 17:52:57,484 [INFO] ApiDb:240 - Found 483 in-development CPN: [B-G473E-ZEST1S, B-WB1M-WPAN1, B-WL5M-SUBG1, NUCLEO-C031C6, NUCLEO-H503RB, NUCLEO-H533RE, NUCLEO-H563ZI, NUCLEO-H7S3L8, NUCLEO-U031R8, NUCLEO-U083RC, NUCLEO-U545RE-Q, NUCLEO-U5A5ZJ-Q, NUCLEO-WBA52CG, NUCLEO-WBA55CG, STEVAL-PROTEUS1, STEVAL-SMARTAG2, STEVAL-STWINBX1, STM320518-EVAL, STM32C0116-DK, STM32C011D6Y3TR, STM32C011D6Y6TR, STM32C011F4P3, STM32C011F4P6, STM32C011F4U3, STM32C011F4U6TR, STM32C011F6P3, STM32C011F6P6, STM32C011F6U3, STM32C011F6U6TR, STM32C011J4M3, STM32C011J4M6, STM32C011J6M3, STM32C011J6M6, STM32C0316-DK, STM32C031C4T3, STM32C031C4T6, STM32C031C4U3, STM32C031C4U6, STM32C031C6T3, STM32C031C6T6, STM32C031C6U3, STM32C031C6U6, STM32C031F4P3, STM32C031F4P6, STM32C031F6P3, STM32C031F6P6, STM32C031G4U3, STM32C031G4U6, STM32C031G6U3, STM32C031G6U6, STM32C031K4T3, STM32C031K4T6, STM32C031K4U3, STM32C031K4U6, STM32C031K6T3, STM32C031K6T6, STM32C031K6U3, STM32C031K6U6, STM32G071K8TXN, STM32G071K8UXN, STM32G081GBU6N, STM32G081KBT6N, STM32G081KBUXN, STM32G0B1CCT6N, STM32G0B1KCT6, STM32G0B1NEY6TR, STM32G0B1RCT6N, STM32G0C1CCT6, STM32G0C1CCT6N, STM32G0C1CCU6N, STM32G0C1CET6N, STM32G0C1CEU6N, STM32G0C1KCT6, STM32G0C1NEY6TR, STM32G0C1RCI6N, STM32G0C1RCT6N, STM32G0C1REI6N, STM32G0C1RET6N, STM32G0C1VCI6, STM32G0C1VEI6, STM32G471CCT6, STM32G471CCU6, STM32G471CET3, STM32G471CET6, STM32G471CEU3, STM32G471CEU6, STM32G471MCT6, STM32G471MET3, STM32G471MET6, STM32G471MEY6TR, STM32G471QCT6, STM32G471QET3, STM32G471RCT6, STM32G471RET3, STM32G471RET6, STM32G471VCH6, STM32G471VCI6, STM32G471VCT6, STM32G471VEH3, STM32G471VEH6, STM32G471VEI3, STM32G471VEI6, STM32G471VET3, STM32G471VET6, STM32G474CCT6, STM32H503CBT6, STM32H503CBU6, STM32H503EBY6TR, STM32H503KBU6, STM32H503RBT6, STM32H523CCT6, STM32H523CCU6, STM32H523CET6, STM32H523CEU6, STM32H523HEY6TR, STM32H523RCT6, STM32H523RET6, STM32H523VCI6, STM32H523VCT6, STM32H523VEI6, STM32H523VET6, STM32H523ZCJ6, STM32H523ZCT6, STM32H523ZEJ6, STM32H523ZET6, STM32H533CET6, STM32H533CEU6, STM32H533HEY6TR, STM32H533RET6, STM32H533VEI6, STM32H533VET6, STM32H533ZEJ6, STM32H533ZET6, STM32H562AGI6, STM32H562AII6, STM32H562IGK6, STM32H562IGT6, STM32H562IIK6, STM32H562IIT6, STM32H562RGT6, STM32H562RGV6, STM32H562RIT6, STM32H562RIV6, STM32H562VGT6, STM32H562VIT6, STM32H562ZGT6, STM32H562ZIT6, STM32H563AGI6, STM32H563AII3Q, STM32H563AII6, STM32H563IGK6, STM32H563IGT6, STM32H563IIK3Q, STM32H563IIK6, STM32H563IIT3Q, STM32H563IIT6, STM32H563MIY3QTR, STM32H563RGT6, STM32H563RGV6, STM32H563RIT6, STM32H563RIV6, STM32H563VGT6, STM32H563VIT3Q, STM32H563VIT6, STM32H563ZGT6, STM32H563ZIT3Q, STM32H563ZIT6, STM32H573AII3Q, STM32H573AII6, STM32H573I-DK, STM32H573IIK3Q, STM32H573IIK6, STM32H573IIT3Q, STM32H573IIT6, STM32H573MIY3QTR, STM32H573RIT6, STM32H573RIV6, STM32H573VIT3Q, STM32H573VIT6, STM32H573ZIT3Q, STM32H573ZIT6, STM32H7R3A8I6, STM32H7R3I8K6, STM32H7R3I8T6, STM32H7R3L8H6, STM32H7R3L8H6H, STM32H7R3R8V6, STM32H7R3V8H6, STM32H7R3V8T6, STM32H7R3V8Y6, STM32H7R3Z8J6, STM32H7R3Z8T6, STM32H7R7A8I6, STM32H7R7I8K6, STM32H7R7I8T6, STM32H7R7L8H6, STM32H7R7L8H6H, STM32H7R7Z8J6, STM32H7S3A8I6, STM32H7S3I8K6, STM32H7S3I8T6, STM32H7S3L8H6, STM32H7S3L8H6H, STM32H7S3R8V6, STM32H7S3V8H6, STM32H7S3V8T6, STM32H7S3V8Y6, STM32H7S3Z8J6, STM32H7S3Z8T6, STM32H7S78-DK, STM32H7S7A8I6, STM32H7S7I8K6, STM32H7S7I8T6, STM32H7S7L8H6, STM32H7S7L8H6H, STM32H7S7Z8J6, STM32L4R5QGI6STR, STM32MP131AAE3, STM32MP131AAF3, STM32MP131AAG3, STM32MP131CAE3, STM32MP131CAF3, STM32MP131CAG3, STM32MP131DAE7, STM32MP131DAF7, STM32MP131DAG7, STM32MP131FAE7, STM32MP131FAF7, STM32MP131FAG7, STM32MP133AAE3, STM32MP133AAF3, STM32MP133AAG3, STM32MP133CAE3, STM32MP133CAF3, STM32MP133CAG3, STM32MP133DAE7, STM32MP133DAF7, STM32MP133DAG7, STM32MP133FAE7, STM32MP133FAF7, STM32MP133FAG7, STM32MP135AAE3, STM32MP135AAF3, STM32MP135AAG3, STM32MP135CAE3, STM32MP135CAF3, STM32MP135CAG3, STM32MP135DAE7, STM32MP135DAF7, STM32MP135DAG7, STM32MP135F-DK, STM32MP135FAE7, STM32MP135FAF7, STM32MP135FAF7T, STM32MP135FAF7U, STM32MP135FAG7, STM32U031C6T6, STM32U031C6U6, STM32U031C8T6, STM32U031C8U6, STM32U031F4P6, STM32U031F6P6, STM32U031F8P6, STM32U031G6Y6TR, STM32U031G8Y6TR, STM32U031K4U6, STM32U031K6U6, STM32U031K8U6, STM32U031R6I6, STM32U031R6T6, STM32U031R8I6, STM32U031R8T6, STM32U073C8T6, STM32U073C8U6, STM32U073CBT6, STM32U073CBU6, STM32U073CCT6, STM32U073CCU6, STM32U073H8Y6TR, STM32U073HBY6TR, STM32U073HCY6TR, STM32U073K8U6, STM32U073KBU6, STM32U073KCU6, STM32U073M8I6, STM32U073M8T6, STM32U073MBI6, STM32U073MBT6, STM32U073MCI6, STM32U073MCT6, STM32U073R8I6, STM32U073R8T6, STM32U073RBI6, STM32U073RBT6, STM32U073RCI6, STM32U073RCT6, STM32U083C-DK, STM32U083CCT6, STM32U083CCU6, STM32U083HCY6TR, STM32U083KCU6, STM32U083MCI6, STM32U083MCT6, STM32U083RCI6, STM32U083RCT6, STM32U535CBT6, STM32U535CBT6Q, STM32U535CBU6, STM32U535CBU6Q, STM32U535CCT6, STM32U535CCT6Q, STM32U535CCU6, STM32U535CCU6Q, STM32U535CET6, STM32U535CET6Q, STM32U535CEU6, STM32U535CEU6Q, STM32U535JEY6QTR, STM32U535NCY6QTR, STM32U535NEY6QTR, STM32U535RBI6, STM32U535RBI6Q, STM32U535RBT6, STM32U535RBT6Q, STM32U535RCI6, STM32U535RCI6Q, STM32U535RCT6, STM32U535RCT6Q, STM32U535REI6, STM32U535REI6Q, STM32U535RET6, STM32U535RET6Q, STM32U535VCI6, STM32U535VCI6Q, STM32U535VCT6, STM32U535VCT6Q, STM32U535VEI6, STM32U535VEI6Q, STM32U535VET6, STM32U535VET6Q, STM32U545CET6, STM32U545CET6Q, STM32U545CEU6, STM32U545CEU6Q, STM32U545JEY6QTR, STM32U545NEY6QTR, STM32U545REI6, STM32U545REI6Q, STM32U545RET6, STM32U545RET6Q, STM32U545VEI6, STM32U545VEI6Q, STM32U545VET6, STM32U545VET6Q, STM32U595AIH6, STM32U595AIH6Q, STM32U595AJH6, STM32U595AJH6Q, STM32U595QII6, STM32U595QII6Q, STM32U595QJI6, STM32U595QJI6Q, STM32U595RIT6, STM32U595RIT6Q, STM32U595RJT6, STM32U595RJT6Q, STM32U595VIT6, STM32U595VIT6Q, STM32U595VJT6, STM32U595VJT6Q, STM32U595ZIT6, STM32U595ZIT6Q, STM32U595ZIY6QTR, STM32U595ZJT6, STM32U595ZJT6Q, STM32U595ZJY6QTR, STM32U599BJY6QTR, STM32U599NIH6Q, STM32U599NJH6Q, STM32U599VIT6Q, STM32U599VJT6, STM32U599VJT6Q, STM32U599ZIT6Q, STM32U599ZIY6QTR, STM32U599ZJT6Q, STM32U599ZJY6QTR, STM32U5A5AJH6, STM32U5A5AJH6Q, STM32U5A5QII3Q , STM32U5A5QJI6, STM32U5A5QJI6Q, STM32U5A5RJT6, STM32U5A5RJT6Q, STM32U5A5VJT6, STM32U5A5VJT6Q, STM32U5A5ZJT6, STM32U5A5ZJT6Q, STM32U5A5ZJY6QTR, STM32U5A9BJY6QTR, STM32U5A9J-DK, STM32U5A9NJH6Q, STM32U5A9VJT6Q, STM32U5A9ZJT6Q, STM32U5A9ZJY6QTR, STM32U5F7VIT6, STM32U5F7VIT6Q, STM32U5F7VJT6, STM32U5F7VJT6Q, STM32U5F9BJY6QTR, STM32U5F9NJH6Q, STM32U5F9VIT6Q, STM32U5F9VJT6Q, STM32U5F9ZIJ6QTR, STM32U5F9ZIT6Q, STM32U5F9ZJJ6QTR, STM32U5F9ZJT6Q, STM32U5G7VJT6, STM32U5G7VJT6Q, STM32U5G9BJY6QTR, STM32U5G9J-DK1, STM32U5G9J-DK2, STM32U5G9NJH6Q, STM32U5G9VJT6Q, STM32U5G9ZJJ6QTR, STM32U5G9ZJT6Q, STM32WB1MMCH6, STM32WBA50KEU6, STM32WBA50KEU6TR, STM32WBA50KGU6, STM32WBA50KGU6TR, STM32WBA52CEU6, STM32WBA52CEU6TR, STM32WBA52CEU7, STM32WBA52CEU7TR, STM32WBA52CGU6, STM32WBA52CGU6TR, STM32WBA52CGU6U, STM32WBA52CGU7, STM32WBA52CGU7TR, STM32WBA52KEU6, STM32WBA52KEU6TR, STM32WBA52KGU6, STM32WBA52KGU6TR, STM32WBA54CEU6, STM32WBA54CEU6TR, STM32WBA54CEU7, STM32WBA54CEU7TR, STM32WBA54CGU6, STM32WBA54CGU6TR, STM32WBA54CGU7, STM32WBA54CGU7TR, STM32WBA54KEU6, STM32WBA54KEU6TR, STM32WBA54KEU7, STM32WBA54KEU7TR, STM32WBA54KGU6, STM32WBA54KGU6TR, STM32WBA54KGU7, STM32WBA54KGU7TR, STM32WBA55CEU6, STM32WBA55CEU6TR, STM32WBA55CEU7, STM32WBA55CEU7TR, STM32WBA55CGU6, STM32WBA55CGU6TR, STM32WBA55CGU6U, STM32WBA55CGU7, STM32WBA55CGU7TR, STM32WBA55G-DK1, STM32WBA55HEF6, STM32WBA55HEF7, STM32WBA55HGF6, STM32WBA55HGF7, STM32WBA55UEI6, STM32WBA55UEI6TR, STM32WBA55UEI7, STM32WBA55UEI7TR, STM32WBA55UGI6, STM32WBA55UGI6TR, STM32WBA55UGI7, STM32WBA55UGI7TR, STM32WL5MOCH6, STM32WL5MOCH6TR]
2026-09-03 17:52:57,490 [INFO] DbMcus:218 - Found 5304 MCUs, 5116 are supported
2026-09-03 17:52:57,491 [INFO] ApiDb:423 - Load user favorites file C:\Users\kccistc/.stm32cubeide/favorites.mcus.txt: 0 item(s)
2026-09-03 17:52:57,492 [INFO] ApiDb:427 - User favorites MCUs=[]
2026-09-03 17:52:57,492 [INFO] DbMcus:224 - Set 0 / 0 favorites MCUs
2026-09-03 17:52:58,070 [INFO] BoardInfo:889 - No configuration file found for board B-WBA5M-WPAN
2026-09-03 17:52:58,070 [INFO] DbBoards:161 - Board is not supported: B-WBA5M-WPAN
2026-09-03 17:52:58,073 [INFO] BoardInfo:889 - No configuration file found for board NUCLEO-C051C8
2026-09-03 17:52:58,074 [INFO] DbBoards:161 - Board is not supported: NUCLEO-C051C8
2026-09-03 17:52:58,075 [INFO] BoardInfo:889 - No configuration file found for board NUCLEO-C071RB
2026-09-03 17:52:58,076 [INFO] DbBoards:161 - Board is not supported: NUCLEO-C071RB
2026-09-03 17:52:58,077 [INFO] BoardInfo:889 - No configuration file found for board NUCLEO-C092RC
2026-09-03 17:52:58,078 [INFO] DbBoards:161 - Board is not supported: NUCLEO-C092RC
2026-09-03 17:52:58,121 [INFO] BoardInfo:889 - No configuration file found for board NUCLEO-H553ZG
2026-09-03 17:52:58,122 [INFO] DbBoards:161 - Board is not supported: NUCLEO-H553ZG
2026-09-03 17:52:58,124 [INFO] BoardInfo:889 - No configuration file found for board NUCLEO-H5E5ZJ
2026-09-03 17:52:58,124 [INFO] DbBoards:161 - Board is not supported: NUCLEO-H5E5ZJ
2026-09-03 17:52:58,152 [INFO] BoardInfo:889 - No configuration file found for board NUCLEO-N657X0-Q
2026-09-03 17:52:58,152 [INFO] DbBoards:161 - Board is not supported: NUCLEO-N657X0-Q
2026-09-03 17:52:58,155 [INFO] BoardInfo:889 - No configuration file found for board NUCLEO-U385RG-Q
2026-09-03 17:52:58,155 [INFO] DbBoards:161 - Board is not supported: NUCLEO-U385RG-Q
2026-09-03 17:52:58,156 [INFO] BoardInfo:889 - No configuration file found for board NUCLEO-U3C5ZI-Q
2026-09-03 17:52:58,156 [INFO] DbBoards:161 - Board is not supported: NUCLEO-U3C5ZI-Q
2026-09-03 17:52:58,161 [INFO] BoardInfo:889 - No configuration file found for board NUCLEO-WB05KZ
2026-09-03 17:52:58,161 [INFO] DbBoards:161 - Board is not supported: NUCLEO-WB05KZ
2026-09-03 17:52:58,162 [INFO] BoardInfo:889 - No configuration file found for board NUCLEO-WB07CC
2026-09-03 17:52:58,162 [INFO] DbBoards:161 - Board is not supported: NUCLEO-WB07CC
2026-09-03 17:52:58,163 [INFO] BoardInfo:889 - No configuration file found for board NUCLEO-WB09KE
2026-09-03 17:52:58,163 [INFO] DbBoards:161 - Board is not supported: NUCLEO-WB09KE
2026-09-03 17:52:58,166 [INFO] BoardInfo:889 - No configuration file found for board NUCLEO-WBA25CE1
2026-09-03 17:52:58,166 [INFO] DbBoards:161 - Board is not supported: NUCLEO-WBA25CE1
2026-09-03 17:52:58,169 [INFO] BoardInfo:889 - No configuration file found for board NUCLEO-WBA65RI
2026-09-03 17:52:58,170 [INFO] DbBoards:161 - Board is not supported: NUCLEO-WBA65RI
2026-09-03 17:52:58,171 [INFO] BoardInfo:889 - No configuration file found for board NUCLEO-WL33CC1
2026-09-03 17:52:58,171 [INFO] DbBoards:161 - Board is not supported: NUCLEO-WL33CC1
2026-09-03 17:52:58,172 [INFO] BoardInfo:889 - No configuration file found for board NUCLEO-WL33CC2
2026-09-03 17:52:58,172 [INFO] DbBoards:161 - Board is not supported: NUCLEO-WL33CC2
2026-09-03 17:52:58,173 [INFO] BoardInfo:889 - No configuration file found for board NUCLEO-WL3RKB1
2026-09-03 17:52:58,174 [INFO] DbBoards:161 - Board is not supported: NUCLEO-WL3RKB1
2026-09-03 17:52:58,175 [INFO] BoardInfo:889 - No configuration file found for board NUCLEO-WL3RKB2
2026-09-03 17:52:58,175 [INFO] DbBoards:161 - Board is not supported: NUCLEO-WL3RKB2
2026-09-03 17:52:58,181 [INFO] BoardInfo:889 - No configuration file found for board P-NUCLEO-WB55
2026-09-03 17:52:58,182 [INFO] DbBoards:161 - Kit is not supported: P-NUCLEO-WB55
2026-09-03 17:52:58,185 [INFO] BoardInfo:889 - No configuration file found for board STEVAL-BFA001V1B
2026-09-03 17:52:58,186 [INFO] DbBoards:161 - Kit is not supported: STEVAL-BFA001V1B
2026-09-03 17:52:58,187 [INFO] BoardInfo:889 - No configuration file found for board STEVAL-BFA001V2B
2026-09-03 17:52:58,187 [INFO] DbBoards:161 - Kit is not supported: STEVAL-BFA001V2B
2026-09-03 17:52:58,246 [INFO] BoardInfo:889 - No configuration file found for board STM32H5F5J-DK
2026-09-03 17:52:58,247 [INFO] DbBoards:161 - Board is not supported: STM32H5F5J-DK
2026-09-03 17:52:58,279 [INFO] BoardInfo:889 - No configuration file found for board STM32MP215F-DK
2026-09-03 17:52:58,280 [INFO] DbBoards:161 - Board is not supported: STM32MP215F-DK
2026-09-03 17:52:58,281 [INFO] BoardInfo:889 - No configuration file found for board STM32MP257F-DK
2026-09-03 17:52:58,281 [INFO] DbBoards:161 - Board is not supported: STM32MP257F-DK
2026-09-03 17:52:58,283 [INFO] BoardInfo:889 - No configuration file found for board STM32MP257F-EV1
2026-09-03 17:52:58,283 [INFO] DbBoards:161 - Board is not supported: STM32MP257F-EV1
2026-09-03 17:52:58,284 [INFO] BoardInfo:889 - No configuration file found for board STM32N6570-DK
2026-09-03 17:52:58,285 [INFO] DbBoards:161 - Board is not supported: STM32N6570-DK
2026-09-03 17:52:58,295 [INFO] BoardInfo:889 - No configuration file found for board STM32WBA65I-DK1
2026-09-03 17:52:58,295 [INFO] DbBoards:161 - Board is not supported: STM32WBA65I-DK1
2026-09-03 17:52:58,296 [INFO] DbBoards:168 - Found 219 boards, 192 are supported
2026-09-03 17:52:58,296 [INFO] DbBoards:169 - Found 219 boards, 8 of them is supported for  Bsp
2026-09-03 17:52:58,298 [INFO] ApiDb:423 - Load user favorites file C:\Users\kccistc/.stm32cubeide/favorites.boards.txt: 0 item(s)
2026-09-03 17:52:58,299 [INFO] ApiDb:427 - User favorites Boards=[]
2026-09-03 17:52:58,299 [INFO] DbBoards:198 - Set 0 / 0 favorites Boards
2026-09-03 17:52:58,299 [INFO] McuFinderGlobals:76 - Set McuFinderConnectedMode to true
2026-09-03 17:52:58,306 [INFO] MultiScanPanel:200 - Auto-refresh data requested => check proxy status ongoing
2026-09-03 17:52:58,310 [INFO] FinderPluginLoader:95 - Searching for filters in installed packs
2026-09-03 17:53:00,223 [INFO] LoadUrlFilesThread:185 - End of LoadServerUrlFiles without Thread
2026-09-03 17:53:00,238 [INFO] DetailPanel:341 - Set advertising image to C:/Users/kccistc/STM32Cube/Repository/\en.stm32h5cubemxbanner.png
2026-09-03 17:53:01,564 [INFO] MultiScanPanel:200 - Auto-refresh data requested => check proxy status ongoing
2026-09-03 17:53:01,892 [INFO] LoadUrlFilesThread:185 - End of LoadServerUrlFiles without Thread
2026-09-03 17:53:01,892 [INFO] DetailPanel:341 - Set advertising image to C:/Users/kccistc/STM32Cube/Repository/\en.stm32h5cubemxbanner.png
2026-09-03 17:53:01,920 [INFO] DbBoards:642 - Loading board mini-images...
2026-09-03 17:53:02,643 [ERROR] DbBoards:659 - Image file not found for board NUCLEO-H553ZG: C:\Users\kccistc\.stmcufinder\plugins\mcufinder//mcu//boards_images/NUCLEO-H553ZG.jpg
2026-09-03 17:53:04,799 [INFO] DbBoards:665 - Loaded 218 board mini-images
2026-09-03 17:53:05,064 [INFO] MultiScanPanel:200 - Auto-refresh data requested => check proxy status ongoing
2026-09-03 17:53:05,076 [INFO] ApiDb:668 - CubeFinder database Data Model version=2.1
2026-09-03 17:53:05,076 [INFO] ApiDb:669 - CubeFinder database Configuration version=3.0.42
2026-09-03 17:53:05,077 [INFO] ApiDb:670 - CubeFinder database generation date=2026-08-04 (1785840812)
2026-09-03 17:53:05,077 [INFO] ApiDb:671 - CubeFinder database FW Pack versions=[FP-ATR-ASTRA1_V2.0.0, FP-SNS-FLIGHT1_V5.1.0, FP-SNS-MOTENV1_V5.1.0, FP-SNS-MOTENVWB1_V1.5.0, FP-SNS-SMARTAG2_V1.2.0, FP-SNS-STBOX1_V2.1.0, STM32Cube_FW_C0_V1.4.1, STM32Cube_FW_F4_V1.28.3, STM32Cube_FW_F7_V1.17.4, STM32Cube_FW_G0_V1.6.3, STM32Cube_FW_G4_V1.6.2, STM32Cube_FW_H5_V1.7.0, STM32Cube_FW_H7RS_V1.3.0, STM32Cube_FW_H7_V1.13.0, STM32Cube_FW_L0_V1.12.2, STM32Cube_FW_L4_V1.18.2, STM32Cube_FW_L5_V1.6.0, STM32Cube_FW_N6_V1.4.0, STM32Cube_FW_U0_V1.3.0, STM32Cube_FW_U3_V1.4.0, STM32Cube_FW_U5_V1.9.0, STM32Cube_FW_WB0_V1.5.0, STM32Cube_FW_WBA_V1.10.0, STM32Cube_FW_WB_V1.24.0, STM32Cube_FW_WL3_V1.5.0, STM32Cube_FW_WL_V1.6.0, X-CUBE-ALGOBUILD_V1.5.0, X-CUBE-ALS_V1.0.2, X-CUBE-AZRTOS-F4_V1.1.0, X-CUBE-AZRTOS-F7_V1.1.0, X-CUBE-AZRTOS-G0_V1.1.0, X-CUBE-AZRTOS-G4_V2.0.0, X-CUBE-AZRTOS-H7RS_V1.3.0, X-CUBE-AZRTOS-H7_V3.5.0, X-CUBE-AZRTOS-L4_V2.0.0, X-CUBE-AZRTOS-L5_V2.0.0, X-CUBE-AZRTOS-WB_V2.0.0, X-CUBE-AZRTOS-WL_V2.0.0, X-CUBE-BLE1_V7.1.0, X-CUBE-BLE2_V3.3.0, X-CUBE-BLEMGR_V4.2.0, X-CUBE-EEPRMA1_V5.2.0, X-CUBE-FREERTOS_V1.6.0, X-CUBE-GNSS1_V7.1.1, X-CUBE-MEMS1_V13.0.0, X-CUBE-NFC4_V3.0.0, X-CUBE-NFC7_V2.0.0, X-CUBE-SFXS2LP1_V4.0.0, X-CUBE-ST67W61_V1.3.0, X-CUBE-SUBG2_V5.0.0, X-CUBE-TOF1_V3.4.3]
2026-09-03 17:53:05,842 [ERROR] DbExamplesSqlite:437 - Missing JSON key: board_cpn
2026-09-03 17:53:05,842 [ERROR] DbExamplesSqlite:437 - Missing JSON key: board_cpn
2026-09-03 17:53:05,842 [ERROR] DbExamplesSqlite:437 - Missing JSON key: board_cpn
2026-09-03 17:53:05,842 [ERROR] DbExamplesSqlite:437 - Missing JSON key: board_cpn
2026-09-03 17:53:06,159 [ERROR] DbExamplesSqlite:437 - Missing JSON key: board_cpn
2026-09-03 17:53:06,159 [ERROR] DbExamplesSqlite:437 - Missing JSON key: board_cpn
2026-09-03 17:53:06,226 [INFO] DbExamplesSqlite:395 - Ignored 42 examples not supported by CubeIDE
2026-09-03 17:53:06,226 [INFO] DbExamplesSqlite:396 - Found 11319 examples active
2026-09-03 17:53:06,227 [INFO] DbExamplesSqlite:397 - Found 0 examples obsolete
2026-09-03 17:53:06,233 [INFO] DbExamplesSqlite:398 - Found 0 examples under development
2026-09-03 17:53:06,234 [INFO] DbExamplesSqlite:399 - Found 81 examples not building
2026-09-03 17:53:06,236 [INFO] DbExamples:125 - Found 11358 examples
2026-09-03 17:53:06,276 [ERROR] DbExamples:208 - Found 246 examples with invalid data (board or MCU)
2026-09-03 17:53:06,276 [INFO] DbExamples:222 - Found 141 boards with related examples
2026-09-03 17:53:06,277 [INFO] DbExamples:235 - Found 117 MCUs with related examples
2026-09-03 17:53:06,297 [INFO] ApiDb:414 - User favorites file not found: C:\Users\kccistc/.stm32cubeide/favorites.examples.txt
2026-09-03 17:53:06,298 [INFO] DbExamples:250 - Set 0 / 0 favorites Examples
2026-09-03 17:53:07,418 [INFO] SoftwarePacks:127 - Download is needed for SW pack 'FP-ATR-ASTRA1_V2.0.0'
2026-09-03 17:53:07,418 [INFO] SoftwarePacks:127 - Download is needed for SW pack 'FP-SNS-FLIGHT1_V5.1.0'
2026-09-03 17:53:07,419 [INFO] SoftwarePacks:127 - Download is needed for SW pack 'FP-SNS-MOTENV1_V5.1.0'
2026-09-03 17:53:07,419 [INFO] SoftwarePacks:127 - Download is needed for SW pack 'FP-SNS-MOTENVWB1_V1.5.0'
2026-09-03 17:53:07,420 [INFO] SoftwarePacks:127 - Download is needed for SW pack 'FP-SNS-SMARTAG2_V1.2.0'
2026-09-03 17:53:07,420 [INFO] SoftwarePacks:127 - Download is needed for SW pack 'FP-SNS-STBOX1_V2.1.0'
2026-09-03 17:53:07,444 [INFO] SoftwarePacks:127 - Download is needed for SW pack 'STM32Cube_FW_C0_V1.4.1'
2026-09-03 17:53:07,459 [INFO] SoftwarePacks:131 - Found SW pack 'STM32Cube_FW_F4_V1.28.3' up-to-date on disk.
2026-09-03 17:53:07,478 [INFO] SoftwarePacks:127 - Download is needed for SW pack 'STM32Cube_FW_F7_V1.17.4'
2026-09-03 17:53:07,496 [INFO] SoftwarePacks:127 - Download is needed for SW pack 'STM32Cube_FW_G0_V1.6.3'
2026-09-03 17:53:07,513 [INFO] SoftwarePacks:127 - Download is needed for SW pack 'STM32Cube_FW_G4_V1.6.2'
2026-09-03 17:53:07,534 [INFO] SoftwarePacks:127 - Download is needed for SW pack 'STM32Cube_FW_H5_V1.7.0'
2026-09-03 17:53:07,555 [INFO] SoftwarePacks:127 - Download is needed for SW pack 'STM32Cube_FW_H7RS_V1.3.0'
2026-09-03 17:53:07,581 [INFO] SoftwarePacks:127 - Download is needed for SW pack 'STM32Cube_FW_H7_V1.13.0'
2026-09-03 17:53:07,620 [INFO] SoftwarePacks:127 - Download is needed for SW pack 'STM32Cube_FW_L0_V1.12.2'
2026-09-03 17:53:07,642 [INFO] SoftwarePacks:127 - Download is needed for SW pack 'STM32Cube_FW_L4_V1.18.2'
2026-09-03 17:53:07,661 [INFO] SoftwarePacks:127 - Download is needed for SW pack 'STM32Cube_FW_L5_V1.6.0'
2026-09-03 17:53:07,681 [INFO] SoftwarePacks:127 - Download is needed for SW pack 'STM32Cube_FW_N6_V1.4.0'
2026-09-03 17:53:07,701 [INFO] SoftwarePacks:127 - Download is needed for SW pack 'STM32Cube_FW_U0_V1.3.0'
2026-09-03 17:53:07,721 [INFO] SoftwarePacks:127 - Download is needed for SW pack 'STM32Cube_FW_U3_V1.4.0'
2026-09-03 17:53:07,742 [INFO] SoftwarePacks:127 - Download is needed for SW pack 'STM32Cube_FW_U5_V1.9.0'
2026-09-03 17:53:07,765 [INFO] SoftwarePacks:127 - Download is needed for SW pack 'STM32Cube_FW_WB0_V1.5.0'
2026-09-03 17:53:07,782 [INFO] SoftwarePacks:127 - Download is needed for SW pack 'STM32Cube_FW_WBA_V1.10.0'
2026-09-03 17:53:07,796 [INFO] SoftwarePacks:127 - Download is needed for SW pack 'STM32Cube_FW_WB_V1.24.0'
2026-09-03 17:53:07,815 [INFO] SoftwarePacks:127 - Download is needed for SW pack 'STM32Cube_FW_WL3_V1.5.0'
2026-09-03 17:53:07,831 [INFO] SoftwarePacks:127 - Download is needed for SW pack 'STM32Cube_FW_WL_V1.6.0'
2026-09-03 17:53:07,832 [INFO] SoftwarePacks:127 - Download is needed for SW pack 'X-CUBE-ALGOBUILD_V1.5.0'
2026-09-03 17:53:07,832 [INFO] SoftwarePacks:127 - Download is needed for SW pack 'X-CUBE-ALS_V1.0.2'
2026-09-03 17:53:07,832 [INFO] SoftwarePacks:127 - Download is needed for SW pack 'X-CUBE-AZRTOS-F4_V1.1.0'
2026-09-03 17:53:07,832 [INFO] SoftwarePacks:127 - Download is needed for SW pack 'X-CUBE-AZRTOS-F7_V1.1.0'
2026-09-03 17:53:07,832 [INFO] SoftwarePacks:127 - Download is needed for SW pack 'X-CUBE-AZRTOS-G0_V1.1.0'
2026-09-03 17:53:07,833 [INFO] SoftwarePacks:127 - Download is needed for SW pack 'X-CUBE-AZRTOS-G4_V2.0.0'
2026-09-03 17:53:07,833 [INFO] SoftwarePacks:127 - Download is needed for SW pack 'X-CUBE-AZRTOS-H7RS_V1.3.0'
2026-09-03 17:53:07,833 [INFO] SoftwarePacks:127 - Download is needed for SW pack 'X-CUBE-AZRTOS-H7_V3.5.0'
2026-09-03 17:53:07,833 [INFO] SoftwarePacks:127 - Download is needed for SW pack 'X-CUBE-AZRTOS-L4_V2.0.0'
2026-09-03 17:53:07,833 [INFO] SoftwarePacks:127 - Download is needed for SW pack 'X-CUBE-AZRTOS-L5_V2.0.0'
2026-09-03 17:53:07,833 [INFO] SoftwarePacks:127 - Download is needed for SW pack 'X-CUBE-AZRTOS-WB_V2.0.0'
2026-09-03 17:53:07,833 [INFO] SoftwarePacks:127 - Download is needed for SW pack 'X-CUBE-AZRTOS-WL_V2.0.0'
2026-09-03 17:53:07,833 [INFO] SoftwarePacks:127 - Download is needed for SW pack 'X-CUBE-BLE1_V7.1.0'
2026-09-03 17:53:07,833 [INFO] SoftwarePacks:127 - Download is needed for SW pack 'X-CUBE-BLE2_V3.3.0'
2026-09-03 17:53:07,833 [INFO] SoftwarePacks:127 - Download is needed for SW pack 'X-CUBE-BLEMGR_V4.2.0'
2026-09-03 17:53:07,834 [INFO] SoftwarePacks:127 - Download is needed for SW pack 'X-CUBE-EEPRMA1_V5.2.0'
2026-09-03 17:53:07,834 [INFO] SoftwarePacks:127 - Download is needed for SW pack 'X-CUBE-FREERTOS_V1.6.0'
2026-09-03 17:53:07,834 [INFO] SoftwarePacks:127 - Download is needed for SW pack 'X-CUBE-GNSS1_V7.1.1'
2026-09-03 17:53:07,834 [INFO] SoftwarePacks:127 - Download is needed for SW pack 'X-CUBE-MEMS1_V13.0.0'
2026-09-03 17:53:07,834 [INFO] SoftwarePacks:127 - Download is needed for SW pack 'X-CUBE-NFC4_V3.0.0'
2026-09-03 17:53:07,834 [INFO] SoftwarePacks:127 - Download is needed for SW pack 'X-CUBE-NFC7_V2.0.0'
2026-09-03 17:53:07,835 [INFO] SoftwarePacks:127 - Download is needed for SW pack 'X-CUBE-SFXS2LP1_V4.0.0'
2026-09-03 17:53:07,835 [INFO] SoftwarePacks:127 - Download is needed for SW pack 'X-CUBE-ST67W61_V1.3.0'
2026-09-03 17:53:07,835 [INFO] SoftwarePacks:127 - Download is needed for SW pack 'X-CUBE-SUBG2_V5.0.0'
2026-09-03 17:53:07,835 [INFO] SoftwarePacks:127 - Download is needed for SW pack 'X-CUBE-TOF1_V3.4.3'
2026-09-03 17:53:10,119 [INFO] LoadUrlFilesThread:185 - End of LoadServerUrlFiles without Thread
2026-09-03 17:53:10,119 [INFO] DetailPanel:341 - Set advertising image to C:/Users/kccistc/STM32Cube/Repository/\en.stm32h5cubemxbanner.png
2026-09-03 17:53:10,142 [ERROR] AppliInfo:139 - Unknown STM32CubeMX version: 6.13.0
2026-09-03 17:53:10,143 [ERROR] AppliInfo:139 - Unknown STM32CubeMX version: 6.13.0
2026-09-03 17:53:10,143 [ERROR] AppliInfo:139 - Unknown STM32CubeMX version: 6.13.0
2026-09-03 17:53:10,144 [ERROR] AppliInfo:139 - Unknown STM32CubeMX version: 6.13.0
2026-09-03 17:53:10,144 [ERROR] AppliInfo:139 - Unknown STM32CubeMX version: 6.13.0
2026-09-03 17:53:10,145 [ERROR] AppliInfo:139 - Unknown STM32CubeMX version: 6.13.0
2026-09-03 17:53:10,145 [ERROR] AppliInfo:139 - Unknown STM32CubeMX version: 6.13.0
2026-09-03 17:53:10,146 [ERROR] AppliInfo:139 - Unknown STM32CubeMX version: 6.13.0
2026-09-03 17:53:10,146 [ERROR] AppliInfo:139 - Unknown STM32CubeMX version: 6.15.0
2026-09-03 17:53:10,146 [ERROR] AppliInfo:139 - Unknown STM32CubeMX version: 6.15.0
2026-09-03 17:53:10,147 [ERROR] AppliInfo:139 - Unknown STM32CubeMX version: 6.15.0
2026-09-03 17:53:10,147 [ERROR] AppliInfo:139 - Unknown STM32CubeMX version: 6.15.0
2026-09-03 17:53:10,147 [ERROR] AppliInfo:139 - Unknown STM32CubeMX version: 6.15.0
2026-09-03 17:53:10,148 [ERROR] AppliInfo:139 - Unknown STM32CubeMX version: 6.15.0
2026-09-03 17:53:10,148 [ERROR] AppliInfo:139 - Unknown STM32CubeMX version: 6.16.1
2026-09-03 17:53:10,149 [ERROR] AppliInfo:139 - Unknown STM32CubeMX version: 6.16.1
2026-09-03 17:53:10,151 [ERROR] AppliInfo:139 - Unknown STM32CubeMX version: 6.14.1
2026-09-03 17:53:10,151 [ERROR] AppliInfo:139 - Unknown STM32CubeMX version: 6.14.1
2026-09-03 17:53:10,152 [ERROR] AppliInfo:139 - Unknown STM32CubeMX version: 6.14.1
2026-09-03 17:53:10,153 [ERROR] AppliInfo:139 - Unknown STM32CubeMX version: 6.14.1
2026-09-03 17:53:10,153 [ERROR] AppliInfo:139 - Unknown STM32CubeMX version: 6.14.1
2026-09-03 17:53:10,153 [ERROR] AppliInfo:139 - Unknown STM32CubeMX version: 6.14.1
2026-09-03 17:53:10,154 [ERROR] AppliInfo:139 - Unknown STM32CubeMX version: 6.14.1
2026-09-03 17:53:10,155 [ERROR] AppliInfo:139 - Unknown STM32CubeMX version: 6.14.1
2026-09-03 17:53:10,156 [ERROR] AppliInfo:139 - Unknown STM32CubeMX version: 6.14.1
2026-09-03 17:53:10,156 [ERROR] AppliInfo:139 - Unknown STM32CubeMX version: 6.14.1
2026-09-03 17:53:10,156 [ERROR] AppliInfo:139 - Unknown STM32CubeMX version: 6.14.1
2026-09-03 17:53:10,156 [ERROR] AppliInfo:139 - Unknown STM32CubeMX version: 6.14.1
2026-09-03 17:53:10,157 [ERROR] AppliInfo:139 - Unknown STM32CubeMX version: 6.14.1
2026-09-03 17:53:10,157 [ERROR] AppliInfo:139 - Unknown STM32CubeMX version: 6.14.1
2026-09-03 17:53:10,157 [ERROR] AppliInfo:139 - Unknown STM32CubeMX version: 6.12.0
2026-09-03 17:53:10,157 [ERROR] AppliInfo:139 - Unknown STM32CubeMX version: 6.12.0
2026-09-03 17:53:10,157 [ERROR] AppliInfo:139 - Unknown STM32CubeMX version: 6.12.0
2026-09-03 17:53:10,157 [ERROR] AppliInfo:139 - Unknown STM32CubeMX version: 6.12.0
2026-09-03 17:53:10,157 [ERROR] AppliInfo:139 - Unknown STM32CubeMX version: 6.12.0
2026-09-03 17:53:10,157 [ERROR] AppliInfo:139 - Unknown STM32CubeMX version: 6.12.0
2026-09-03 17:53:10,158 [ERROR] AppliInfo:139 - Unknown STM32CubeMX version: 6.12.0
2026-09-03 17:53:10,158 [ERROR] AppliInfo:139 - Unknown STM32CubeMX version: 6.12.0
2026-09-03 17:53:10,158 [ERROR] AppliInfo:139 - Unknown STM32CubeMX version: 6.12.0
2026-09-03 17:53:10,158 [ERROR] AppliInfo:139 - Unknown STM32CubeMX version: 6.12.0
2026-09-03 17:53:10,158 [ERROR] AppliInfo:139 - Unknown STM32CubeMX version: 6.12.0
2026-09-03 17:53:10,158 [ERROR] AppliInfo:139 - Unknown STM32CubeMX version: 6.12.0
2026-09-03 17:53:10,158 [ERROR] AppliInfo:139 - Unknown STM32CubeMX version: 6.12.0
2026-09-03 17:53:10,158 [ERROR] AppliInfo:139 - Unknown STM32CubeMX version: 6.12.0
2026-09-03 17:53:10,158 [ERROR] AppliInfo:139 - Unknown STM32CubeMX version: 6.12.0
2026-09-03 17:53:10,159 [ERROR] AppliInfo:139 - Unknown STM32CubeMX version: 6.12.0
2026-09-03 17:53:10,159 [ERROR] AppliInfo:139 - Unknown STM32CubeMX version: 6.12.0
2026-09-03 17:53:10,159 [ERROR] AppliInfo:139 - Unknown STM32CubeMX version: 6.12.0
2026-09-03 17:53:10,159 [ERROR] AppliInfo:139 - Unknown STM32CubeMX version: 6.12.0
2026-09-03 17:53:10,159 [ERROR] AppliInfo:139 - Unknown STM32CubeMX version: 6.12.0
2026-09-03 17:53:10,159 [ERROR] AppliInfo:139 - Unknown STM32CubeMX version: 6.12.0
2026-09-03 17:53:10,159 [ERROR] AppliInfo:139 - Unknown STM32CubeMX version: 6.12.0
2026-09-03 17:53:10,159 [ERROR] AppliInfo:139 - Unknown STM32CubeMX version: 6.12.0
2026-09-03 17:53:10,159 [ERROR] AppliInfo:139 - Unknown STM32CubeMX version: 6.12.0
2026-09-03 17:53:10,159 [ERROR] AppliInfo:139 - Unknown STM32CubeMX version: 6.12.0
2026-09-03 17:53:10,159 [ERROR] AppliInfo:139 - Unknown STM32CubeMX version: 6.12.0
2026-09-03 17:53:10,160 [ERROR] AppliInfo:139 - Unknown STM32CubeMX version: 6.12.0
2026-09-03 17:53:10,160 [ERROR] AppliInfo:139 - Unknown STM32CubeMX version: 6.12.0
2026-09-03 17:53:10,160 [ERROR] AppliInfo:139 - Unknown STM32CubeMX version: 6.12.0
2026-09-03 17:53:10,160 [ERROR] AppliInfo:139 - Unknown STM32CubeMX version: 6.12.0
2026-09-03 17:53:10,160 [ERROR] AppliInfo:139 - Unknown STM32CubeMX version: 6.12.0
2026-09-03 17:53:10,160 [ERROR] AppliInfo:139 - Unknown STM32CubeMX version: 6.12.0
2026-09-03 17:53:10,160 [ERROR] AppliInfo:139 - Unknown STM32CubeMX version: 6.12.0
2026-09-03 17:53:10,161 [ERROR] AppliInfo:139 - Unknown STM32CubeMX version: 6.12.0
2026-09-03 17:53:10,161 [ERROR] AppliInfo:139 - Unknown STM32CubeMX version: 6.12.0
2026-09-03 17:53:10,161 [ERROR] AppliInfo:139 - Unknown STM32CubeMX version: 6.12.0
2026-09-03 17:53:10,161 [ERROR] AppliInfo:139 - Unknown STM32CubeMX version: 6.12.0
2026-09-03 17:53:10,161 [ERROR] AppliInfo:139 - Unknown STM32CubeMX version: 6.12.0
2026-09-03 17:53:10,161 [ERROR] AppliInfo:139 - Unknown STM32CubeMX version: 6.12.0
2026-09-03 17:53:10,161 [ERROR] AppliInfo:139 - Unknown STM32CubeMX version: 6.12.0
2026-09-03 17:53:10,161 [ERROR] AppliInfo:139 - Unknown STM32CubeMX version: 6.12.0
2026-09-03 17:53:10,161 [ERROR] AppliInfo:139 - Unknown STM32CubeMX version: 6.12.0
2026-09-03 17:53:10,161 [ERROR] AppliInfo:139 - Unknown STM32CubeMX version: 6.12.0
2026-09-03 17:53:10,161 [ERROR] AppliInfo:139 - Unknown STM32CubeMX version: 6.12.0
2026-09-03 17:53:10,162 [ERROR] AppliInfo:139 - Unknown STM32CubeMX version: 6.12.0
2026-09-03 17:53:10,162 [ERROR] AppliInfo:139 - Unknown STM32CubeMX version: 6.12.0
2026-09-03 17:53:10,162 [ERROR] AppliInfo:139 - Unknown STM32CubeMX version: 6.12.0
2026-09-03 17:53:10,162 [ERROR] AppliInfo:139 - Unknown STM32CubeMX version: 6.12.0
2026-09-03 17:53:10,162 [ERROR] AppliInfo:139 - Unknown STM32CubeMX version: 6.12.0
2026-09-03 17:53:10,162 [ERROR] AppliInfo:139 - Unknown STM32CubeMX version: 6.12.0
2026-09-03 17:53:10,162 [ERROR] AppliInfo:139 - Unknown STM32CubeMX version: 6.12.0
2026-09-03 17:53:10,162 [ERROR] AppliInfo:139 - Unknown STM32CubeMX version: 6.12.0
2026-09-03 17:53:10,163 [ERROR] AppliInfo:139 - Unknown STM32CubeMX version: 6.12.0
2026-09-03 17:53:10,163 [ERROR] AppliInfo:139 - Unknown STM32CubeMX version: 6.12.0
2026-09-03 17:53:10,163 [ERROR] AppliInfo:139 - Unknown STM32CubeMX version: 6.12.0
2026-09-03 17:53:10,163 [ERROR] AppliInfo:139 - Unknown STM32CubeMX version: 6.12.0
2026-09-03 17:53:10,163 [ERROR] AppliInfo:139 - Unknown STM32CubeMX version: 6.12.0
2026-09-03 17:53:10,163 [ERROR] AppliInfo:139 - Unknown STM32CubeMX version: 6.12.0
2026-09-03 17:53:10,163 [ERROR] AppliInfo:139 - Unknown STM32CubeMX version: 6.12.0
2026-09-03 17:53:10,163 [ERROR] AppliInfo:139 - Unknown STM32CubeMX version: 6.12.0
2026-09-03 17:53:10,163 [ERROR] AppliInfo:139 - Unknown STM32CubeMX version: 6.12.0
2026-09-03 17:53:10,164 [ERROR] AppliInfo:139 - Unknown STM32CubeMX version: 6.12.0
2026-09-03 17:53:10,164 [ERROR] AppliInfo:139 - Unknown STM32CubeMX version: 6.12.0
2026-09-03 17:53:10,164 [ERROR] AppliInfo:139 - Unknown STM32CubeMX version: 6.12.0
2026-09-03 17:53:10,164 [ERROR] AppliInfo:139 - Unknown STM32CubeMX version: 6.12.0
2026-09-03 17:53:10,164 [ERROR] AppliInfo:139 - Unknown STM32CubeMX version: 6.12.0
2026-09-03 17:53:10,164 [ERROR] AppliInfo:139 - Unknown STM32CubeMX version: 6.12.0
2026-09-03 17:53:10,164 [ERROR] AppliInfo:139 - Unknown STM32CubeMX version: 6.12.0
2026-09-03 17:53:10,164 [ERROR] AppliInfo:139 - Unknown STM32CubeMX version: 6.12.0
2026-09-03 17:53:10,164 [ERROR] AppliInfo:139 - Unknown STM32CubeMX version: 6.12.0
2026-09-03 17:53:10,165 [ERROR] AppliInfo:139 - Unknown STM32CubeMX version: 6.12.0
2026-09-03 17:53:10,165 [ERROR] AppliInfo:139 - Unknown STM32CubeMX version: 6.12.0
2026-09-03 17:53:10,165 [ERROR] AppliInfo:139 - Unknown STM32CubeMX version: 6.12.0
2026-09-03 17:53:10,165 [ERROR] AppliInfo:139 - Unknown STM32CubeMX version: 6.12.0
2026-09-03 17:53:10,165 [ERROR] AppliInfo:139 - Unknown STM32CubeMX version: 6.12.0
2026-09-03 17:53:10,166 [ERROR] AppliInfo:139 - Unknown STM32CubeMX version: 6.12.0
2026-09-03 17:53:10,166 [ERROR] AppliInfo:139 - Unknown STM32CubeMX version: 6.12.0
2026-09-03 17:53:10,167 [ERROR] AppliInfo:139 - Unknown STM32CubeMX version: 6.12.0
2026-09-03 17:53:10,167 [ERROR] AppliInfo:139 - Unknown STM32CubeMX version: 6.12.0
2026-09-03 17:53:10,167 [ERROR] AppliInfo:139 - Unknown STM32CubeMX version: 6.12.0
2026-09-03 17:53:10,167 [ERROR] AppliInfo:139 - Unknown STM32CubeMX version: 6.12.0
2026-09-03 17:53:10,167 [ERROR] AppliInfo:139 - Unknown STM32CubeMX version: 6.12.0
2026-09-03 17:53:10,167 [ERROR] AppliInfo:139 - Unknown STM32CubeMX version: 6.12.0
2026-09-03 17:53:10,167 [ERROR] AppliInfo:139 - Unknown STM32CubeMX version: 6.12.0
2026-09-03 17:53:10,168 [ERROR] AppliInfo:139 - Unknown STM32CubeMX version: 6.12.0
2026-09-03 17:53:10,168 [ERROR] AppliInfo:139 - Unknown STM32CubeMX version: 6.12.0
2026-09-03 17:53:10,168 [ERROR] AppliInfo:139 - Unknown STM32CubeMX version: 6.12.0
2026-09-03 17:53:10,168 [ERROR] AppliInfo:139 - Unknown STM32CubeMX version: 6.12.0
2026-09-03 17:53:10,168 [ERROR] AppliInfo:139 - Unknown STM32CubeMX version: 6.12.0
2026-09-03 17:53:10,168 [ERROR] AppliInfo:139 - Unknown STM32CubeMX version: 6.12.0
2026-09-03 17:53:10,169 [ERROR] AppliInfo:139 - Unknown STM32CubeMX version: 6.12.0
2026-09-03 17:53:10,169 [ERROR] AppliInfo:139 - Unknown STM32CubeMX version: 6.12.0
2026-09-03 17:53:10,169 [ERROR] AppliInfo:139 - Unknown STM32CubeMX version: 6.12.0
2026-09-03 17:53:10,169 [ERROR] AppliInfo:139 - Unknown STM32CubeMX version: 6.12.0
2026-09-03 17:53:10,169 [ERROR] AppliInfo:139 - Unknown STM32CubeMX version: 6.12.0
2026-09-03 17:53:10,169 [ERROR] AppliInfo:139 - Unknown STM32CubeMX version: 6.12.0
2026-09-03 17:53:10,170 [ERROR] AppliInfo:139 - Unknown STM32CubeMX version: 6.12.0
2026-09-03 17:53:10,170 [ERROR] AppliInfo:139 - Unknown STM32CubeMX version: 6.12.0
2026-09-03 17:53:10,170 [ERROR] AppliInfo:139 - Unknown STM32CubeMX version: 6.12.0
2026-09-03 17:53:10,170 [ERROR] AppliInfo:139 - Unknown STM32CubeMX version: 6.12.0
2026-09-03 17:53:10,171 [ERROR] AppliInfo:139 - Unknown STM32CubeMX version: 6.12.0
2026-09-03 17:53:10,171 [ERROR] AppliInfo:139 - Unknown STM32CubeMX version: 6.12.0
2026-09-03 17:53:10,171 [ERROR] AppliInfo:139 - Unknown STM32CubeMX version: 6.12.0
2026-09-03 17:53:10,171 [ERROR] AppliInfo:139 - Unknown STM32CubeMX version: 6.12.0
2026-09-03 17:53:10,171 [ERROR] AppliInfo:139 - Unknown STM32CubeMX version: 6.12.0
2026-09-03 17:53:10,172 [ERROR] AppliInfo:139 - Unknown STM32CubeMX version: 6.12.0
2026-09-03 17:53:10,172 [ERROR] AppliInfo:139 - Unknown STM32CubeMX version: 6.12.0
2026-09-03 17:53:10,172 [ERROR] AppliInfo:139 - Unknown STM32CubeMX version: 6.12.0
2026-09-03 17:53:10,172 [ERROR] AppliInfo:139 - Unknown STM32CubeMX version: 6.12.0
2026-09-03 17:53:10,172 [ERROR] AppliInfo:139 - Unknown STM32CubeMX version: 6.12.0
2026-09-03 17:53:10,172 [ERROR] AppliInfo:139 - Unknown STM32CubeMX version: 6.12.0
2026-09-03 17:53:10,172 [ERROR] AppliInfo:139 - Unknown STM32CubeMX version: 6.12.0
2026-09-03 17:53:10,173 [ERROR] AppliInfo:139 - Unknown STM32CubeMX version: 6.12.0
2026-09-03 17:53:10,173 [ERROR] AppliInfo:139 - Unknown STM32CubeMX version: 6.12.0
2026-09-03 17:53:10,173 [ERROR] AppliInfo:139 - Unknown STM32CubeMX version: 6.12.0
2026-09-03 17:53:10,173 [ERROR] AppliInfo:139 - Unknown STM32CubeMX version: 6.12.0
2026-09-03 17:53:10,173 [ERROR] AppliInfo:139 - Unknown STM32CubeMX version: 6.12.0
2026-09-03 17:53:10,173 [ERROR] AppliInfo:139 - Unknown STM32CubeMX version: 6.12.0
2026-09-03 17:53:10,174 [ERROR] AppliInfo:139 - Unknown STM32CubeMX version: 6.12.0
2026-09-03 17:53:10,174 [ERROR] AppliInfo:139 - Unknown STM32CubeMX version: 6.12.0
2026-09-03 17:53:10,174 [ERROR] AppliInfo:139 - Unknown STM32CubeMX version: 6.12.0
2026-09-03 17:53:10,174 [ERROR] AppliInfo:139 - Unknown STM32CubeMX version: 6.12.0
2026-09-03 17:53:10,174 [ERROR] AppliInfo:139 - Unknown STM32CubeMX version: 6.12.0
2026-09-03 17:53:10,174 [ERROR] AppliInfo:139 - Unknown STM32CubeMX version: 6.12.0
2026-09-03 17:53:10,174 [ERROR] AppliInfo:139 - Unknown STM32CubeMX version: 6.12.0
2026-09-03 17:53:10,175 [ERROR] AppliInfo:139 - Unknown STM32CubeMX version: 6.12.0
2026-09-03 17:53:10,175 [ERROR] AppliInfo:139 - Unknown STM32CubeMX version: 6.12.0
2026-09-03 17:53:10,175 [ERROR] AppliInfo:139 - Unknown STM32CubeMX version: 6.12.0
2026-09-03 17:53:10,175 [ERROR] AppliInfo:139 - Unknown STM32CubeMX version: 6.12.0
2026-09-03 17:53:10,175 [ERROR] AppliInfo:139 - Unknown STM32CubeMX version: 6.12.0
2026-09-03 17:53:10,175 [ERROR] AppliInfo:139 - Unknown STM32CubeMX version: 6.12.0
2026-09-03 17:53:10,176 [ERROR] AppliInfo:139 - Unknown STM32CubeMX version: 6.12.0
2026-09-03 17:53:10,176 [ERROR] AppliInfo:139 - Unknown STM32CubeMX version: 6.12.0
2026-09-03 17:53:10,176 [ERROR] AppliInfo:139 - Unknown STM32CubeMX version: 6.12.0
2026-09-03 17:53:10,176 [ERROR] AppliInfo:139 - Unknown STM32CubeMX version: 6.12.0
2026-09-03 17:53:10,176 [ERROR] AppliInfo:139 - Unknown STM32CubeMX version: 6.12.0
2026-09-03 17:53:10,176 [ERROR] AppliInfo:139 - Unknown STM32CubeMX version: 6.12.0
2026-09-03 17:53:10,176 [ERROR] AppliInfo:139 - Unknown STM32CubeMX version: 6.12.0
2026-09-03 17:53:10,176 [ERROR] AppliInfo:139 - Unknown STM32CubeMX version: 6.12.0
2026-09-03 17:53:10,176 [ERROR] AppliInfo:139 - Unknown STM32CubeMX version: 6.12.0
2026-09-03 17:53:10,176 [ERROR] AppliInfo:139 - Unknown STM32CubeMX version: 6.12.0
2026-09-03 17:53:10,176 [ERROR] AppliInfo:139 - Unknown STM32CubeMX version: 6.12.0
2026-09-03 17:53:10,177 [ERROR] AppliInfo:139 - Unknown STM32CubeMX version: 6.12.0
2026-09-03 17:53:10,177 [ERROR] AppliInfo:139 - Unknown STM32CubeMX version: 6.12.0
2026-09-03 17:53:10,177 [ERROR] AppliInfo:139 - Unknown STM32CubeMX version: 6.12.0
2026-09-03 17:53:10,177 [ERROR] AppliInfo:139 - Unknown STM32CubeMX version: 6.12.0
2026-09-03 17:53:10,177 [ERROR] AppliInfo:139 - Unknown STM32CubeMX version: 6.12.0
2026-09-03 17:53:10,177 [ERROR] AppliInfo:139 - Unknown STM32CubeMX version: 6.12.0
2026-09-03 17:53:10,178 [ERROR] AppliInfo:139 - Unknown STM32CubeMX version: 6.12.0
2026-09-03 17:53:10,178 [ERROR] AppliInfo:139 - Unknown STM32CubeMX version: 6.12.0
2026-09-03 17:53:10,178 [ERROR] AppliInfo:139 - Unknown STM32CubeMX version: 6.12.0
2026-09-03 17:53:10,178 [ERROR] AppliInfo:139 - Unknown STM32CubeMX version: 6.12.0
2026-09-03 17:53:10,178 [ERROR] AppliInfo:139 - Unknown STM32CubeMX version: 6.12.0
2026-09-03 17:53:10,178 [ERROR] AppliInfo:139 - Unknown STM32CubeMX version: 6.12.0
2026-09-03 17:53:10,179 [ERROR] AppliInfo:139 - Unknown STM32CubeMX version: 6.12.0
2026-09-03 17:53:10,179 [ERROR] AppliInfo:139 - Unknown STM32CubeMX version: 6.12.0
2026-09-03 17:53:10,179 [ERROR] AppliInfo:139 - Unknown STM32CubeMX version: 6.12.0
2026-09-03 17:53:10,179 [ERROR] AppliInfo:139 - Unknown STM32CubeMX version: 6.12.0
2026-09-03 17:53:10,179 [ERROR] AppliInfo:139 - Unknown STM32CubeMX version: 6.12.0
2026-09-03 17:53:10,179 [ERROR] AppliInfo:139 - Unknown STM32CubeMX version: 6.12.0
2026-09-03 17:53:10,179 [ERROR] AppliInfo:139 - Unknown STM32CubeMX version: 6.12.0
2026-09-03 17:53:10,179 [ERROR] AppliInfo:139 - Unknown STM32CubeMX version: 6.12.0
2026-09-03 17:53:10,180 [ERROR] AppliInfo:139 - Unknown STM32CubeMX version: 6.12.0
2026-09-03 17:53:10,180 [ERROR] AppliInfo:139 - Unknown STM32CubeMX version: 6.12.0
2026-09-03 17:53:10,180 [ERROR] AppliInfo:139 - Unknown STM32CubeMX version: 6.12.0
2026-09-03 17:53:10,180 [ERROR] AppliInfo:139 - Unknown STM32CubeMX version: 6.12.0
2026-09-03 17:53:10,180 [ERROR] AppliInfo:139 - Unknown STM32CubeMX version: 6.12.0
2026-09-03 17:53:10,180 [ERROR] AppliInfo:139 - Unknown STM32CubeMX version: 6.12.0
2026-09-03 17:53:10,180 [ERROR] AppliInfo:139 - Unknown STM32CubeMX version: 6.12.0
2026-09-03 17:53:10,181 [ERROR] AppliInfo:139 - Unknown STM32CubeMX version: 6.12.0
2026-09-03 17:53:10,181 [ERROR] AppliInfo:139 - Unknown STM32CubeMX version: 6.12.0
2026-09-03 17:53:10,181 [ERROR] AppliInfo:139 - Unknown STM32CubeMX version: 6.12.0
2026-09-03 17:53:10,181 [ERROR] AppliInfo:139 - Unknown STM32CubeMX version: 6.13.0
2026-09-03 17:53:10,181 [ERROR] AppliInfo:139 - Unknown STM32CubeMX version: 6.13.0
2026-09-03 17:53:10,181 [ERROR] AppliInfo:139 - Unknown STM32CubeMX version: 6.13.0
2026-09-03 17:53:10,181 [ERROR] AppliInfo:139 - Unknown STM32CubeMX version: 6.13.0
2026-09-03 17:53:10,181 [ERROR] AppliInfo:139 - Unknown STM32CubeMX version: 6.13.0
2026-09-03 17:53:10,181 [ERROR] AppliInfo:139 - Unknown STM32CubeMX version: 6.13.0
2026-09-03 17:53:10,182 [ERROR] AppliInfo:139 - Unknown STM32CubeMX version: 6.13.0
2026-09-03 17:53:10,182 [ERROR] AppliInfo:139 - Unknown STM32CubeMX version: 6.13.0
2026-09-03 17:53:10,182 [ERROR] AppliInfo:139 - Unknown STM32CubeMX version: 6.13.0
2026-09-03 17:53:10,182 [ERROR] AppliInfo:139 - Unknown STM32CubeMX version: 6.13.0
2026-09-03 17:53:10,182 [ERROR] AppliInfo:139 - Unknown STM32CubeMX version: 6.13.0
2026-09-03 17:53:10,182 [ERROR] AppliInfo:139 - Unknown STM32CubeMX version: 6.13.0
2026-09-03 17:53:10,182 [ERROR] AppliInfo:139 - Unknown STM32CubeMX version: 6.13.0
2026-09-03 17:53:10,183 [ERROR] AppliInfo:139 - Unknown STM32CubeMX version: 6.13.0
2026-09-03 17:53:10,183 [ERROR] AppliInfo:139 - Unknown STM32CubeMX version: 6.13.0
2026-09-03 17:53:10,183 [ERROR] AppliInfo:139 - Unknown STM32CubeMX version: 6.13.0
2026-09-03 17:53:10,183 [ERROR] AppliInfo:139 - Unknown STM32CubeMX version: 6.13.0
2026-09-03 17:53:10,184 [ERROR] AppliInfo:139 - Unknown STM32CubeMX version: 6.13.0
2026-09-03 17:53:10,184 [ERROR] AppliInfo:139 - Unknown STM32CubeMX version: 6.13.0
2026-09-03 17:53:10,184 [ERROR] AppliInfo:139 - Unknown STM32CubeMX version: 6.13.0
2026-09-03 17:53:10,184 [ERROR] AppliInfo:139 - Unknown STM32CubeMX version: 6.13.0
2026-09-03 17:53:10,184 [ERROR] AppliInfo:139 - Unknown STM32CubeMX version: 6.13.0
2026-09-03 17:53:10,184 [ERROR] AppliInfo:139 - Unknown STM32CubeMX version: 6.13.0
2026-09-03 17:53:10,184 [ERROR] AppliInfo:139 - Unknown STM32CubeMX version: 6.13.0
2026-09-03 17:53:10,184 [ERROR] AppliInfo:139 - Unknown STM32CubeMX version: 6.13.0
2026-09-03 17:53:10,184 [ERROR] AppliInfo:139 - Unknown STM32CubeMX version: 6.13.0
2026-09-03 17:53:10,185 [ERROR] AppliInfo:139 - Unknown STM32CubeMX version: 6.13.0
2026-09-03 17:53:10,185 [ERROR] AppliInfo:139 - Unknown STM32CubeMX version: 6.13.0
2026-09-03 17:53:10,185 [ERROR] AppliInfo:139 - Unknown STM32CubeMX version: 6.15.0
2026-09-03 17:53:10,185 [ERROR] AppliInfo:139 - Unknown STM32CubeMX version: 6.15.0
2026-09-03 17:53:10,185 [ERROR] AppliInfo:139 - Unknown STM32CubeMX version: 6.15.0
2026-09-03 17:53:10,185 [ERROR] AppliInfo:139 - Unknown STM32CubeMX version: 6.15.0
2026-09-03 17:53:10,185 [ERROR] AppliInfo:139 - Unknown STM32CubeMX version: 6.15.0
2026-09-03 17:53:10,185 [ERROR] AppliInfo:139 - Unknown STM32CubeMX version: 6.15.0
2026-09-03 17:53:10,185 [ERROR] AppliInfo:139 - Unknown STM32CubeMX version: 6.15.0
2026-09-03 17:53:10,185 [ERROR] AppliInfo:139 - Unknown STM32CubeMX version: 6.13.0
2026-09-03 17:53:10,186 [ERROR] AppliInfo:139 - Unknown STM32CubeMX version: 6.13.0
2026-09-03 17:53:10,186 [ERROR] AppliInfo:139 - Unknown STM32CubeMX version: 6.13.0
2026-09-03 17:53:10,186 [ERROR] AppliInfo:139 - Unknown STM32CubeMX version: 6.13.0
2026-09-03 17:53:10,187 [ERROR] AppliInfo:139 - Unknown STM32CubeMX version: 6.13.0
2026-09-03 17:53:10,187 [ERROR] AppliInfo:139 - Unknown STM32CubeMX version: 6.13.0
2026-09-03 17:53:10,187 [ERROR] AppliInfo:139 - Unknown STM32CubeMX version: 6.13.0
2026-09-03 17:53:10,188 [ERROR] AppliInfo:139 - Unknown STM32CubeMX version: 6.13.0
2026-09-03 17:53:10,188 [ERROR] AppliInfo:139 - Unknown STM32CubeMX version: 6.13.0
2026-09-03 17:53:10,188 [ERROR] AppliInfo:139 - Unknown STM32CubeMX version: 6.13.0
2026-09-03 17:53:10,188 [ERROR] AppliInfo:139 - Unknown STM32CubeMX version: 6.13.0
2026-09-03 17:53:10,188 [ERROR] AppliInfo:139 - Unknown STM32CubeMX version: 6.13.0
2026-09-03 17:53:10,188 [ERROR] AppliInfo:139 - Unknown STM32CubeMX version: 6.13.0
2026-09-03 17:53:10,188 [ERROR] AppliInfo:139 - Unknown STM32CubeMX version: 6.13.0
2026-09-03 17:53:10,188 [ERROR] AppliInfo:139 - Unknown STM32CubeMX version: 6.13.0
2026-09-03 17:53:10,189 [ERROR] AppliInfo:139 - Unknown STM32CubeMX version: 6.13.0
2026-09-03 17:53:10,189 [ERROR] AppliInfo:139 - Unknown STM32CubeMX version: 6.13.0
2026-09-03 17:53:10,189 [ERROR] AppliInfo:139 - Unknown STM32CubeMX version: 6.13.0
2026-09-03 17:53:10,189 [ERROR] AppliInfo:139 - Unknown STM32CubeMX version: 6.13.0
2026-09-03 17:53:10,189 [ERROR] AppliInfo:139 - Unknown STM32CubeMX version: 6.13.0
2026-09-03 17:53:10,189 [ERROR] AppliInfo:139 - Unknown STM32CubeMX version: 6.13.0
2026-09-03 17:53:10,190 [ERROR] AppliInfo:139 - Unknown STM32CubeMX version: 6.13.0
2026-09-03 17:53:10,190 [ERROR] AppliInfo:139 - Unknown STM32CubeMX version: 6.13.0
2026-09-03 17:53:10,190 [ERROR] AppliInfo:139 - Unknown STM32CubeMX version: 6.13.0
2026-09-03 17:53:10,190 [ERROR] AppliInfo:139 - Unknown STM32CubeMX version: 6.14.0
2026-09-03 17:53:10,190 [ERROR] AppliInfo:139 - Unknown STM32CubeMX version: 6.14.0
2026-09-03 17:53:10,190 [ERROR] AppliInfo:139 - Unknown STM32CubeMX version: 6.14.0
2026-09-03 17:53:10,190 [ERROR] AppliInfo:139 - Unknown STM32CubeMX version: 6.14.0
2026-09-03 17:53:10,190 [ERROR] AppliInfo:139 - Unknown STM32CubeMX version: 6.14.0
2026-09-03 17:53:10,191 [ERROR] AppliInfo:139 - Unknown STM32CubeMX version: 6.14.0
2026-09-03 17:53:10,191 [ERROR] AppliInfo:139 - Unknown STM32CubeMX version: 6.14.0
2026-09-03 17:53:10,191 [ERROR] AppliInfo:139 - Unknown STM32CubeMX version: 6.14.0
2026-09-03 17:53:10,191 [ERROR] AppliInfo:139 - Unknown STM32CubeMX version: 6.14.0
2026-09-03 17:53:10,191 [ERROR] AppliInfo:139 - Unknown STM32CubeMX version: 6.14.0
2026-09-03 17:53:10,191 [ERROR] AppliInfo:139 - Unknown STM32CubeMX version: 6.14.0
2026-09-03 17:53:10,192 [ERROR] AppliInfo:139 - Unknown STM32CubeMX version: 6.14.0
2026-09-03 17:53:10,192 [ERROR] AppliInfo:139 - Unknown STM32CubeMX version: 6.14.0
2026-09-03 17:53:10,192 [ERROR] AppliInfo:139 - Unknown STM32CubeMX version: 6.14.0
2026-09-03 17:53:10,192 [ERROR] AppliInfo:139 - Unknown STM32CubeMX version: 6.14.0
2026-09-03 17:53:10,192 [ERROR] AppliInfo:139 - Unknown STM32CubeMX version: 6.14.0
2026-09-03 17:53:10,192 [ERROR] AppliInfo:139 - Unknown STM32CubeMX version: 6.14.0
2026-09-03 17:53:10,192 [ERROR] AppliInfo:139 - Unknown STM32CubeMX version: 6.14.0
2026-09-03 17:53:10,192 [ERROR] AppliInfo:139 - Unknown STM32CubeMX version: 6.14.0
2026-09-03 17:53:10,193 [ERROR] AppliInfo:139 - Unknown STM32CubeMX version: 6.14.0
2026-09-03 17:53:10,193 [ERROR] AppliInfo:139 - Unknown STM32CubeMX version: 6.14.0
2026-09-03 17:53:10,193 [ERROR] AppliInfo:139 - Unknown STM32CubeMX version: 6.14.0
2026-09-03 17:53:10,193 [ERROR] AppliInfo:139 - Unknown STM32CubeMX version: 6.14.0
2026-09-03 17:53:10,193 [ERROR] AppliInfo:139 - Unknown STM32CubeMX version: 6.14.0
2026-09-03 17:53:10,193 [ERROR] AppliInfo:139 - Unknown STM32CubeMX version: 6.14.0
2026-09-03 17:53:10,193 [ERROR] AppliInfo:139 - Unknown STM32CubeMX version: 6.14.0
2026-09-03 17:53:10,193 [ERROR] AppliInfo:139 - Unknown STM32CubeMX version: 6.14.0
2026-09-03 17:53:10,194 [ERROR] AppliInfo:139 - Unknown STM32CubeMX version: 6.14.0
2026-09-03 17:53:10,194 [ERROR] AppliInfo:139 - Unknown STM32CubeMX version: 6.14.0
2026-09-03 17:53:10,194 [ERROR] AppliInfo:139 - Unknown STM32CubeMX version: 6.14.0
2026-09-03 17:53:10,194 [ERROR] AppliInfo:139 - Unknown STM32CubeMX version: 6.14.0
2026-09-03 17:53:10,194 [ERROR] AppliInfo:139 - Unknown STM32CubeMX version: 6.14.0
2026-09-03 17:53:10,195 [ERROR] AppliInfo:139 - Unknown STM32CubeMX version: 6.14.0
2026-09-03 17:53:10,195 [ERROR] AppliInfo:139 - Unknown STM32CubeMX version: 6.14.0
2026-09-03 17:53:10,195 [ERROR] AppliInfo:139 - Unknown STM32CubeMX version: 6.14.0
2026-09-03 17:53:10,195 [ERROR] AppliInfo:139 - Unknown STM32CubeMX version: 6.14.0
2026-09-03 17:53:10,195 [ERROR] AppliInfo:139 - Unknown STM32CubeMX version: 6.14.0
2026-09-03 17:53:10,195 [ERROR] AppliInfo:139 - Unknown STM32CubeMX version: 6.14.0
2026-09-03 17:53:10,195 [ERROR] AppliInfo:139 - Unknown STM32CubeMX version: 6.14.0
2026-09-03 17:53:10,196 [ERROR] AppliInfo:139 - Unknown STM32CubeMX version: 6.14.0
2026-09-03 17:53:10,196 [ERROR] AppliInfo:139 - Unknown STM32CubeMX version: 6.14.0
2026-09-03 17:53:10,196 [ERROR] AppliInfo:139 - Unknown STM32CubeMX version: 6.14.0
2026-09-03 17:53:10,196 [ERROR] AppliInfo:139 - Unknown STM32CubeMX version: 6.14.0
2026-09-03 17:53:10,196 [ERROR] AppliInfo:139 - Unknown STM32CubeMX version: 6.14.0
2026-09-03 17:53:10,196 [ERROR] AppliInfo:139 - Unknown STM32CubeMX version: 6.14.0
2026-09-03 17:53:10,196 [ERROR] AppliInfo:139 - Unknown STM32CubeMX version: 6.14.0
2026-09-03 17:53:10,197 [ERROR] AppliInfo:139 - Unknown STM32CubeMX version: 6.14.0
2026-09-03 17:53:10,197 [ERROR] AppliInfo:139 - Unknown STM32CubeMX version: 6.14.0
2026-09-03 17:53:10,197 [ERROR] AppliInfo:139 - Unknown STM32CubeMX version: 6.14.0
2026-09-03 17:53:10,197 [ERROR] AppliInfo:139 - Unknown STM32CubeMX version: 6.14.0
2026-09-03 17:53:10,197 [ERROR] AppliInfo:139 - Unknown STM32CubeMX version: 6.14.0
2026-09-03 17:53:10,197 [ERROR] AppliInfo:139 - Unknown STM32CubeMX version: 6.14.0
2026-09-03 17:53:10,197 [ERROR] AppliInfo:139 - Unknown STM32CubeMX version: 6.14.0
2026-09-03 17:53:10,197 [ERROR] AppliInfo:139 - Unknown STM32CubeMX version: 6.14.0
2026-09-03 17:53:10,197 [ERROR] AppliInfo:139 - Unknown STM32CubeMX version: 6.14.0
2026-09-03 17:53:10,198 [ERROR] AppliInfo:139 - Unknown STM32CubeMX version: 6.14.0
2026-09-03 17:53:10,198 [ERROR] AppliInfo:139 - Unknown STM32CubeMX version: 6.14.0
2026-09-03 17:53:10,198 [ERROR] AppliInfo:139 - Unknown STM32CubeMX version: 6.14.0
2026-09-03 17:53:10,198 [ERROR] AppliInfo:139 - Unknown STM32CubeMX version: 6.14.0
2026-09-03 17:53:10,198 [ERROR] AppliInfo:139 - Unknown STM32CubeMX version: 6.12.0
2026-09-03 17:53:10,198 [ERROR] AppliInfo:139 - Unknown STM32CubeMX version: 6.13.0
2026-09-03 17:53:10,198 [ERROR] AppliInfo:139 - Unknown STM32CubeMX version: 6.17.0
2026-09-03 17:53:10,198 [ERROR] AppliInfo:139 - Unknown STM32CubeMX version: 6.12.0
2026-09-03 17:53:10,472 [ERROR] AppliInfo:139 - Unknown STM32CubeMX version: 6.15.0
2026-09-03 17:53:10,472 [ERROR] AppliInfo:139 - Unknown STM32CubeMX version: 6.15.0
2026-09-03 17:53:10,472 [ERROR] AppliInfo:139 - Unknown STM32CubeMX version: 6.15.0
2026-09-03 17:53:10,473 [ERROR] AppliInfo:139 - Unknown STM32CubeMX version: 6.15.0
2026-09-03 17:53:10,561 [ERROR] AppliInfo:139 - Unknown STM32CubeMX version: 6.12.0
2026-09-03 17:53:10,626 [ERROR] AppliInfo:139 - Unknown STM32CubeMX version: 6.12.0
2026-09-03 17:53:10,626 [ERROR] AppliInfo:139 - Unknown STM32CubeMX version: 6.12.0
2026-09-03 17:53:10,629 [ERROR] AppliInfo:139 - Unknown STM32CubeMX version: 6.15.0
2026-09-03 17:53:10,629 [ERROR] AppliInfo:139 - Unknown STM32CubeMX version: 6.15.0
2026-09-03 17:53:10,629 [ERROR] AppliInfo:139 - Unknown STM32CubeMX version: 6.15.0
2026-09-03 17:53:10,629 [ERROR] AppliInfo:139 - Unknown STM32CubeMX version: 6.15.0
2026-09-03 17:53:10,646 [ERROR] AppliInfo:139 - Unknown STM32CubeMX version: 6.15.0
2026-09-03 17:53:10,646 [ERROR] AppliInfo:139 - Unknown STM32CubeMX version: 6.15.0
2026-09-03 17:53:10,657 [ERROR] AppliInfo:139 - Unknown STM32CubeMX version: 6.18.0
2026-09-03 17:53:10,662 [ERROR] AppliInfo:139 - Unknown STM32CubeMX version: 6.14.0
2026-09-03 17:53:10,662 [ERROR] AppliInfo:139 - Unknown STM32CubeMX version: 6.14.0
2026-09-03 17:53:10,663 [ERROR] AppliInfo:139 - Unknown STM32CubeMX version: 6.14.0
2026-09-03 17:53:10,663 [ERROR] AppliInfo:139 - Unknown STM32CubeMX version: 6.14.0
2026-09-03 17:53:10,663 [ERROR] AppliInfo:139 - Unknown STM32CubeMX version: 6.18.0
2026-09-03 17:53:10,664 [ERROR] AppliInfo:139 - Unknown STM32CubeMX version: 6.18.0
2026-09-03 17:53:10,664 [ERROR] AppliInfo:139 - Unknown STM32CubeMX version: 6.14.0
2026-09-03 17:53:10,666 [ERROR] AppliInfo:139 - Unknown STM32CubeMX version: 6.18.0
2026-09-03 17:53:10,667 [ERROR] AppliInfo:139 - Unknown STM32CubeMX version: 6.18.0
2026-09-03 17:53:10,667 [ERROR] AppliInfo:139 - Unknown STM32CubeMX version: 6.18.0
2026-09-03 17:53:10,667 [ERROR] AppliInfo:139 - Unknown STM32CubeMX version: 6.18.0
2026-09-03 17:53:10,667 [ERROR] AppliInfo:139 - Unknown STM32CubeMX version: 6.18.0
2026-09-03 17:53:10,668 [ERROR] AppliInfo:139 - Unknown STM32CubeMX version: 6.18.0
2026-09-03 17:53:10,668 [ERROR] AppliInfo:139 - Unknown STM32CubeMX version: 6.18.0
2026-09-03 17:53:10,668 [ERROR] AppliInfo:139 - Unknown STM32CubeMX version: 6.18.0
2026-09-03 17:53:10,669 [ERROR] AppliInfo:139 - Unknown STM32CubeMX version: 6.14.0
2026-09-03 17:53:10,675 [ERROR] AppliInfo:139 - Unknown STM32CubeMX version: 6.14.0
2026-09-03 17:53:10,675 [ERROR] AppliInfo:139 - Unknown STM32CubeMX version: 6.14.0
2026-09-03 17:53:10,676 [ERROR] AppliInfo:139 - Unknown STM32CubeMX version: 6.18.0
2026-09-03 17:53:10,676 [ERROR] AppliInfo:139 - Unknown STM32CubeMX version: 6.18.0
2026-09-03 17:53:10,679 [ERROR] AppliInfo:139 - Unknown STM32CubeMX version: 6.18.0
2026-09-03 17:53:10,679 [ERROR] AppliInfo:139 - Unknown STM32CubeMX version: 6.18.0
2026-09-03 17:53:10,679 [ERROR] AppliInfo:139 - Unknown STM32CubeMX version: 6.18.0
2026-09-03 17:53:10,679 [ERROR] AppliInfo:139 - Unknown STM32CubeMX version: 6.18.0
2026-09-03 17:53:10,680 [ERROR] AppliInfo:139 - Unknown STM32CubeMX version: 6.18.0
2026-09-03 17:53:10,680 [ERROR] AppliInfo:139 - Unknown STM32CubeMX version: 6.18.0
2026-09-03 17:53:10,680 [ERROR] AppliInfo:139 - Unknown STM32CubeMX version: 6.18.0
2026-09-03 17:53:10,680 [ERROR] AppliInfo:139 - Unknown STM32CubeMX version: 6.18.0
2026-09-03 17:53:10,681 [ERROR] AppliInfo:139 - Unknown STM32CubeMX version: 6.18.0
2026-09-03 17:53:10,681 [ERROR] AppliInfo:139 - Unknown STM32CubeMX version: 6.18.0
2026-09-03 17:53:10,681 [ERROR] AppliInfo:139 - Unknown STM32CubeMX version: 6.18.0
2026-09-03 17:53:10,681 [ERROR] AppliInfo:139 - Unknown STM32CubeMX version: 6.18.0
2026-09-03 17:53:10,682 [ERROR] AppliInfo:139 - Unknown STM32CubeMX version: 6.18.0
2026-09-03 17:53:10,682 [ERROR] AppliInfo:139 - Unknown STM32CubeMX version: 6.18.0
2026-09-03 17:53:10,682 [ERROR] AppliInfo:139 - Unknown STM32CubeMX version: 6.18.0
2026-09-03 17:53:10,682 [ERROR] AppliInfo:139 - Unknown STM32CubeMX version: 6.18.0
2026-09-03 17:53:10,683 [ERROR] AppliInfo:139 - Unknown STM32CubeMX version: 6.18.0
2026-09-03 17:53:10,683 [ERROR] AppliInfo:139 - Unknown STM32CubeMX version: 6.18.0
2026-09-03 17:53:10,683 [ERROR] AppliInfo:139 - Unknown STM32CubeMX version: 6.18.0
2026-09-03 17:53:10,683 [ERROR] AppliInfo:139 - Unknown STM32CubeMX version: 6.18.0
2026-09-03 17:53:10,684 [ERROR] AppliInfo:139 - Unknown STM32CubeMX version: 6.18.0
2026-09-03 17:53:10,687 [ERROR] AppliInfo:139 - Unknown STM32CubeMX version: 6.14.0
2026-09-03 17:53:10,688 [ERROR] AppliInfo:139 - Unknown STM32CubeMX version: 6.14.0
2026-09-03 17:53:10,688 [ERROR] AppliInfo:139 - Unknown STM32CubeMX version: 6.14.0
2026-09-03 17:53:10,699 [ERROR] AppliInfo:139 - Unknown STM32CubeMX version: 6.18.0
2026-09-03 17:53:10,700 [ERROR] AppliInfo:139 - Unknown STM32CubeMX version: 6.18.0
2026-09-03 17:53:10,700 [ERROR] AppliInfo:139 - Unknown STM32CubeMX version: 6.18.0
2026-09-03 17:53:10,701 [ERROR] AppliInfo:139 - Unknown STM32CubeMX version: 6.18.0
2026-09-03 17:53:10,701 [ERROR] AppliInfo:139 - Unknown STM32CubeMX version: 6.14.0
2026-09-03 17:53:10,702 [ERROR] AppliInfo:139 - Unknown STM32CubeMX version: 6.18.0
2026-09-03 17:53:10,702 [ERROR] AppliInfo:139 - Unknown STM32CubeMX version: 6.18.0
2026-09-03 17:53:10,703 [ERROR] AppliInfo:139 - Unknown STM32CubeMX version: 6.17.0
2026-09-03 17:53:10,705 [ERROR] AppliInfo:139 - Unknown STM32CubeMX version: 6.18.0
2026-09-03 17:53:10,705 [ERROR] AppliInfo:139 - Unknown STM32CubeMX version: 6.18.0
2026-09-03 17:53:10,705 [ERROR] AppliInfo:139 - Unknown STM32CubeMX version: 6.18.0
2026-09-03 17:53:10,706 [ERROR] AppliInfo:139 - Unknown STM32CubeMX version: 6.13.0
2026-09-03 17:53:10,708 [ERROR] AppliInfo:139 - Unknown STM32CubeMX version: 6.18.0
2026-09-03 17:53:10,709 [ERROR] AppliInfo:139 - Unknown STM32CubeMX version: 6.17.0
2026-09-03 17:53:10,710 [ERROR] AppliInfo:139 - Unknown STM32CubeMX version: 6.12.0
2026-09-03 17:53:10,710 [ERROR] AppliInfo:139 - Unknown STM32CubeMX version: 6.12.0
2026-09-03 17:53:10,710 [ERROR] AppliInfo:139 - Unknown STM32CubeMX version: 6.12.0
2026-09-03 17:53:10,713 [ERROR] AppliInfo:139 - Unknown STM32CubeMX version: 6.13.0
2026-09-03 17:53:10,715 [ERROR] AppliInfo:139 - Unknown STM32CubeMX version: 6.18.0
2026-09-03 17:53:10,716 [ERROR] AppliInfo:139 - Unknown STM32CubeMX version: 6.18.0
2026-09-03 17:53:10,716 [ERROR] AppliInfo:139 - Unknown STM32CubeMX version: 6.18.0
2026-09-03 17:53:10,716 [ERROR] AppliInfo:139 - Unknown STM32CubeMX version: 6.18.0
2026-09-03 17:53:10,716 [ERROR] AppliInfo:139 - Unknown STM32CubeMX version: 6.13.0
2026-09-03 17:53:10,717 [ERROR] AppliInfo:139 - Unknown STM32CubeMX version: 6.13.0
2026-09-03 17:53:10,717 [ERROR] AppliInfo:139 - Unknown STM32CubeMX version: 6.18.0
2026-09-03 17:53:10,717 [ERROR] AppliInfo:139 - Unknown STM32CubeMX version: 6.17.0
2026-09-03 17:53:10,718 [ERROR] AppliInfo:139 - Unknown STM32CubeMX version: 6.17.0
2026-09-03 17:53:10,718 [ERROR] AppliInfo:139 - Unknown STM32CubeMX version: 6.17.0
2026-09-03 17:53:10,718 [ERROR] AppliInfo:139 - Unknown STM32CubeMX version: 6.17.0
2026-09-03 17:53:10,718 [ERROR] AppliInfo:139 - Unknown STM32CubeMX version: 6.17.0
2026-09-03 17:53:10,719 [ERROR] AppliInfo:139 - Unknown STM32CubeMX version: 6.18.0
2026-09-03 17:53:10,719 [ERROR] AppliInfo:139 - Unknown STM32CubeMX version: 6.18.0
2026-09-03 17:53:10,719 [ERROR] AppliInfo:139 - Unknown STM32CubeMX version: 6.18.0
2026-09-03 17:53:10,719 [ERROR] AppliInfo:139 - Unknown STM32CubeMX version: 6.17.0
2026-09-03 17:53:10,720 [ERROR] AppliInfo:139 - Unknown STM32CubeMX version: 6.17.0
2026-09-03 17:53:10,720 [ERROR] AppliInfo:139 - Unknown STM32CubeMX version: 6.17.0
2026-09-03 17:53:10,720 [ERROR] AppliInfo:139 - Unknown STM32CubeMX version: 6.17.0
2026-09-03 17:53:10,720 [ERROR] AppliInfo:139 - Unknown STM32CubeMX version: 6.17.0
2026-09-03 17:53:10,720 [ERROR] AppliInfo:139 - Unknown STM32CubeMX version: 6.17.0
2026-09-03 17:53:10,721 [ERROR] AppliInfo:139 - Unknown STM32CubeMX version: 6.17.0
2026-09-03 17:53:10,721 [ERROR] AppliInfo:139 - Unknown STM32CubeMX version: 6.17.0
2026-09-03 17:53:10,721 [ERROR] AppliInfo:139 - Unknown STM32CubeMX version: 6.17.0
2026-09-03 17:53:10,721 [ERROR] AppliInfo:139 - Unknown STM32CubeMX version: 6.17.0
2026-09-03 17:53:10,721 [ERROR] AppliInfo:139 - Unknown STM32CubeMX version: 6.17.0
2026-09-03 17:53:10,721 [ERROR] AppliInfo:139 - Unknown STM32CubeMX version: 6.17.0
2026-09-03 17:53:10,721 [ERROR] AppliInfo:139 - Unknown STM32CubeMX version: 6.17.0
2026-09-03 17:53:10,722 [ERROR] AppliInfo:139 - Unknown STM32CubeMX version: 6.17.0
2026-09-03 17:53:10,722 [ERROR] AppliInfo:139 - Unknown STM32CubeMX version: 6.17.0
2026-09-03 17:53:10,722 [ERROR] AppliInfo:139 - Unknown STM32CubeMX version: 6.17.0
2026-09-03 17:53:10,723 [ERROR] AppliInfo:139 - Unknown STM32CubeMX version: 6.17.0
2026-09-03 17:53:10,723 [ERROR] AppliInfo:139 - Unknown STM32CubeMX version: 6.17.0
2026-09-03 17:53:10,723 [ERROR] AppliInfo:139 - Unknown STM32CubeMX version: 6.17.0
2026-09-03 17:53:10,723 [ERROR] AppliInfo:139 - Unknown STM32CubeMX version: 6.17.0
2026-09-03 17:53:10,723 [ERROR] AppliInfo:139 - Unknown STM32CubeMX version: 6.17.0
2026-09-03 17:53:10,724 [ERROR] AppliInfo:139 - Unknown STM32CubeMX version: 6.17.0
2026-09-03 17:53:10,724 [ERROR] AppliInfo:139 - Unknown STM32CubeMX version: 6.17.0
2026-09-03 17:53:10,724 [ERROR] AppliInfo:139 - Unknown STM32CubeMX version: 6.17.0
2026-09-03 17:53:10,724 [ERROR] AppliInfo:139 - Unknown STM32CubeMX version: 6.17.0
2026-09-03 17:53:10,725 [ERROR] AppliInfo:139 - Unknown STM32CubeMX version: 6.17.0
2026-09-03 17:53:10,725 [ERROR] AppliInfo:139 - Unknown STM32CubeMX version: 6.17.0
2026-09-03 17:53:10,725 [ERROR] AppliInfo:139 - Unknown STM32CubeMX version: 6.17.0
2026-09-03 17:53:10,725 [ERROR] AppliInfo:139 - Unknown STM32CubeMX version: 6.17.0
2026-09-03 17:53:10,726 [ERROR] AppliInfo:139 - Unknown STM32CubeMX version: 6.17.0
2026-09-03 17:53:10,726 [ERROR] AppliInfo:139 - Unknown STM32CubeMX version: 6.17.0
2026-09-03 17:53:10,726 [ERROR] AppliInfo:139 - Unknown STM32CubeMX version: 6.17.0
2026-09-03 17:53:10,726 [ERROR] AppliInfo:139 - Unknown STM32CubeMX version: 6.17.0
2026-09-03 17:53:10,726 [ERROR] AppliInfo:139 - Unknown STM32CubeMX version: 6.17.0
2026-09-03 17:53:10,726 [ERROR] AppliInfo:139 - Unknown STM32CubeMX version: 6.18.0
2026-09-03 17:53:10,727 [ERROR] AppliInfo:139 - Unknown STM32CubeMX version: 6.18.0
2026-09-03 17:53:10,734 [ERROR] AppliInfo:139 - Unknown STM32CubeMX version: 6.18.0
2026-09-03 17:53:10,734 [ERROR] AppliInfo:139 - Unknown STM32CubeMX version: 6.18.0
2026-09-03 17:53:10,735 [ERROR] AppliInfo:139 - Unknown STM32CubeMX version: 6.18.0
2026-09-03 17:53:10,735 [ERROR] AppliInfo:139 - Unknown STM32CubeMX version: 6.18.0
2026-09-03 17:53:10,736 [ERROR] AppliInfo:139 - Unknown STM32CubeMX version: 6.18.0
2026-09-03 17:53:10,736 [ERROR] AppliInfo:139 - Unknown STM32CubeMX version: 6.18.0
2026-09-03 17:53:10,736 [ERROR] AppliInfo:139 - Unknown STM32CubeMX version: 6.17.0
2026-09-03 17:53:10,736 [ERROR] AppliInfo:139 - Unknown STM32CubeMX version: 6.17.0
2026-09-03 17:53:10,736 [ERROR] AppliInfo:139 - Unknown STM32CubeMX version: 6.17.0
2026-09-03 17:53:10,737 [ERROR] AppliInfo:139 - Unknown STM32CubeMX version: 6.17.0
2026-09-03 17:53:10,737 [ERROR] AppliInfo:139 - Unknown STM32CubeMX version: 6.17.0
2026-09-03 17:53:10,737 [ERROR] AppliInfo:139 - Unknown STM32CubeMX version: 6.17.0
2026-09-03 17:53:10,737 [ERROR] AppliInfo:139 - Unknown STM32CubeMX version: 6.17.0
2026-09-03 17:53:10,738 [ERROR] AppliInfo:139 - Unknown STM32CubeMX version: 6.17.0
2026-09-03 17:53:10,738 [ERROR] AppliInfo:139 - Unknown STM32CubeMX version: 6.18.0
2026-09-03 17:53:10,738 [ERROR] AppliInfo:139 - Unknown STM32CubeMX version: 6.17.0
2026-09-03 17:53:10,738 [ERROR] AppliInfo:139 - Unknown STM32CubeMX version: 6.17.0
2026-09-03 17:53:10,739 [ERROR] AppliInfo:139 - Unknown STM32CubeMX version: 6.17.0
2026-09-03 17:53:10,739 [ERROR] AppliInfo:139 - Unknown STM32CubeMX version: 6.17.0
2026-09-03 17:53:10,739 [ERROR] AppliInfo:139 - Unknown STM32CubeMX version: 6.17.0
2026-09-03 17:53:10,739 [ERROR] AppliInfo:139 - Unknown STM32CubeMX version: 6.17.0
2026-09-03 17:53:10,740 [ERROR] AppliInfo:139 - Unknown STM32CubeMX version: 6.17.0
2026-09-03 17:53:10,740 [ERROR] AppliInfo:139 - Unknown STM32CubeMX version: 6.17.0
2026-09-03 17:53:10,745 [ERROR] AppliInfo:139 - Unknown STM32CubeMX version: 6.17.0
2026-09-03 17:53:10,745 [ERROR] AppliInfo:139 - Unknown STM32CubeMX version: 6.17.0
2026-09-03 17:53:10,746 [ERROR] AppliInfo:139 - Unknown STM32CubeMX version: 6.17.0
2026-09-03 17:53:10,746 [ERROR] AppliInfo:139 - Unknown STM32CubeMX version: 6.17.0
2026-09-03 17:53:10,746 [ERROR] AppliInfo:139 - Unknown STM32CubeMX version: 6.17.0
2026-09-03 17:53:10,746 [ERROR] AppliInfo:139 - Unknown STM32CubeMX version: 6.17.0
2026-09-03 17:53:10,747 [ERROR] AppliInfo:139 - Unknown STM32CubeMX version: 6.17.0
2026-09-03 17:53:10,748 [ERROR] AppliInfo:139 - Unknown STM32CubeMX version: 6.18.0
2026-09-03 17:53:10,748 [ERROR] AppliInfo:139 - Unknown STM32CubeMX version: 6.18.0
2026-09-03 17:53:10,748 [ERROR] AppliInfo:139 - Unknown STM32CubeMX version: 6.18.0
2026-09-03 17:53:10,748 [ERROR] AppliInfo:139 - Unknown STM32CubeMX version: 6.18.0
2026-09-03 17:53:10,749 [ERROR] AppliInfo:139 - Unknown STM32CubeMX version: 6.18.0
2026-09-03 17:53:10,749 [ERROR] AppliInfo:139 - Unknown STM32CubeMX version: 6.18.0
2026-09-03 17:53:10,749 [ERROR] AppliInfo:139 - Unknown STM32CubeMX version: 6.18.0
2026-09-03 17:53:10,749 [ERROR] AppliInfo:139 - Unknown STM32CubeMX version: 6.18.0
2026-09-03 17:53:10,749 [ERROR] AppliInfo:139 - Unknown STM32CubeMX version: 6.18.0
2026-09-03 17:53:10,749 [ERROR] AppliInfo:139 - Unknown STM32CubeMX version: 6.18.0
2026-09-03 17:53:10,749 [ERROR] AppliInfo:139 - Unknown STM32CubeMX version: 6.18.0
2026-09-03 17:53:10,749 [ERROR] AppliInfo:139 - Unknown STM32CubeMX version: 6.18.0
2026-09-03 17:53:10,749 [ERROR] AppliInfo:139 - Unknown STM32CubeMX version: 6.18.0
2026-09-03 17:53:10,750 [ERROR] AppliInfo:139 - Unknown STM32CubeMX version: 6.18.0
2026-09-03 17:53:10,750 [ERROR] AppliInfo:139 - Unknown STM32CubeMX version: 6.18.0
2026-09-03 17:53:10,750 [ERROR] AppliInfo:139 - Unknown STM32CubeMX version: 6.18.0
2026-09-03 17:53:10,750 [ERROR] AppliInfo:139 - Unknown STM32CubeMX version: 6.18.0
2026-09-03 17:53:10,750 [ERROR] AppliInfo:139 - Unknown STM32CubeMX version: 6.18.0
2026-09-03 17:53:10,750 [ERROR] AppliInfo:139 - Unknown STM32CubeMX version: 6.18.0
2026-09-03 17:53:10,750 [ERROR] AppliInfo:139 - Unknown STM32CubeMX version: 6.18.0
2026-09-03 17:53:10,751 [ERROR] AppliInfo:139 - Unknown STM32CubeMX version: 6.18.0
2026-09-03 17:53:10,751 [ERROR] AppliInfo:139 - Unknown STM32CubeMX version: 6.18.0
2026-09-03 17:53:10,751 [ERROR] AppliInfo:139 - Unknown STM32CubeMX version: 6.18.0
2026-09-03 17:53:10,751 [ERROR] AppliInfo:139 - Unknown STM32CubeMX version: 6.18.0
2026-09-03 17:53:10,899 [ERROR] AppliInfo:139 - Unknown STM32CubeMX version: 6.14.0
2026-09-03 17:53:10,900 [ERROR] AppliInfo:139 - Unknown STM32CubeMX version: 6.14.0
2026-09-03 17:53:10,900 [ERROR] AppliInfo:139 - Unknown STM32CubeMX version: 6.14.0
2026-09-03 17:53:10,900 [ERROR] AppliInfo:139 - Unknown STM32CubeMX version: 6.16.0
2026-09-03 17:53:10,901 [ERROR] AppliInfo:139 - Unknown STM32CubeMX version: 6.16.0
2026-09-03 17:53:10,901 [ERROR] AppliInfo:139 - Unknown STM32CubeMX version: 6.16.0
2026-09-03 17:53:10,901 [ERROR] AppliInfo:139 - Unknown STM32CubeMX version: 6.16.0
2026-09-03 17:53:10,901 [ERROR] AppliInfo:139 - Unknown STM32CubeMX version: 6.16.0
2026-09-03 17:53:10,902 [ERROR] AppliInfo:139 - Unknown STM32CubeMX version: 6.14.0
2026-09-03 17:53:10,902 [ERROR] AppliInfo:139 - Unknown STM32CubeMX version: 6.14.0
2026-09-03 17:53:10,902 [ERROR] AppliInfo:139 - Unknown STM32CubeMX version: 6.14.0
2026-09-03 17:53:10,903 [ERROR] AppliInfo:139 - Unknown STM32CubeMX version: 6.14.0
2026-09-03 17:53:10,906 [ERROR] AppliInfo:139 - Unknown STM32CubeMX version: 6.15.0
2026-09-03 17:53:10,906 [ERROR] AppliInfo:139 - Unknown STM32CubeMX version: 6.15.0
2026-09-03 17:53:10,906 [ERROR] AppliInfo:139 - Unknown STM32CubeMX version: 6.15.0
2026-09-03 17:53:10,907 [ERROR] AppliInfo:139 - Unknown STM32CubeMX version: 6.15.0
2026-09-03 17:53:10,907 [ERROR] AppliInfo:139 - Unknown STM32CubeMX version: 6.15.0
2026-09-03 17:53:10,907 [ERROR] AppliInfo:139 - Unknown STM32CubeMX version: 6.15.0
2026-09-03 17:53:10,907 [ERROR] AppliInfo:139 - Unknown STM32CubeMX version: 6.15.0
2026-09-03 17:53:10,920 [ERROR] AppliInfo:139 - Unknown STM32CubeMX version: 6.12.0
2026-09-03 17:53:10,921 [ERROR] AppliInfo:139 - Unknown STM32CubeMX version: 6.15.0
2026-09-03 17:53:10,927 [ERROR] AppliInfo:139 - Unknown STM32CubeMX version: 6.14.0
2026-09-03 17:53:10,928 [ERROR] AppliInfo:139 - Unknown STM32CubeMX version: 6.14.0
2026-09-03 17:53:10,928 [ERROR] AppliInfo:139 - Unknown STM32CubeMX version: 6.14.0
2026-09-03 17:53:10,928 [ERROR] AppliInfo:139 - Unknown STM32CubeMX version: 6.14.0
2026-09-03 17:53:10,929 [ERROR] AppliInfo:139 - Unknown STM32CubeMX version: 6.14.0
2026-09-03 17:53:10,929 [ERROR] AppliInfo:139 - Unknown STM32CubeMX version: 6.14.0
2026-09-03 17:53:10,929 [ERROR] AppliInfo:139 - Unknown STM32CubeMX version: 6.14.0
2026-09-03 17:53:10,929 [ERROR] AppliInfo:139 - Unknown STM32CubeMX version: 6.14.0
2026-09-03 17:53:10,929 [ERROR] AppliInfo:139 - Unknown STM32CubeMX version: 6.14.0
2026-09-03 17:53:10,933 [ERROR] AppliInfo:139 - Unknown STM32CubeMX version: 6.13.0
2026-09-03 17:53:10,933 [ERROR] AppliInfo:139 - Unknown STM32CubeMX version: 6.13.0
2026-09-03 17:53:10,934 [ERROR] AppliInfo:139 - Unknown STM32CubeMX version: 6.13.0
2026-09-03 17:53:10,934 [ERROR] AppliInfo:139 - Unknown STM32CubeMX version: 6.13.0
2026-09-03 17:53:10,935 [ERROR] AppliInfo:139 - Unknown STM32CubeMX version: 6.16.0
2026-09-03 17:53:10,935 [ERROR] AppliInfo:139 - Unknown STM32CubeMX version: 6.16.0
2026-09-03 17:53:10,935 [ERROR] AppliInfo:139 - Unknown STM32CubeMX version: 6.16.0
2026-09-03 17:53:10,938 [ERROR] AppliInfo:139 - Unknown STM32CubeMX version: 6.14.0
2026-09-03 17:53:10,938 [ERROR] AppliInfo:139 - Unknown STM32CubeMX version: 6.14.0
2026-09-03 17:53:10,938 [ERROR] AppliInfo:139 - Unknown STM32CubeMX version: 6.16.0
2026-09-03 17:53:10,939 [ERROR] AppliInfo:139 - Unknown STM32CubeMX version: 6.12.0
2026-09-03 17:53:10,940 [ERROR] AppliInfo:139 - Unknown STM32CubeMX version: 6.12.0
2026-09-03 17:53:10,940 [ERROR] AppliInfo:139 - Unknown STM32CubeMX version: 6.12.0
2026-09-03 17:53:10,940 [ERROR] AppliInfo:139 - Unknown STM32CubeMX version: 6.12.0
2026-09-03 17:53:10,941 [ERROR] AppliInfo:139 - Unknown STM32CubeMX version: 6.12.0
2026-09-03 17:53:10,941 [ERROR] AppliInfo:139 - Unknown STM32CubeMX version: 6.12.0
2026-09-03 17:53:10,941 [ERROR] AppliInfo:139 - Unknown STM32CubeMX version: 6.12.0
2026-09-03 17:53:10,941 [ERROR] AppliInfo:139 - Unknown STM32CubeMX version: 6.12.0
2026-09-03 17:53:10,941 [ERROR] AppliInfo:139 - Unknown STM32CubeMX version: 6.13.0
2026-09-03 17:53:10,942 [ERROR] AppliInfo:139 - Unknown STM32CubeMX version: 6.12.0
2026-09-03 17:53:10,942 [ERROR] AppliInfo:139 - Unknown STM32CubeMX version: 6.12.0
2026-09-03 17:53:10,942 [ERROR] AppliInfo:139 - Unknown STM32CubeMX version: 6.12.0
2026-09-03 17:53:10,942 [ERROR] AppliInfo:139 - Unknown STM32CubeMX version: 6.12.0
2026-09-03 17:53:10,943 [ERROR] AppliInfo:139 - Unknown STM32CubeMX version: 6.13.0
2026-09-03 17:53:11,236 [ERROR] AppliInfo:139 - Unknown STM32CubeMX version: 6.16.0
2026-09-03 17:53:11,242 [ERROR] AppliInfo:139 - Unknown STM32CubeMX version: 6.16.0
2026-09-03 17:53:11,346 [ERROR] AppliInfo:139 - Unknown STM32CubeMX version: 6.16.0
2026-09-03 17:53:11,356 [ERROR] AppliInfo:139 - Unknown STM32CubeMX version: 6.18.0
2026-09-03 17:53:11,357 [ERROR] AppliInfo:139 - Unknown STM32CubeMX version: 6.18.0
2026-09-03 17:53:11,357 [ERROR] AppliInfo:139 - Unknown STM32CubeMX version: 6.18.0
2026-09-03 17:53:11,357 [ERROR] AppliInfo:139 - Unknown STM32CubeMX version: 6.18.0
2026-09-03 17:53:11,357 [ERROR] AppliInfo:139 - Unknown STM32CubeMX version: 6.18.0
2026-09-03 17:53:11,358 [ERROR] AppliInfo:139 - Unknown STM32CubeMX version: 6.18.0
2026-09-03 17:53:11,360 [ERROR] AppliInfo:139 - Unknown STM32CubeMX version: 6.18.0
2026-09-03 17:53:11,360 [ERROR] AppliInfo:139 - Unknown STM32CubeMX version: 6.18.0
2026-09-03 17:53:11,361 [ERROR] AppliInfo:139 - Unknown STM32CubeMX version: 6.18.0
2026-09-03 17:53:11,361 [ERROR] AppliInfo:139 - Unknown STM32CubeMX version: 6.18.0
2026-09-03 17:53:11,361 [ERROR] AppliInfo:139 - Unknown STM32CubeMX version: 6.18.0
2026-09-03 17:53:11,362 [ERROR] AppliInfo:139 - Unknown STM32CubeMX version: 6.18.0
2026-09-03 17:53:11,362 [ERROR] AppliInfo:139 - Unknown STM32CubeMX version: 6.18.0
2026-09-03 17:53:11,362 [ERROR] AppliInfo:139 - Unknown STM32CubeMX version: 6.18.0
2026-09-03 17:53:11,363 [ERROR] AppliInfo:139 - Unknown STM32CubeMX version: 6.18.0
2026-09-03 17:53:11,363 [ERROR] AppliInfo:139 - Unknown STM32CubeMX version: 6.17.0
2026-09-03 17:53:11,363 [ERROR] AppliInfo:139 - Unknown STM32CubeMX version: 6.13.0
2026-09-03 17:53:11,363 [ERROR] AppliInfo:139 - Unknown STM32CubeMX version: 6.15.0
2026-09-03 17:53:11,364 [ERROR] AppliInfo:139 - Unknown STM32CubeMX version: 6.13.0
2026-09-03 17:53:11,366 [ERROR] AppliInfo:139 - Unknown STM32CubeMX version: 6.16.0
2026-09-03 17:53:11,366 [ERROR] AppliInfo:139 - Unknown STM32CubeMX version: 6.14.0
2026-09-03 17:53:11,366 [ERROR] AppliInfo:139 - Unknown STM32CubeMX version: 6.13.0
2026-09-03 17:53:11,367 [ERROR] AppliInfo:139 - Unknown STM32CubeMX version: 6.13.0
2026-09-03 17:53:11,367 [ERROR] AppliInfo:139 - Unknown STM32CubeMX version: 6.13.0
2026-09-03 17:53:11,367 [ERROR] AppliInfo:139 - Unknown STM32CubeMX version: 6.13.0
2026-09-03 17:53:11,367 [ERROR] AppliInfo:139 - Unknown STM32CubeMX version: 6.13.0
2026-09-03 17:53:11,370 [ERROR] AppliInfo:139 - Unknown STM32CubeMX version: 6.13.0
2026-09-03 17:53:11,370 [ERROR] AppliInfo:139 - Unknown STM32CubeMX version: 6.13.0
2026-09-03 17:53:11,370 [ERROR] AppliInfo:139 - Unknown STM32CubeMX version: 6.15.0
2026-09-03 17:53:11,371 [ERROR] AppliInfo:139 - Unknown STM32CubeMX version: 6.13.0
2026-09-03 17:53:11,371 [ERROR] AppliInfo:139 - Unknown STM32CubeMX version: 6.13.0
2026-09-03 17:53:11,371 [ERROR] AppliInfo:139 - Unknown STM32CubeMX version: 6.13.0
2026-09-03 17:53:11,371 [ERROR] AppliInfo:139 - Unknown STM32CubeMX version: 6.16.0
2026-09-03 17:53:11,371 [ERROR] AppliInfo:139 - Unknown STM32CubeMX version: 6.13.0
2026-09-03 17:53:11,374 [ERROR] AppliInfo:139 - Unknown STM32CubeMX version: 6.13.0
2026-09-03 17:53:11,374 [ERROR] AppliInfo:139 - Unknown STM32CubeMX version: 6.16.0
2026-09-03 17:53:11,374 [ERROR] AppliInfo:139 - Unknown STM32CubeMX version: 6.13.0
2026-09-03 17:53:11,375 [ERROR] AppliInfo:139 - Unknown STM32CubeMX version: 6.15.0
2026-09-03 17:53:11,375 [ERROR] AppliInfo:139 - Unknown STM32CubeMX version: 6.13.0
2026-09-03 17:53:11,375 [ERROR] AppliInfo:139 - Unknown STM32CubeMX version: 6.13.0
2026-09-03 17:53:11,376 [ERROR] AppliInfo:139 - Unknown STM32CubeMX version: 6.15.0
2026-09-03 17:53:11,379 [ERROR] AppliInfo:139 - Unknown STM32CubeMX version: 6.13.0
2026-09-03 17:53:11,379 [ERROR] AppliInfo:139 - Unknown STM32CubeMX version: 6.13.0
2026-09-03 17:53:11,379 [ERROR] AppliInfo:139 - Unknown STM32CubeMX version: 6.13.0
2026-09-03 17:53:11,380 [ERROR] AppliInfo:139 - Unknown STM32CubeMX version: 6.13.0
2026-09-03 17:53:11,380 [ERROR] AppliInfo:139 - Unknown STM32CubeMX version: 6.13.0
2026-09-03 17:53:11,380 [ERROR] AppliInfo:139 - Unknown STM32CubeMX version: 6.16.0
2026-09-03 17:53:11,380 [ERROR] AppliInfo:139 - Unknown STM32CubeMX version: 6.13.0
2026-09-03 17:53:11,383 [ERROR] AppliInfo:139 - Unknown STM32CubeMX version: 6.13.0
2026-09-03 17:53:11,383 [ERROR] AppliInfo:139 - Unknown STM32CubeMX version: 6.13.0
2026-09-03 17:53:11,383 [ERROR] AppliInfo:139 - Unknown STM32CubeMX version: 6.13.0
2026-09-03 17:53:11,384 [ERROR] AppliInfo:139 - Unknown STM32CubeMX version: 6.16.0
2026-09-03 17:53:11,384 [ERROR] AppliInfo:139 - Unknown STM32CubeMX version: 6.16.0
2026-09-03 17:53:11,384 [ERROR] AppliInfo:139 - Unknown STM32CubeMX version: 6.16.0
2026-09-03 17:53:11,384 [ERROR] AppliInfo:139 - Unknown STM32CubeMX version: 6.13.0
2026-09-03 17:53:11,385 [ERROR] AppliInfo:139 - Unknown STM32CubeMX version: 6.14.0
2026-09-03 17:53:11,387 [ERROR] AppliInfo:139 - Unknown STM32CubeMX version: 6.13.0
2026-09-03 17:53:11,387 [ERROR] AppliInfo:139 - Unknown STM32CubeMX version: 6.13.0
2026-09-03 17:53:11,388 [ERROR] AppliInfo:139 - Unknown STM32CubeMX version: 6.13.0
2026-09-03 17:53:11,388 [ERROR] AppliInfo:139 - Unknown STM32CubeMX version: 6.13.0
2026-09-03 17:53:11,388 [ERROR] AppliInfo:139 - Unknown STM32CubeMX version: 6.13.0
2026-09-03 17:53:11,388 [ERROR] AppliInfo:139 - Unknown STM32CubeMX version: 6.15.0
2026-09-03 17:53:11,389 [ERROR] AppliInfo:139 - Unknown STM32CubeMX version: 6.15.0
2026-09-03 17:53:11,391 [ERROR] AppliInfo:139 - Unknown STM32CubeMX version: 6.13.0
2026-09-03 17:53:11,391 [ERROR] AppliInfo:139 - Unknown STM32CubeMX version: 6.13.0
2026-09-03 17:53:11,392 [ERROR] AppliInfo:139 - Unknown STM32CubeMX version: 6.13.0
2026-09-03 17:53:11,392 [ERROR] AppliInfo:139 - Unknown STM32CubeMX version: 6.13.0
2026-09-03 17:53:11,392 [ERROR] AppliInfo:139 - Unknown STM32CubeMX version: 6.13.0
2026-09-03 17:53:11,393 [ERROR] AppliInfo:139 - Unknown STM32CubeMX version: 6.13.0
2026-09-03 17:53:11,393 [ERROR] AppliInfo:139 - Unknown STM32CubeMX version: 6.13.0
2026-09-03 17:53:11,393 [ERROR] AppliInfo:139 - Unknown STM32CubeMX version: 6.13.0
2026-09-03 17:53:11,395 [ERROR] AppliInfo:139 - Unknown STM32CubeMX version: 6.13.0
2026-09-03 17:53:11,396 [ERROR] AppliInfo:139 - Unknown STM32CubeMX version: 6.13.0
2026-09-03 17:53:11,396 [ERROR] AppliInfo:139 - Unknown STM32CubeMX version: 6.13.0
2026-09-03 17:53:11,396 [ERROR] AppliInfo:139 - Unknown STM32CubeMX version: 6.13.0
2026-09-03 17:53:11,397 [ERROR] AppliInfo:139 - Unknown STM32CubeMX version: 6.15.0
2026-09-03 17:53:11,397 [ERROR] AppliInfo:139 - Unknown STM32CubeMX version: 6.13.0
2026-09-03 17:53:11,397 [ERROR] AppliInfo:139 - Unknown STM32CubeMX version: 6.15.0
2026-09-03 17:53:11,399 [ERROR] AppliInfo:139 - Unknown STM32CubeMX version: 6.15.0
2026-09-03 17:53:11,400 [ERROR] AppliInfo:139 - Unknown STM32CubeMX version: 6.13.0
2026-09-03 17:53:11,400 [ERROR] AppliInfo:139 - Unknown STM32CubeMX version: 6.13.0
2026-09-03 17:53:11,401 [ERROR] AppliInfo:139 - Unknown STM32CubeMX version: 6.13.0
2026-09-03 17:53:11,401 [ERROR] AppliInfo:139 - Unknown STM32CubeMX version: 6.13.0
2026-09-03 17:53:11,401 [ERROR] AppliInfo:139 - Unknown STM32CubeMX version: 6.13.0
2026-09-03 17:53:11,401 [ERROR] AppliInfo:139 - Unknown STM32CubeMX version: 6.16.0
2026-09-03 17:53:11,404 [ERROR] AppliInfo:139 - Unknown STM32CubeMX version: 6.13.0
2026-09-03 17:53:11,404 [ERROR] AppliInfo:139 - Unknown STM32CubeMX version: 6.13.0
2026-09-03 17:53:11,404 [ERROR] AppliInfo:139 - Unknown STM32CubeMX version: 6.13.0
2026-09-03 17:53:11,405 [ERROR] AppliInfo:139 - Unknown STM32CubeMX version: 6.16.0
2026-09-03 17:53:11,405 [ERROR] AppliInfo:139 - Unknown STM32CubeMX version: 6.13.0
2026-09-03 17:53:11,405 [ERROR] AppliInfo:139 - Unknown STM32CubeMX version: 6.18.0
2026-09-03 17:53:11,405 [ERROR] AppliInfo:139 - Unknown STM32CubeMX version: 6.18.0
2026-09-03 17:53:11,408 [ERROR] AppliInfo:139 - Unknown STM32CubeMX version: 6.18.0
2026-09-03 17:53:11,410 [ERROR] AppliInfo:139 - Unknown STM32CubeMX version: 6.18.0
2026-09-03 17:53:11,411 [ERROR] AppliInfo:139 - Unknown STM32CubeMX version: 6.18.0
2026-09-03 17:53:11,411 [ERROR] AppliInfo:139 - Unknown STM32CubeMX version: 6.18.0
2026-09-03 17:53:11,411 [ERROR] AppliInfo:139 - Unknown STM32CubeMX version: 6.18.0
2026-09-03 17:53:11,412 [ERROR] AppliInfo:139 - Unknown STM32CubeMX version: 6.18.0
2026-09-03 17:53:11,414 [ERROR] AppliInfo:139 - Unknown STM32CubeMX version: 6.13.0
2026-09-03 17:53:11,415 [ERROR] AppliInfo:139 - Unknown STM32CubeMX version: 6.13.0
2026-09-03 17:53:11,415 [ERROR] AppliInfo:139 - Unknown STM32CubeMX version: 6.13.0
2026-09-03 17:53:11,415 [ERROR] AppliInfo:139 - Unknown STM32CubeMX version: 6.13.0
2026-09-03 17:53:11,415 [ERROR] AppliInfo:139 - Unknown STM32CubeMX version: 6.13.0
2026-09-03 17:53:11,418 [ERROR] AppliInfo:139 - Unknown STM32CubeMX version: 6.14.0
2026-09-03 17:53:11,418 [ERROR] AppliInfo:139 - Unknown STM32CubeMX version: 6.16.0
2026-09-03 17:53:11,419 [ERROR] AppliInfo:139 - Unknown STM32CubeMX version: 6.16.0
2026-09-03 17:53:11,419 [ERROR] AppliInfo:139 - Unknown STM32CubeMX version: 6.15.0
2026-09-03 17:53:11,419 [ERROR] AppliInfo:139 - Unknown STM32CubeMX version: 6.13.0
2026-09-03 17:53:11,420 [ERROR] AppliInfo:139 - Unknown STM32CubeMX version: 6.13.0
2026-09-03 17:53:11,420 [ERROR] AppliInfo:139 - Unknown STM32CubeMX version: 6.13.0
2026-09-03 17:53:11,755 [ERROR] AppliInfo:139 - Unknown STM32CubeMX version: 6.15.0
2026-09-03 17:53:11,756 [ERROR] AppliInfo:139 - Unknown STM32CubeMX version: 6.14.0
2026-09-03 17:53:11,756 [ERROR] AppliInfo:139 - Unknown STM32CubeMX version: 6.17.0
2026-09-03 17:53:11,756 [ERROR] AppliInfo:139 - Unknown STM32CubeMX version: 6.17.0
2026-09-03 17:53:11,757 [ERROR] AppliInfo:139 - Unknown STM32CubeMX version: 6.17.0
2026-09-03 17:53:11,757 [ERROR] AppliInfo:139 - Unknown STM32CubeMX version: 6.15.0
2026-09-03 17:53:11,757 [ERROR] AppliInfo:139 - Unknown STM32CubeMX version: 6.15.0
2026-09-03 17:53:11,757 [ERROR] AppliInfo:139 - Unknown STM32CubeMX version: 6.15.0
2026-09-03 17:53:11,757 [ERROR] AppliInfo:139 - Unknown STM32CubeMX version: 6.13.0
2026-09-03 17:53:11,757 [ERROR] AppliInfo:139 - Unknown STM32CubeMX version: 6.13.0
2026-09-03 17:53:11,758 [ERROR] AppliInfo:139 - Unknown STM32CubeMX version: 6.16.0
2026-09-03 17:53:11,758 [ERROR] AppliInfo:139 - Unknown STM32CubeMX version: 6.16.0
2026-09-03 17:53:11,758 [ERROR] AppliInfo:139 - Unknown STM32CubeMX version: 6.13.0
2026-09-03 17:53:11,758 [ERROR] AppliInfo:139 - Unknown STM32CubeMX version: 6.13.0
2026-09-03 17:53:11,758 [ERROR] AppliInfo:139 - Unknown STM32CubeMX version: 6.13.0
2026-09-03 17:53:11,758 [ERROR] AppliInfo:139 - Unknown STM32CubeMX version: 6.14.0
2026-09-03 17:53:11,758 [ERROR] AppliInfo:139 - Unknown STM32CubeMX version: 6.13.0
2026-09-03 17:53:11,759 [ERROR] AppliInfo:139 - Unknown STM32CubeMX version: 6.13.0
2026-09-03 17:53:11,759 [ERROR] AppliInfo:139 - Unknown STM32CubeMX version: 6.13.0
2026-09-03 17:53:11,759 [ERROR] AppliInfo:139 - Unknown STM32CubeMX version: 6.16.0
2026-09-03 17:53:11,759 [ERROR] AppliInfo:139 - Unknown STM32CubeMX version: 6.18.0
2026-09-03 17:53:11,759 [ERROR] AppliInfo:139 - Unknown STM32CubeMX version: 6.18.0
2026-09-03 17:53:11,760 [ERROR] AppliInfo:139 - Unknown STM32CubeMX version: 6.18.0
2026-09-03 17:53:11,760 [ERROR] AppliInfo:139 - Unknown STM32CubeMX version: 6.13.0
2026-09-03 17:53:11,761 [ERROR] AppliInfo:139 - Unknown STM32CubeMX version: 6.16.0
2026-09-03 17:53:11,761 [ERROR] AppliInfo:139 - Unknown STM32CubeMX version: 6.14.0
2026-09-03 17:53:11,761 [ERROR] AppliInfo:139 - Unknown STM32CubeMX version: 6.13.0
2026-09-03 17:53:11,761 [ERROR] AppliInfo:139 - Unknown STM32CubeMX version: 6.14.0
2026-09-03 17:53:11,761 [ERROR] AppliInfo:139 - Unknown STM32CubeMX version: 6.13.0
2026-09-03 17:53:11,761 [ERROR] AppliInfo:139 - Unknown STM32CubeMX version: 6.13.0
2026-09-03 17:53:11,762 [ERROR] AppliInfo:139 - Unknown STM32CubeMX version: 6.14.0
2026-09-03 17:53:11,762 [ERROR] AppliInfo:139 - Unknown STM32CubeMX version: 6.14.0
2026-09-03 17:53:11,762 [ERROR] AppliInfo:139 - Unknown STM32CubeMX version: 6.14.0
2026-09-03 17:53:11,763 [ERROR] AppliInfo:139 - Unknown STM32CubeMX version: 6.14.0
2026-09-03 17:53:11,763 [ERROR] AppliInfo:139 - Unknown STM32CubeMX version: 6.13.0
2026-09-03 17:53:11,764 [ERROR] AppliInfo:139 - Unknown STM32CubeMX version: 6.14.0
2026-09-03 17:53:11,764 [ERROR] AppliInfo:139 - Unknown STM32CubeMX version: 6.16.0
2026-09-03 17:53:11,764 [ERROR] AppliInfo:139 - Unknown STM32CubeMX version: 6.16.0
2026-09-03 17:53:11,764 [ERROR] AppliInfo:139 - Unknown STM32CubeMX version: 6.16.0
2026-09-03 17:53:11,764 [ERROR] AppliInfo:139 - Unknown STM32CubeMX version: 6.14.0
2026-09-03 17:53:11,764 [ERROR] AppliInfo:139 - Unknown STM32CubeMX version: 6.14.0
2026-09-03 17:53:11,765 [ERROR] AppliInfo:139 - Unknown STM32CubeMX version: 6.16.0
2026-09-03 17:53:11,765 [ERROR] AppliInfo:139 - Unknown STM32CubeMX version: 6.14.0
2026-09-03 17:53:11,765 [ERROR] AppliInfo:139 - Unknown STM32CubeMX version: 6.14.0
2026-09-03 17:53:11,765 [ERROR] AppliInfo:139 - Unknown STM32CubeMX version: 6.14.0
2026-09-03 17:53:11,765 [ERROR] AppliInfo:139 - Unknown STM32CubeMX version: 6.13.0
2026-09-03 17:53:11,765 [ERROR] AppliInfo:139 - Unknown STM32CubeMX version: 6.13.0
2026-09-03 17:53:11,766 [ERROR] AppliInfo:139 - Unknown STM32CubeMX version: 6.13.0
2026-09-03 17:53:11,766 [ERROR] AppliInfo:139 - Unknown STM32CubeMX version: 6.13.0
2026-09-03 17:53:11,766 [ERROR] AppliInfo:139 - Unknown STM32CubeMX version: 6.14.0
2026-09-03 17:53:11,766 [ERROR] AppliInfo:139 - Unknown STM32CubeMX version: 6.13.0
2026-09-03 17:53:11,766 [ERROR] AppliInfo:139 - Unknown STM32CubeMX version: 6.14.0
2026-09-03 17:53:11,767 [ERROR] AppliInfo:139 - Unknown STM32CubeMX version: 6.17.0
2026-09-03 17:53:11,767 [ERROR] AppliInfo:139 - Unknown STM32CubeMX version: 6.18.0
2026-09-03 17:53:11,767 [ERROR] AppliInfo:139 - Unknown STM32CubeMX version: 6.18.0
2026-09-03 17:53:11,772 [ERROR] AppliInfo:139 - Unknown STM32CubeMX version: 6.13.0
2026-09-03 17:53:11,772 [ERROR] AppliInfo:139 - Unknown STM32CubeMX version: 6.13.0
2026-09-03 17:53:11,773 [ERROR] AppliInfo:139 - Unknown STM32CubeMX version: 6.13.0
2026-09-03 17:53:11,773 [ERROR] AppliInfo:139 - Unknown STM32CubeMX version: 6.13.0
2026-09-03 17:53:11,796 [ERROR] AppliInfo:139 - Unknown STM32CubeMX version: 6.12.0
2026-09-03 17:53:11,799 [ERROR] AppliInfo:139 - Unknown STM32CubeMX version: 6.13.0
2026-09-03 17:53:11,799 [ERROR] AppliInfo:139 - Unknown STM32CubeMX version: 6.13.0
2026-09-03 17:53:11,800 [ERROR] AppliInfo:139 - Unknown STM32CubeMX version: 6.13.0
2026-09-03 17:53:11,800 [ERROR] AppliInfo:139 - Unknown STM32CubeMX version: 6.13.0
2026-09-03 17:53:11,800 [ERROR] AppliInfo:139 - Unknown STM32CubeMX version: 6.13.0
2026-09-03 17:53:11,800 [ERROR] AppliInfo:139 - Unknown STM32CubeMX version: 6.13.0
2026-09-03 17:53:11,801 [ERROR] AppliInfo:139 - Unknown STM32CubeMX version: 6.12.0
2026-09-03 17:53:11,801 [ERROR] AppliInfo:139 - Unknown STM32CubeMX version: 6.12.0
2026-09-03 17:53:11,801 [ERROR] AppliInfo:139 - Unknown STM32CubeMX version: 6.12.0
2026-09-03 17:53:11,801 [ERROR] AppliInfo:139 - Unknown STM32CubeMX version: 6.12.0
2026-09-03 17:53:11,802 [ERROR] AppliInfo:139 - Unknown STM32CubeMX version: 6.12.0
2026-09-03 17:53:11,802 [ERROR] AppliInfo:139 - Unknown STM32CubeMX version: 6.12.0
2026-09-03 17:53:11,802 [ERROR] AppliInfo:139 - Unknown STM32CubeMX version: 6.12.0
2026-09-03 17:53:11,802 [ERROR] AppliInfo:139 - Unknown STM32CubeMX version: 6.12.0
2026-09-03 17:53:11,802 [ERROR] AppliInfo:139 - Unknown STM32CubeMX version: 6.12.0
2026-09-03 17:53:11,802 [ERROR] AppliInfo:139 - Unknown STM32CubeMX version: 6.12.0
2026-09-03 17:53:11,803 [ERROR] AppliInfo:139 - Unknown STM32CubeMX version: 6.12.0
2026-09-03 17:53:11,803 [ERROR] AppliInfo:139 - Unknown STM32CubeMX version: 6.12.0
2026-09-03 17:53:11,803 [ERROR] AppliInfo:139 - Unknown STM32CubeMX version: 6.12.0
2026-09-03 17:53:11,803 [ERROR] AppliInfo:139 - Unknown STM32CubeMX version: 6.12.0
2026-09-03 17:53:11,803 [ERROR] AppliInfo:139 - Unknown STM32CubeMX version: 6.12.0
2026-09-03 17:53:11,803 [ERROR] AppliInfo:139 - Unknown STM32CubeMX version: 6.12.0
2026-09-03 17:53:11,804 [ERROR] AppliInfo:139 - Unknown STM32CubeMX version: 6.12.0
2026-09-03 17:53:11,804 [ERROR] AppliInfo:139 - Unknown STM32CubeMX version: 6.12.0
2026-09-03 17:53:11,804 [ERROR] AppliInfo:139 - Unknown STM32CubeMX version: 6.12.0
2026-09-03 17:53:11,804 [ERROR] AppliInfo:139 - Unknown STM32CubeMX version: 6.12.0
2026-09-03 17:53:11,804 [ERROR] AppliInfo:139 - Unknown STM32CubeMX version: 6.12.0
2026-09-03 17:53:11,804 [ERROR] AppliInfo:139 - Unknown STM32CubeMX version: 6.12.0
2026-09-03 17:53:11,804 [ERROR] AppliInfo:139 - Unknown STM32CubeMX version: 6.12.0
2026-09-03 17:53:11,805 [ERROR] AppliInfo:139 - Unknown STM32CubeMX version: 6.12.0
2026-09-03 17:53:11,805 [ERROR] AppliInfo:139 - Unknown STM32CubeMX version: 6.12.0
2026-09-03 17:53:11,805 [ERROR] AppliInfo:139 - Unknown STM32CubeMX version: 6.12.0
2026-09-03 17:53:11,805 [ERROR] AppliInfo:139 - Unknown STM32CubeMX version: 6.12.0
2026-09-03 17:53:11,806 [ERROR] AppliInfo:139 - Unknown STM32CubeMX version: 6.12.0
2026-09-03 17:53:11,807 [ERROR] AppliInfo:139 - Unknown STM32CubeMX version: 6.18.0
2026-09-03 17:53:11,812 [ERROR] AppliInfo:139 - Unknown STM32CubeMX version: 6.18.0
2026-09-03 17:53:11,812 [ERROR] AppliInfo:139 - Unknown STM32CubeMX version: 6.18.0
2026-09-03 17:53:11,812 [ERROR] AppliInfo:139 - Unknown STM32CubeMX version: 6.13.0
2026-09-03 17:53:11,812 [ERROR] AppliInfo:139 - Unknown STM32CubeMX version: 6.13.0
2026-09-03 17:53:11,813 [ERROR] AppliInfo:139 - Unknown STM32CubeMX version: 6.13.0
2026-09-03 17:53:11,813 [ERROR] AppliInfo:139 - Unknown STM32CubeMX version: 6.13.0
2026-09-03 17:53:11,813 [ERROR] AppliInfo:139 - Unknown STM32CubeMX version: 6.13.0
2026-09-03 17:53:11,813 [ERROR] AppliInfo:139 - Unknown STM32CubeMX version: 6.13.0
2026-09-03 17:53:11,813 [ERROR] AppliInfo:139 - Unknown STM32CubeMX version: 6.13.0
2026-09-03 17:53:11,813 [ERROR] AppliInfo:139 - Unknown STM32CubeMX version: 6.14.0
2026-09-03 17:53:11,813 [ERROR] AppliInfo:139 - Unknown STM32CubeMX version: 6.13.0
2026-09-03 17:53:11,814 [ERROR] AppliInfo:139 - Unknown STM32CubeMX version: 6.13.0
2026-09-03 17:53:11,814 [ERROR] AppliInfo:139 - Unknown STM32CubeMX version: 6.13.0
2026-09-03 17:53:11,814 [ERROR] AppliInfo:139 - Unknown STM32CubeMX version: 6.13.0
2026-09-03 17:53:11,814 [ERROR] AppliInfo:139 - Unknown STM32CubeMX version: 6.13.0
2026-09-03 17:53:11,814 [ERROR] AppliInfo:139 - Unknown STM32CubeMX version: 6.13.0
2026-09-03 17:53:11,814 [ERROR] AppliInfo:139 - Unknown STM32CubeMX version: 6.13.0
2026-09-03 17:53:11,814 [ERROR] AppliInfo:139 - Unknown STM32CubeMX version: 6.13.0
2026-09-03 17:53:11,815 [ERROR] AppliInfo:139 - Unknown STM32CubeMX version: 6.13.0
2026-09-03 17:53:11,815 [ERROR] AppliInfo:139 - Unknown STM32CubeMX version: 6.13.0
2026-09-03 17:53:11,815 [ERROR] AppliInfo:139 - Unknown STM32CubeMX version: 6.13.0
2026-09-03 17:53:11,815 [ERROR] AppliInfo:139 - Unknown STM32CubeMX version: 6.13.0
2026-09-03 17:53:11,815 [ERROR] AppliInfo:139 - Unknown STM32CubeMX version: 6.13.0
2026-09-03 17:53:11,816 [ERROR] AppliInfo:139 - Unknown STM32CubeMX version: 6.13.0
2026-09-03 17:53:11,816 [ERROR] AppliInfo:139 - Unknown STM32CubeMX version: 6.13.0
2026-09-03 17:53:11,816 [ERROR] AppliInfo:139 - Unknown STM32CubeMX version: 6.13.0
2026-09-03 17:53:11,816 [ERROR] AppliInfo:139 - Unknown STM32CubeMX version: 6.13.0
2026-09-03 17:53:11,816 [ERROR] AppliInfo:139 - Unknown STM32CubeMX version: 6.13.0
2026-09-03 17:53:11,816 [ERROR] AppliInfo:139 - Unknown STM32CubeMX version: 6.13.0
2026-09-03 17:53:11,816 [ERROR] AppliInfo:139 - Unknown STM32CubeMX version: 6.13.0
2026-09-03 17:53:11,816 [ERROR] AppliInfo:139 - Unknown STM32CubeMX version: 6.13.0
2026-09-03 17:53:11,817 [ERROR] AppliInfo:139 - Unknown STM32CubeMX version: 6.13.0
2026-09-03 17:53:11,817 [ERROR] AppliInfo:139 - Unknown STM32CubeMX version: 6.13.0
2026-09-03 17:53:11,817 [ERROR] AppliInfo:139 - Unknown STM32CubeMX version: 6.13.0
2026-09-03 17:53:11,817 [ERROR] AppliInfo:139 - Unknown STM32CubeMX version: 6.13.0
2026-09-03 17:53:11,817 [ERROR] AppliInfo:139 - Unknown STM32CubeMX version: 6.13.0
2026-09-03 17:53:11,817 [ERROR] AppliInfo:139 - Unknown STM32CubeMX version: 6.13.0
2026-09-03 17:53:11,817 [ERROR] AppliInfo:139 - Unknown STM32CubeMX version: 6.13.0
2026-09-03 17:53:11,818 [ERROR] AppliInfo:139 - Unknown STM32CubeMX version: 6.13.0
2026-09-03 17:53:11,818 [ERROR] AppliInfo:139 - Unknown STM32CubeMX version: 6.13.0
2026-09-03 17:53:11,818 [ERROR] AppliInfo:139 - Unknown STM32CubeMX version: 6.13.0
2026-09-03 17:53:11,818 [ERROR] AppliInfo:139 - Unknown STM32CubeMX version: 6.13.0
2026-09-03 17:53:11,818 [ERROR] AppliInfo:139 - Unknown STM32CubeMX version: 6.13.0
2026-09-03 17:53:11,818 [ERROR] AppliInfo:139 - Unknown STM32CubeMX version: 6.13.0
2026-09-03 17:53:11,818 [ERROR] AppliInfo:139 - Unknown STM32CubeMX version: 6.13.0
2026-09-03 17:53:11,818 [ERROR] AppliInfo:139 - Unknown STM32CubeMX version: 6.13.0
2026-09-03 17:53:11,819 [ERROR] AppliInfo:139 - Unknown STM32CubeMX version: 6.13.0
2026-09-03 17:53:11,819 [ERROR] AppliInfo:139 - Unknown STM32CubeMX version: 6.13.0
2026-09-03 17:53:11,819 [ERROR] AppliInfo:139 - Unknown STM32CubeMX version: 6.13.0
2026-09-03 17:53:11,819 [ERROR] AppliInfo:139 - Unknown STM32CubeMX version: 6.13.0
2026-09-03 17:53:11,819 [ERROR] AppliInfo:139 - Unknown STM32CubeMX version: 6.13.0
2026-09-03 17:53:11,819 [ERROR] AppliInfo:139 - Unknown STM32CubeMX version: 6.13.0
2026-09-03 17:53:11,819 [ERROR] AppliInfo:139 - Unknown STM32CubeMX version: 6.13.0
2026-09-03 17:53:11,820 [ERROR] AppliInfo:139 - Unknown STM32CubeMX version: 6.13.0
2026-09-03 17:53:11,820 [ERROR] AppliInfo:139 - Unknown STM32CubeMX version: 6.14.0
2026-09-03 17:53:11,820 [ERROR] AppliInfo:139 - Unknown STM32CubeMX version: 6.13.0
2026-09-03 17:53:11,820 [ERROR] AppliInfo:139 - Unknown STM32CubeMX version: 6.13.0
2026-09-03 17:53:11,821 [ERROR] AppliInfo:139 - Unknown STM32CubeMX version: 6.14.0
2026-09-03 17:53:11,821 [ERROR] AppliInfo:139 - Unknown STM32CubeMX version: 6.14.0
2026-09-03 17:53:11,821 [ERROR] AppliInfo:139 - Unknown STM32CubeMX version: 6.13.0
2026-09-03 17:53:11,822 [ERROR] AppliInfo:139 - Unknown STM32CubeMX version: 6.13.0
2026-09-03 17:53:11,822 [ERROR] AppliInfo:139 - Unknown STM32CubeMX version: 6.13.0
2026-09-03 17:53:11,822 [ERROR] AppliInfo:139 - Unknown STM32CubeMX version: 6.13.0
2026-09-03 17:53:11,822 [ERROR] AppliInfo:139 - Unknown STM32CubeMX version: 6.13.0
2026-09-03 17:53:11,822 [ERROR] AppliInfo:139 - Unknown STM32CubeMX version: 6.13.0
2026-09-03 17:53:11,822 [ERROR] AppliInfo:139 - Unknown STM32CubeMX version: 6.17.0
2026-09-03 17:53:11,822 [ERROR] AppliInfo:139 - Unknown STM32CubeMX version: 6.13.0
2026-09-03 17:53:11,822 [ERROR] AppliInfo:139 - Unknown STM32CubeMX version: 6.13.0
2026-09-03 17:53:11,823 [ERROR] AppliInfo:139 - Unknown STM32CubeMX version: 6.13.0
2026-09-03 17:53:11,823 [ERROR] AppliInfo:139 - Unknown STM32CubeMX version: 6.13.0
2026-09-03 17:53:11,823 [ERROR] AppliInfo:139 - Unknown STM32CubeMX version: 6.13.0
2026-09-03 17:53:11,823 [ERROR] AppliInfo:139 - Unknown STM32CubeMX version: 6.17.0
2026-09-03 17:53:11,823 [ERROR] AppliInfo:139 - Unknown STM32CubeMX version: 6.17.0
2026-09-03 17:53:11,824 [ERROR] AppliInfo:139 - Unknown STM32CubeMX version: 6.13.0
2026-09-03 17:53:11,824 [ERROR] AppliInfo:139 - Unknown STM32CubeMX version: 6.13.0
2026-09-03 17:53:11,824 [ERROR] AppliInfo:139 - Unknown STM32CubeMX version: 6.18.0
2026-09-03 17:53:11,824 [ERROR] AppliInfo:139 - Unknown STM32CubeMX version: 6.17.0
2026-09-03 17:53:11,824 [ERROR] AppliInfo:139 - Unknown STM32CubeMX version: 6.13.0
2026-09-03 17:53:11,824 [ERROR] AppliInfo:139 - Unknown STM32CubeMX version: 6.13.0
2026-09-03 17:53:11,825 [ERROR] AppliInfo:139 - Unknown STM32CubeMX version: 6.13.0
2026-09-03 17:53:11,825 [ERROR] AppliInfo:139 - Unknown STM32CubeMX version: 6.13.0
2026-09-03 17:53:11,825 [ERROR] AppliInfo:139 - Unknown STM32CubeMX version: 6.13.0
2026-09-03 17:53:11,825 [ERROR] AppliInfo:139 - Unknown STM32CubeMX version: 6.17.0
2026-09-03 17:53:11,825 [ERROR] AppliInfo:139 - Unknown STM32CubeMX version: 6.13.0
2026-09-03 17:53:11,825 [ERROR] AppliInfo:139 - Unknown STM32CubeMX version: 6.17.0
2026-09-03 17:53:11,825 [ERROR] AppliInfo:139 - Unknown STM32CubeMX version: 6.17.0
2026-09-03 17:53:11,826 [ERROR] AppliInfo:139 - Unknown STM32CubeMX version: 6.13.0
2026-09-03 17:53:11,826 [ERROR] AppliInfo:139 - Unknown STM32CubeMX version: 6.13.0
2026-09-03 17:53:11,826 [ERROR] AppliInfo:139 - Unknown STM32CubeMX version: 6.17.0
2026-09-03 17:53:11,826 [ERROR] AppliInfo:139 - Unknown STM32CubeMX version: 6.17.0
2026-09-03 17:53:11,826 [ERROR] AppliInfo:139 - Unknown STM32CubeMX version: 6.17.0
2026-09-03 17:53:11,826 [ERROR] AppliInfo:139 - Unknown STM32CubeMX version: 6.13.0
2026-09-03 17:53:11,826 [ERROR] AppliInfo:139 - Unknown STM32CubeMX version: 6.13.0
2026-09-03 17:53:11,827 [ERROR] AppliInfo:139 - Unknown STM32CubeMX version: 6.13.0
2026-09-03 17:53:11,827 [ERROR] AppliInfo:139 - Unknown STM32CubeMX version: 6.13.0
2026-09-03 17:53:11,827 [ERROR] AppliInfo:139 - Unknown STM32CubeMX version: 6.13.0
2026-09-03 17:53:11,827 [ERROR] AppliInfo:139 - Unknown STM32CubeMX version: 6.17.0
2026-09-03 17:53:11,827 [ERROR] AppliInfo:139 - Unknown STM32CubeMX version: 6.13.0
2026-09-03 17:53:11,827 [ERROR] AppliInfo:139 - Unknown STM32CubeMX version: 6.17.0
2026-09-03 17:53:11,827 [ERROR] AppliInfo:139 - Unknown STM32CubeMX version: 6.17.0
2026-09-03 17:53:11,827 [ERROR] AppliInfo:139 - Unknown STM32CubeMX version: 6.17.0
2026-09-03 17:53:11,828 [ERROR] AppliInfo:139 - Unknown STM32CubeMX version: 6.13.0
2026-09-03 17:53:11,828 [ERROR] AppliInfo:139 - Unknown STM32CubeMX version: 6.13.0
2026-09-03 17:53:11,828 [ERROR] AppliInfo:139 - Unknown STM32CubeMX version: 6.13.0
2026-09-03 17:53:11,828 [ERROR] AppliInfo:139 - Unknown STM32CubeMX version: 6.13.0
2026-09-03 17:53:11,828 [ERROR] AppliInfo:139 - Unknown STM32CubeMX version: 6.13.0
2026-09-03 17:53:11,829 [ERROR] AppliInfo:139 - Unknown STM32CubeMX version: 6.13.0
2026-09-03 17:53:11,829 [ERROR] AppliInfo:139 - Unknown STM32CubeMX version: 6.13.0
2026-09-03 17:53:11,829 [ERROR] AppliInfo:139 - Unknown STM32CubeMX version: 6.13.0
2026-09-03 17:53:11,829 [ERROR] AppliInfo:139 - Unknown STM32CubeMX version: 6.13.0
2026-09-03 17:53:11,829 [ERROR] AppliInfo:139 - Unknown STM32CubeMX version: 6.13.0
2026-09-03 17:53:11,829 [ERROR] AppliInfo:139 - Unknown STM32CubeMX version: 6.13.0
2026-09-03 17:53:11,829 [ERROR] AppliInfo:139 - Unknown STM32CubeMX version: 6.13.0
2026-09-03 17:53:11,830 [ERROR] AppliInfo:139 - Unknown STM32CubeMX version: 6.13.0
2026-09-03 17:53:11,830 [ERROR] AppliInfo:139 - Unknown STM32CubeMX version: 6.13.0
2026-09-03 17:53:11,830 [ERROR] AppliInfo:139 - Unknown STM32CubeMX version: 6.13.0
2026-09-03 17:53:11,830 [ERROR] AppliInfo:139 - Unknown STM32CubeMX version: 6.13.0
2026-09-03 17:53:11,830 [ERROR] AppliInfo:139 - Unknown STM32CubeMX version: 6.13.0
2026-09-03 17:53:11,830 [ERROR] AppliInfo:139 - Unknown STM32CubeMX version: 6.17.0
2026-09-03 17:53:11,830 [ERROR] AppliInfo:139 - Unknown STM32CubeMX version: 6.13.0
2026-09-03 17:53:11,831 [ERROR] AppliInfo:139 - Unknown STM32CubeMX version: 6.13.0
2026-09-03 17:53:11,831 [ERROR] AppliInfo:139 - Unknown STM32CubeMX version: 6.13.0
2026-09-03 17:53:11,831 [ERROR] AppliInfo:139 - Unknown STM32CubeMX version: 6.17.0
2026-09-03 17:53:11,831 [ERROR] AppliInfo:139 - Unknown STM32CubeMX version: 6.14.0
2026-09-03 17:53:11,831 [ERROR] AppliInfo:139 - Unknown STM32CubeMX version: 6.17.0
2026-09-03 17:53:11,831 [ERROR] AppliInfo:139 - Unknown STM32CubeMX version: 6.13.0
2026-09-03 17:53:11,831 [ERROR] AppliInfo:139 - Unknown STM32CubeMX version: 6.18.0
2026-09-03 17:53:11,831 [ERROR] AppliInfo:139 - Unknown STM32CubeMX version: 6.13.0
2026-09-03 17:53:11,832 [ERROR] AppliInfo:139 - Unknown STM32CubeMX version: 6.13.0
2026-09-03 17:53:11,832 [ERROR] AppliInfo:139 - Unknown STM32CubeMX version: 6.13.0
2026-09-03 17:53:11,832 [ERROR] AppliInfo:139 - Unknown STM32CubeMX version: 6.13.0
2026-09-03 17:53:11,832 [ERROR] AppliInfo:139 - Unknown STM32CubeMX version: 6.13.0
2026-09-03 17:53:11,832 [ERROR] AppliInfo:139 - Unknown STM32CubeMX version: 6.13.0
2026-09-03 17:53:11,832 [ERROR] AppliInfo:139 - Unknown STM32CubeMX version: 6.13.0
2026-09-03 17:53:11,832 [ERROR] AppliInfo:139 - Unknown STM32CubeMX version: 6.13.0
2026-09-03 17:53:11,833 [ERROR] AppliInfo:139 - Unknown STM32CubeMX version: 6.13.0
2026-09-03 17:53:11,833 [ERROR] AppliInfo:139 - Unknown STM32CubeMX version: 6.13.0
2026-09-03 17:53:11,833 [ERROR] AppliInfo:139 - Unknown STM32CubeMX version: 6.13.0
2026-09-03 17:53:11,833 [ERROR] AppliInfo:139 - Unknown STM32CubeMX version: 6.13.0
2026-09-03 17:53:11,833 [ERROR] AppliInfo:139 - Unknown STM32CubeMX version: 6.13.0
2026-09-03 17:53:11,833 [ERROR] AppliInfo:139 - Unknown STM32CubeMX version: 6.13.0
2026-09-03 17:53:11,833 [ERROR] AppliInfo:139 - Unknown STM32CubeMX version: 6.13.0
2026-09-03 17:53:11,833 [ERROR] AppliInfo:139 - Unknown STM32CubeMX version: 6.13.0
2026-09-03 17:53:11,834 [ERROR] AppliInfo:139 - Unknown STM32CubeMX version: 6.14.0
2026-09-03 17:53:11,834 [ERROR] AppliInfo:139 - Unknown STM32CubeMX version: 6.14.0
2026-09-03 17:53:11,834 [ERROR] AppliInfo:139 - Unknown STM32CubeMX version: 6.13.0
2026-09-03 17:53:11,834 [ERROR] AppliInfo:139 - Unknown STM32CubeMX version: 6.13.0
2026-09-03 17:53:11,834 [ERROR] AppliInfo:139 - Unknown STM32CubeMX version: 6.13.0
2026-09-03 17:53:11,834 [ERROR] AppliInfo:139 - Unknown STM32CubeMX version: 6.13.0
2026-09-03 17:53:11,835 [ERROR] AppliInfo:139 - Unknown STM32CubeMX version: 6.13.0
2026-09-03 17:53:11,835 [ERROR] AppliInfo:139 - Unknown STM32CubeMX version: 6.13.0
2026-09-03 17:53:11,835 [ERROR] AppliInfo:139 - Unknown STM32CubeMX version: 6.13.0
2026-09-03 17:53:11,835 [ERROR] AppliInfo:139 - Unknown STM32CubeMX version: 6.13.0
2026-09-03 17:53:11,835 [ERROR] AppliInfo:139 - Unknown STM32CubeMX version: 6.13.0
2026-09-03 17:53:11,836 [ERROR] AppliInfo:139 - Unknown STM32CubeMX version: 6.13.0
2026-09-03 17:53:11,836 [ERROR] AppliInfo:139 - Unknown STM32CubeMX version: 6.13.0
2026-09-03 17:53:11,836 [ERROR] AppliInfo:139 - Unknown STM32CubeMX version: 6.13.0
2026-09-03 17:53:11,836 [ERROR] AppliInfo:139 - Unknown STM32CubeMX version: 6.13.0
2026-09-03 17:53:11,836 [ERROR] AppliInfo:139 - Unknown STM32CubeMX version: 6.13.0
2026-09-03 17:53:11,836 [ERROR] AppliInfo:139 - Unknown STM32CubeMX version: 6.18.0
2026-09-03 17:53:11,836 [ERROR] AppliInfo:139 - Unknown STM32CubeMX version: 6.13.0
2026-09-03 17:53:11,836 [ERROR] AppliInfo:139 - Unknown STM32CubeMX version: 6.13.0
2026-09-03 17:53:11,837 [ERROR] AppliInfo:139 - Unknown STM32CubeMX version: 6.13.0
2026-09-03 17:53:11,837 [ERROR] AppliInfo:139 - Unknown STM32CubeMX version: 6.13.0
2026-09-03 17:53:11,837 [ERROR] AppliInfo:139 - Unknown STM32CubeMX version: 6.13.0
2026-09-03 17:53:11,837 [ERROR] AppliInfo:139 - Unknown STM32CubeMX version: 6.13.0
2026-09-03 17:53:11,837 [ERROR] AppliInfo:139 - Unknown STM32CubeMX version: 6.13.0
2026-09-03 17:53:11,837 [ERROR] AppliInfo:139 - Unknown STM32CubeMX version: 6.13.0
2026-09-03 17:53:11,838 [ERROR] AppliInfo:139 - Unknown STM32CubeMX version: 6.13.0
2026-09-03 17:53:11,838 [ERROR] AppliInfo:139 - Unknown STM32CubeMX version: 6.13.0
2026-09-03 17:53:11,838 [ERROR] AppliInfo:139 - Unknown STM32CubeMX version: 6.13.0
2026-09-03 17:53:11,838 [ERROR] AppliInfo:139 - Unknown STM32CubeMX version: 6.13.0
2026-09-03 17:53:11,838 [ERROR] AppliInfo:139 - Unknown STM32CubeMX version: 6.13.0
2026-09-03 17:53:11,838 [ERROR] AppliInfo:139 - Unknown STM32CubeMX version: 6.13.0
2026-09-03 17:53:11,838 [ERROR] AppliInfo:139 - Unknown STM32CubeMX version: 6.13.0
2026-09-03 17:53:11,839 [ERROR] AppliInfo:139 - Unknown STM32CubeMX version: 6.13.0
2026-09-03 17:53:11,839 [ERROR] AppliInfo:139 - Unknown STM32CubeMX version: 6.13.0
2026-09-03 17:53:11,839 [ERROR] AppliInfo:139 - Unknown STM32CubeMX version: 6.13.0
2026-09-03 17:53:11,839 [ERROR] AppliInfo:139 - Unknown STM32CubeMX version: 6.13.0
2026-09-03 17:53:11,839 [ERROR] AppliInfo:139 - Unknown STM32CubeMX version: 6.13.0
2026-09-03 17:53:11,839 [ERROR] AppliInfo:139 - Unknown STM32CubeMX version: 6.13.0
2026-09-03 17:53:11,840 [ERROR] AppliInfo:139 - Unknown STM32CubeMX version: 6.13.0
2026-09-03 17:53:11,840 [ERROR] AppliInfo:139 - Unknown STM32CubeMX version: 6.13.0
2026-09-03 17:53:11,840 [ERROR] AppliInfo:139 - Unknown STM32CubeMX version: 6.13.0
2026-09-03 17:53:11,840 [ERROR] AppliInfo:139 - Unknown STM32CubeMX version: 6.13.0
2026-09-03 17:53:11,840 [ERROR] AppliInfo:139 - Unknown STM32CubeMX version: 6.13.0
2026-09-03 17:53:11,840 [ERROR] AppliInfo:139 - Unknown STM32CubeMX version: 6.13.0
2026-09-03 17:53:11,840 [ERROR] AppliInfo:139 - Unknown STM32CubeMX version: 6.13.0
2026-09-03 17:53:11,841 [ERROR] AppliInfo:139 - Unknown STM32CubeMX version: 6.13.0
2026-09-03 17:53:11,841 [ERROR] AppliInfo:139 - Unknown STM32CubeMX version: 6.13.0
2026-09-03 17:53:11,841 [ERROR] AppliInfo:139 - Unknown STM32CubeMX version: 6.14.0
2026-09-03 17:53:11,841 [ERROR] AppliInfo:139 - Unknown STM32CubeMX version: 6.13.0
2026-09-03 17:53:11,841 [ERROR] AppliInfo:139 - Unknown STM32CubeMX version: 6.14.0
2026-09-03 17:53:11,841 [ERROR] AppliInfo:139 - Unknown STM32CubeMX version: 6.13.0
2026-09-03 17:53:11,842 [ERROR] AppliInfo:139 - Unknown STM32CubeMX version: 6.14.0
2026-09-03 17:53:11,842 [ERROR] AppliInfo:139 - Unknown STM32CubeMX version: 6.13.0
2026-09-03 17:53:11,842 [ERROR] AppliInfo:139 - Unknown STM32CubeMX version: 6.13.0
2026-09-03 17:53:11,842 [ERROR] AppliInfo:139 - Unknown STM32CubeMX version: 6.13.0
2026-09-03 17:53:11,842 [ERROR] AppliInfo:139 - Unknown STM32CubeMX version: 6.13.0
2026-09-03 17:53:11,842 [ERROR] AppliInfo:139 - Unknown STM32CubeMX version: 6.13.0
2026-09-03 17:53:11,842 [ERROR] AppliInfo:139 - Unknown STM32CubeMX version: 6.13.0
2026-09-03 17:53:11,843 [ERROR] AppliInfo:139 - Unknown STM32CubeMX version: 6.13.0
2026-09-03 17:53:11,843 [ERROR] AppliInfo:139 - Unknown STM32CubeMX version: 6.13.0
2026-09-03 17:53:11,843 [ERROR] AppliInfo:139 - Unknown STM32CubeMX version: 6.13.0
2026-09-03 17:53:11,843 [ERROR] AppliInfo:139 - Unknown STM32CubeMX version: 6.13.0
2026-09-03 17:53:11,843 [ERROR] AppliInfo:139 - Unknown STM32CubeMX version: 6.13.0
2026-09-03 17:53:11,843 [ERROR] AppliInfo:139 - Unknown STM32CubeMX version: 6.13.0
2026-09-03 17:53:11,843 [ERROR] AppliInfo:139 - Unknown STM32CubeMX version: 6.13.0
2026-09-03 17:53:11,844 [ERROR] AppliInfo:139 - Unknown STM32CubeMX version: 6.13.0
2026-09-03 17:53:11,844 [ERROR] AppliInfo:139 - Unknown STM32CubeMX version: 6.13.0
2026-09-03 17:53:11,844 [ERROR] AppliInfo:139 - Unknown STM32CubeMX version: 6.13.0
2026-09-03 17:53:11,844 [ERROR] AppliInfo:139 - Unknown STM32CubeMX version: 6.13.0
2026-09-03 17:53:11,844 [ERROR] AppliInfo:139 - Unknown STM32CubeMX version: 6.13.0
2026-09-03 17:53:11,844 [ERROR] AppliInfo:139 - Unknown STM32CubeMX version: 6.13.0
2026-09-03 17:53:11,844 [ERROR] AppliInfo:139 - Unknown STM32CubeMX version: 6.13.0
2026-09-03 17:53:11,844 [ERROR] AppliInfo:139 - Unknown STM32CubeMX version: 6.13.0
2026-09-03 17:53:11,845 [ERROR] AppliInfo:139 - Unknown STM32CubeMX version: 6.13.0
2026-09-03 17:53:11,845 [ERROR] AppliInfo:139 - Unknown STM32CubeMX version: 6.13.0
2026-09-03 17:53:11,845 [ERROR] AppliInfo:139 - Unknown STM32CubeMX version: 6.13.0
2026-09-03 17:53:11,845 [ERROR] AppliInfo:139 - Unknown STM32CubeMX version: 6.13.0
2026-09-03 17:53:11,845 [ERROR] AppliInfo:139 - Unknown STM32CubeMX version: 6.13.0
2026-09-03 17:53:11,845 [ERROR] AppliInfo:139 - Unknown STM32CubeMX version: 6.13.0
2026-09-03 17:53:11,846 [ERROR] AppliInfo:139 - Unknown STM32CubeMX version: 6.13.0
2026-09-03 17:53:11,846 [ERROR] AppliInfo:139 - Unknown STM32CubeMX version: 6.13.0
2026-09-03 17:53:11,846 [ERROR] AppliInfo:139 - Unknown STM32CubeMX version: 6.13.0
2026-09-03 17:53:11,846 [ERROR] AppliInfo:139 - Unknown STM32CubeMX version: 6.13.0
2026-09-03 17:53:11,846 [ERROR] AppliInfo:139 - Unknown STM32CubeMX version: 6.13.0
2026-09-03 17:53:11,846 [ERROR] AppliInfo:139 - Unknown STM32CubeMX version: 6.13.0
2026-09-03 17:53:11,846 [ERROR] AppliInfo:139 - Unknown STM32CubeMX version: 6.13.0
2026-09-03 17:53:11,847 [ERROR] AppliInfo:139 - Unknown STM32CubeMX version: 6.13.0
2026-09-03 17:53:11,847 [ERROR] AppliInfo:139 - Unknown STM32CubeMX version: 6.13.0
2026-09-03 17:53:11,847 [ERROR] AppliInfo:139 - Unknown STM32CubeMX version: 6.13.0
2026-09-03 17:53:11,847 [ERROR] AppliInfo:139 - Unknown STM32CubeMX version: 6.13.0
2026-09-03 17:53:11,847 [ERROR] AppliInfo:139 - Unknown STM32CubeMX version: 6.13.0
2026-09-03 17:53:11,847 [ERROR] AppliInfo:139 - Unknown STM32CubeMX version: 6.13.0
2026-09-03 17:53:11,848 [ERROR] AppliInfo:139 - Unknown STM32CubeMX version: 6.13.0
2026-09-03 17:53:11,848 [ERROR] AppliInfo:139 - Unknown STM32CubeMX version: 6.13.0
2026-09-03 17:53:11,848 [ERROR] AppliInfo:139 - Unknown STM32CubeMX version: 6.13.0
2026-09-03 17:53:11,848 [ERROR] AppliInfo:139 - Unknown STM32CubeMX version: 6.13.0
2026-09-03 17:53:11,848 [ERROR] AppliInfo:139 - Unknown STM32CubeMX version: 6.13.0
2026-09-03 17:53:11,848 [ERROR] AppliInfo:139 - Unknown STM32CubeMX version: 6.13.0
2026-09-03 17:53:11,849 [ERROR] AppliInfo:139 - Unknown STM32CubeMX version: 6.13.0
2026-09-03 17:53:11,849 [ERROR] AppliInfo:139 - Unknown STM32CubeMX version: 6.13.0
2026-09-03 17:53:11,849 [ERROR] AppliInfo:139 - Unknown STM32CubeMX version: 6.13.0
2026-09-03 17:53:11,849 [ERROR] AppliInfo:139 - Unknown STM32CubeMX version: 6.13.0
2026-09-03 17:53:11,852 [ERROR] AppliInfo:139 - Unknown STM32CubeMX version: 6.18.0
2026-09-03 17:53:11,852 [ERROR] AppliInfo:139 - Unknown STM32CubeMX version: 6.18.0
2026-09-03 17:53:11,852 [ERROR] AppliInfo:139 - Unknown STM32CubeMX version: 6.18.0
2026-09-03 17:53:11,853 [ERROR] AppliInfo:139 - Unknown STM32CubeMX version: 6.18.0
2026-09-03 17:53:11,853 [ERROR] AppliInfo:139 - Unknown STM32CubeMX version: 6.18.0
2026-09-03 17:53:11,853 [ERROR] AppliInfo:139 - Unknown STM32CubeMX version: 6.18.0
2026-09-03 17:53:11,853 [ERROR] AppliInfo:139 - Unknown STM32CubeMX version: 6.13.0
2026-09-03 17:53:11,853 [ERROR] AppliInfo:139 - Unknown STM32CubeMX version: 6.13.0
2026-09-03 17:53:11,853 [ERROR] AppliInfo:139 - Unknown STM32CubeMX version: 6.13.0
2026-09-03 17:53:11,853 [ERROR] AppliInfo:139 - Unknown STM32CubeMX version: 6.14.0
2026-09-03 17:53:11,854 [ERROR] AppliInfo:139 - Unknown STM32CubeMX version: 6.17.0
2026-09-03 17:53:11,854 [ERROR] AppliInfo:139 - Unknown STM32CubeMX version: 6.13.0
2026-09-03 17:53:11,854 [ERROR] AppliInfo:139 - Unknown STM32CubeMX version: 6.15.0
2026-09-03 17:53:11,854 [ERROR] AppliInfo:139 - Unknown STM32CubeMX version: 6.15.0
2026-09-03 17:53:11,855 [ERROR] AppliInfo:139 - Unknown STM32CubeMX version: 6.14.0
2026-09-03 17:53:11,855 [ERROR] AppliInfo:139 - Unknown STM32CubeMX version: 6.18.0
2026-09-03 17:53:11,856 [ERROR] AppliInfo:139 - Unknown STM32CubeMX version: 6.18.0
2026-09-03 17:53:11,856 [ERROR] AppliInfo:139 - Unknown STM32CubeMX version: 6.18.0
2026-09-03 17:53:11,856 [ERROR] AppliInfo:139 - Unknown STM32CubeMX version: 6.18.0
2026-09-03 17:53:11,856 [ERROR] AppliInfo:139 - Unknown STM32CubeMX version: 6.18.0
2026-09-03 17:53:11,856 [ERROR] AppliInfo:139 - Unknown STM32CubeMX version: 6.18.0
2026-09-03 17:53:11,856 [ERROR] AppliInfo:139 - Unknown STM32CubeMX version: 6.13.0
2026-09-03 17:53:11,856 [ERROR] AppliInfo:139 - Unknown STM32CubeMX version: 6.17.0
2026-09-03 17:53:11,857 [ERROR] AppliInfo:139 - Unknown STM32CubeMX version: 6.17.0
2026-09-03 17:53:11,857 [ERROR] AppliInfo:139 - Unknown STM32CubeMX version: 6.17.0
2026-09-03 17:53:11,857 [ERROR] AppliInfo:139 - Unknown STM32CubeMX version: 6.17.0
2026-09-03 17:53:11,857 [ERROR] AppliInfo:139 - Unknown STM32CubeMX version: 6.17.0
2026-09-03 17:53:11,857 [ERROR] AppliInfo:139 - Unknown STM32CubeMX version: 6.17.0
2026-09-03 17:53:11,857 [ERROR] AppliInfo:139 - Unknown STM32CubeMX version: 6.17.0
2026-09-03 17:53:11,858 [ERROR] AppliInfo:139 - Unknown STM32CubeMX version: 6.17.0
2026-09-03 17:53:11,862 [ERROR] AppliInfo:139 - Unknown STM32CubeMX version: 6.17.0
2026-09-03 17:53:11,862 [ERROR] AppliInfo:139 - Unknown STM32CubeMX version: 6.17.0
2026-09-03 17:53:11,863 [ERROR] AppliInfo:139 - Unknown STM32CubeMX version: 6.17.0
2026-09-03 17:53:11,863 [ERROR] AppliInfo:139 - Unknown STM32CubeMX version: 6.17.0
2026-09-03 17:53:11,863 [ERROR] AppliInfo:139 - Unknown STM32CubeMX version: 6.17.0
2026-09-03 17:53:11,863 [ERROR] AppliInfo:139 - Unknown STM32CubeMX version: 6.17.0
2026-09-03 17:53:11,864 [ERROR] AppliInfo:139 - Unknown STM32CubeMX version: 6.17.0
2026-09-03 17:53:11,864 [ERROR] AppliInfo:139 - Unknown STM32CubeMX version: 6.17.0
2026-09-03 17:53:11,864 [ERROR] AppliInfo:139 - Unknown STM32CubeMX version: 6.17.0
2026-09-03 17:53:11,865 [ERROR] AppliInfo:139 - Unknown STM32CubeMX version: 6.17.0
2026-09-03 17:53:11,865 [ERROR] AppliInfo:139 - Unknown STM32CubeMX version: 6.17.0
2026-09-03 17:53:11,865 [ERROR] AppliInfo:139 - Unknown STM32CubeMX version: 6.17.0
2026-09-03 17:53:11,866 [ERROR] AppliInfo:139 - Unknown STM32CubeMX version: 6.17.0
2026-09-03 17:53:11,866 [ERROR] AppliInfo:139 - Unknown STM32CubeMX version: 6.17.0
2026-09-03 17:53:11,866 [ERROR] AppliInfo:139 - Unknown STM32CubeMX version: 6.17.0
2026-09-03 17:53:11,867 [ERROR] AppliInfo:139 - Unknown STM32CubeMX version: 6.17.0
2026-09-03 17:53:11,867 [ERROR] AppliInfo:139 - Unknown STM32CubeMX version: 6.17.0
2026-09-03 17:53:11,867 [ERROR] AppliInfo:139 - Unknown STM32CubeMX version: 6.17.0
2026-09-03 17:53:11,867 [ERROR] AppliInfo:139 - Unknown STM32CubeMX version: 6.17.0
2026-09-03 17:53:11,868 [ERROR] AppliInfo:139 - Unknown STM32CubeMX version: 6.17.0
2026-09-03 17:53:11,868 [ERROR] AppliInfo:139 - Unknown STM32CubeMX version: 6.17.0
2026-09-03 17:53:11,868 [ERROR] AppliInfo:139 - Unknown STM32CubeMX version: 6.17.0
2026-09-03 17:53:11,869 [ERROR] AppliInfo:139 - Unknown STM32CubeMX version: 6.17.0
2026-09-03 17:53:11,869 [ERROR] AppliInfo:139 - Unknown STM32CubeMX version: 6.17.0
2026-09-03 17:53:11,869 [ERROR] AppliInfo:139 - Unknown STM32CubeMX version: 6.17.0
2026-09-03 17:53:11,870 [ERROR] AppliInfo:139 - Unknown STM32CubeMX version: 6.17.0
2026-09-03 17:53:11,870 [ERROR] AppliInfo:139 - Unknown STM32CubeMX version: 6.17.0
2026-09-03 17:53:11,870 [ERROR] AppliInfo:139 - Unknown STM32CubeMX version: 6.18.0
2026-09-03 17:53:11,870 [ERROR] AppliInfo:139 - Unknown STM32CubeMX version: 6.17.0
2026-09-03 17:53:11,871 [ERROR] AppliInfo:139 - Unknown STM32CubeMX version: 6.17.0
2026-09-03 17:53:11,871 [ERROR] AppliInfo:139 - Unknown STM32CubeMX version: 6.17.0
2026-09-03 17:53:11,871 [ERROR] AppliInfo:139 - Unknown STM32CubeMX version: 6.17.0
2026-09-03 17:53:11,871 [ERROR] AppliInfo:139 - Unknown STM32CubeMX version: 6.17.0
2026-09-03 17:53:11,872 [ERROR] AppliInfo:139 - Unknown STM32CubeMX version: 6.17.0
2026-09-03 17:53:11,872 [ERROR] AppliInfo:139 - Unknown STM32CubeMX version: 6.17.0
2026-09-03 17:53:11,872 [ERROR] AppliInfo:139 - Unknown STM32CubeMX version: 6.17.0
2026-09-03 17:53:11,873 [ERROR] AppliInfo:139 - Unknown STM32CubeMX version: 6.18.0
2026-09-03 17:53:11,873 [ERROR] AppliInfo:139 - Unknown STM32CubeMX version: 6.18.0
2026-09-03 17:53:11,873 [ERROR] AppliInfo:139 - Unknown STM32CubeMX version: 6.18.0
2026-09-03 17:53:11,873 [ERROR] AppliInfo:139 - Unknown STM32CubeMX version: 6.18.0
2026-09-03 17:53:11,874 [ERROR] AppliInfo:139 - Unknown STM32CubeMX version: 6.18.0
2026-09-03 17:53:11,874 [ERROR] AppliInfo:139 - Unknown STM32CubeMX version: 6.18.0
2026-09-03 17:53:11,874 [ERROR] AppliInfo:139 - Unknown STM32CubeMX version: 6.18.0
2026-09-03 17:53:11,874 [ERROR] AppliInfo:139 - Unknown STM32CubeMX version: 6.18.0
2026-09-03 17:53:11,875 [ERROR] AppliInfo:139 - Unknown STM32CubeMX version: 6.18.0
2026-09-03 17:53:11,875 [ERROR] AppliInfo:139 - Unknown STM32CubeMX version: 6.18.0
2026-09-03 17:53:11,875 [ERROR] AppliInfo:139 - Unknown STM32CubeMX version: 6.18.0
2026-09-03 17:53:11,875 [ERROR] AppliInfo:139 - Unknown STM32CubeMX version: 6.18.0
2026-09-03 17:53:11,876 [ERROR] AppliInfo:139 - Unknown STM32CubeMX version: 6.18.0
2026-09-03 17:53:11,876 [ERROR] AppliInfo:139 - Unknown STM32CubeMX version: 6.18.0
2026-09-03 17:53:11,877 [ERROR] AppliInfo:139 - Unknown STM32CubeMX version: 6.18.0
2026-09-03 17:53:11,877 [ERROR] AppliInfo:139 - Unknown STM32CubeMX version: 6.18.0
2026-09-03 17:53:11,877 [ERROR] AppliInfo:139 - Unknown STM32CubeMX version: 6.18.0
2026-09-03 17:53:11,877 [ERROR] AppliInfo:139 - Unknown STM32CubeMX version: 6.18.0
2026-09-03 17:53:11,877 [ERROR] AppliInfo:139 - Unknown STM32CubeMX version: 6.18.0
2026-09-03 17:53:11,877 [ERROR] AppliInfo:139 - Unknown STM32CubeMX version: 6.18.0
2026-09-03 17:53:11,878 [ERROR] AppliInfo:139 - Unknown STM32CubeMX version: 6.18.0
2026-09-03 17:53:11,878 [ERROR] AppliInfo:139 - Unknown STM32CubeMX version: 6.18.0
2026-09-03 17:53:11,878 [ERROR] AppliInfo:139 - Unknown STM32CubeMX version: 6.18.0
2026-09-03 17:53:11,878 [ERROR] AppliInfo:139 - Unknown STM32CubeMX version: 6.18.0
2026-09-03 17:53:11,878 [ERROR] AppliInfo:139 - Unknown STM32CubeMX version: 6.18.0
2026-09-03 17:53:11,878 [ERROR] AppliInfo:139 - Unknown STM32CubeMX version: 6.18.0
2026-09-03 17:53:11,879 [ERROR] AppliInfo:139 - Unknown STM32CubeMX version: 6.18.0
2026-09-03 17:53:11,879 [ERROR] AppliInfo:139 - Unknown STM32CubeMX version: 6.18.0
2026-09-03 17:53:11,879 [ERROR] AppliInfo:139 - Unknown STM32CubeMX version: 6.18.0
2026-09-03 17:53:11,879 [ERROR] AppliInfo:139 - Unknown STM32CubeMX version: 6.18.0
2026-09-03 17:53:11,879 [ERROR] AppliInfo:139 - Unknown STM32CubeMX version: 6.18.0
2026-09-03 17:53:11,879 [ERROR] AppliInfo:139 - Unknown STM32CubeMX version: 6.18.0
2026-09-03 17:53:11,880 [ERROR] AppliInfo:139 - Unknown STM32CubeMX version: 6.18.0
2026-09-03 17:53:11,880 [ERROR] AppliInfo:139 - Unknown STM32CubeMX version: 6.18.0
2026-09-03 17:53:11,880 [ERROR] AppliInfo:139 - Unknown STM32CubeMX version: 6.18.0
2026-09-03 17:53:11,880 [ERROR] AppliInfo:139 - Unknown STM32CubeMX version: 6.18.0
2026-09-03 17:53:11,880 [ERROR] AppliInfo:139 - Unknown STM32CubeMX version: 6.18.0
2026-09-03 17:53:11,881 [ERROR] AppliInfo:139 - Unknown STM32CubeMX version: 6.18.0
2026-09-03 17:53:11,881 [ERROR] AppliInfo:139 - Unknown STM32CubeMX version: 6.18.0
2026-09-03 17:53:11,881 [ERROR] AppliInfo:139 - Unknown STM32CubeMX version: 6.18.0
2026-09-03 17:53:11,881 [ERROR] AppliInfo:139 - Unknown STM32CubeMX version: 6.18.0
2026-09-03 17:53:11,881 [ERROR] AppliInfo:139 - Unknown STM32CubeMX version: 6.18.0
2026-09-03 17:53:11,881 [ERROR] AppliInfo:139 - Unknown STM32CubeMX version: 6.18.0
2026-09-03 17:53:11,881 [ERROR] AppliInfo:139 - Unknown STM32CubeMX version: 6.18.0
2026-09-03 17:53:11,882 [ERROR] AppliInfo:139 - Unknown STM32CubeMX version: 6.18.0
2026-09-03 17:53:11,882 [ERROR] AppliInfo:139 - Unknown STM32CubeMX version: 6.18.0
2026-09-03 17:53:11,882 [ERROR] AppliInfo:139 - Unknown STM32CubeMX version: 6.18.0
2026-09-03 17:53:11,882 [ERROR] AppliInfo:139 - Unknown STM32CubeMX version: 6.18.0
2026-09-03 17:53:11,882 [ERROR] AppliInfo:139 - Unknown STM32CubeMX version: 6.18.0
2026-09-03 17:53:11,883 [ERROR] AppliInfo:139 - Unknown STM32CubeMX version: 6.18.0
2026-09-03 17:53:11,901 [ERROR] AppliInfo:139 - Unknown STM32CubeMX version: 6.14.0
2026-09-03 17:53:11,905 [ERROR] AppliInfo:139 - Unknown STM32CubeMX version: 6.18.0
2026-09-03 17:53:11,905 [ERROR] AppliInfo:139 - Unknown STM32CubeMX version: 6.18.0
2026-09-03 17:53:11,905 [ERROR] AppliInfo:139 - Unknown STM32CubeMX version: 6.18.0
2026-09-03 17:53:11,905 [ERROR] AppliInfo:139 - Unknown STM32CubeMX version: 6.18.0
2026-09-03 17:53:11,905 [ERROR] AppliInfo:139 - Unknown STM32CubeMX version: 6.18.0
2026-09-03 17:53:11,906 [ERROR] AppliInfo:139 - Unknown STM32CubeMX version: 6.18.0
2026-09-03 17:53:11,906 [ERROR] AppliInfo:139 - Unknown STM32CubeMX version: 6.18.0
2026-09-03 17:53:11,906 [ERROR] AppliInfo:139 - Unknown STM32CubeMX version: 6.18.0
2026-09-03 17:53:11,906 [ERROR] AppliInfo:139 - Unknown STM32CubeMX version: 6.18.0
2026-09-03 17:53:11,906 [ERROR] AppliInfo:139 - Unknown STM32CubeMX version: 6.18.0
2026-09-03 17:53:11,906 [ERROR] AppliInfo:139 - Unknown STM32CubeMX version: 6.18.0
2026-09-03 17:53:11,907 [ERROR] AppliInfo:139 - Unknown STM32CubeMX version: 6.13.0
2026-09-03 17:53:11,907 [ERROR] AppliInfo:139 - Unknown STM32CubeMX version: 6.18.0
2026-09-03 17:53:11,907 [ERROR] AppliInfo:139 - Unknown STM32CubeMX version: 6.18.0
2026-09-03 17:53:11,907 [ERROR] AppliInfo:139 - Unknown STM32CubeMX version: 6.18.0
2026-09-03 17:53:11,908 [ERROR] AppliInfo:139 - Unknown STM32CubeMX version: 6.18.0
2026-09-03 17:53:11,909 [ERROR] AppliInfo:139 - Unknown STM32CubeMX version: 6.18.0
2026-09-03 17:53:11,910 [ERROR] AppliInfo:139 - Unknown STM32CubeMX version: 6.18.0
2026-09-03 17:53:11,910 [ERROR] AppliInfo:139 - Unknown STM32CubeMX version: 6.18.0
2026-09-03 17:53:11,910 [ERROR] AppliInfo:139 - Unknown STM32CubeMX version: 6.18.0
2026-09-03 17:53:11,910 [ERROR] AppliInfo:139 - Unknown STM32CubeMX version: 6.18.0
2026-09-03 17:53:11,910 [ERROR] AppliInfo:139 - Unknown STM32CubeMX version: 6.18.0
2026-09-03 17:53:11,910 [ERROR] AppliInfo:139 - Unknown STM32CubeMX version: 6.18.0
2026-09-03 17:53:11,911 [ERROR] AppliInfo:139 - Unknown STM32CubeMX version: 6.18.0
2026-09-03 17:53:11,911 [ERROR] AppliInfo:139 - Unknown STM32CubeMX version: 6.18.0
2026-09-03 17:53:11,911 [ERROR] AppliInfo:139 - Unknown STM32CubeMX version: 6.18.0
2026-09-03 17:53:11,911 [ERROR] AppliInfo:139 - Unknown STM32CubeMX version: 6.18.0
2026-09-03 17:53:11,911 [ERROR] AppliInfo:139 - Unknown STM32CubeMX version: 6.18.0
2026-09-03 17:53:11,912 [ERROR] AppliInfo:139 - Unknown STM32CubeMX version: 6.18.0
2026-09-03 17:53:11,912 [ERROR] AppliInfo:139 - Unknown STM32CubeMX version: 6.18.0
2026-09-03 17:53:11,918 [ERROR] AppliInfo:139 - Unknown STM32CubeMX version: 6.18.0
2026-09-03 17:53:11,919 [ERROR] AppliInfo:139 - Unknown STM32CubeMX version: 6.18.0
2026-09-03 17:53:11,919 [ERROR] AppliInfo:139 - Unknown STM32CubeMX version: 6.18.0
2026-09-03 17:53:11,920 [ERROR] AppliInfo:139 - Unknown STM32CubeMX version: 6.18.0
2026-09-03 17:53:11,920 [ERROR] AppliInfo:139 - Unknown STM32CubeMX version: 6.18.0
2026-09-03 17:53:11,920 [ERROR] AppliInfo:139 - Unknown STM32CubeMX version: 6.18.0
2026-09-03 17:53:11,924 [ERROR] AppliInfo:139 - Unknown STM32CubeMX version: 6.18.0
2026-09-03 17:53:11,924 [ERROR] AppliInfo:139 - Unknown STM32CubeMX version: 6.13.0
2026-09-03 17:53:11,924 [ERROR] AppliInfo:139 - Unknown STM32CubeMX version: 6.18.0
2026-09-03 17:53:11,925 [ERROR] AppliInfo:139 - Unknown STM32CubeMX version: 6.18.0
2026-09-03 17:53:11,925 [ERROR] AppliInfo:139 - Unknown STM32CubeMX version: 6.18.0
2026-09-03 17:53:11,925 [ERROR] AppliInfo:139 - Unknown STM32CubeMX version: 6.18.0
2026-09-03 17:53:11,926 [ERROR] AppliInfo:139 - Unknown STM32CubeMX version: 6.18.0
2026-09-03 17:53:11,926 [ERROR] AppliInfo:139 - Unknown STM32CubeMX version: 6.18.0
2026-09-03 17:53:11,927 [ERROR] AppliInfo:139 - Unknown STM32CubeMX version: 6.18.0
2026-09-03 17:53:11,927 [ERROR] AppliInfo:139 - Unknown STM32CubeMX version: 6.18.0
2026-09-03 17:53:11,927 [ERROR] AppliInfo:139 - Unknown STM32CubeMX version: 6.18.0
2026-09-03 17:53:11,930 [ERROR] AppliInfo:139 - Unknown STM32CubeMX version: 6.18.0
2026-09-03 17:53:11,930 [ERROR] AppliInfo:139 - Unknown STM32CubeMX version: 6.18.0
2026-09-03 17:53:11,930 [ERROR] AppliInfo:139 - Unknown STM32CubeMX version: 6.18.0
2026-09-03 17:53:11,931 [ERROR] AppliInfo:139 - Unknown STM32CubeMX version: 6.18.0
2026-09-03 17:53:11,931 [ERROR] AppliInfo:139 - Unknown STM32CubeMX version: 6.18.0
2026-09-03 17:53:11,931 [ERROR] AppliInfo:139 - Unknown STM32CubeMX version: 6.18.0
2026-09-03 17:53:11,931 [ERROR] AppliInfo:139 - Unknown STM32CubeMX version: 6.18.0
2026-09-03 17:53:11,932 [ERROR] AppliInfo:139 - Unknown STM32CubeMX version: 6.13.0
2026-09-03 17:53:11,935 [ERROR] AppliInfo:139 - Unknown STM32CubeMX version: 6.16.0
2026-09-03 17:53:11,939 [ERROR] AppliInfo:139 - Unknown STM32CubeMX version: 6.13.0
2026-09-03 17:53:11,950 [ERROR] AppliInfo:139 - Unknown STM32CubeMX version: 6.14.0
2026-09-03 17:53:11,951 [ERROR] AppliInfo:139 - Unknown STM32CubeMX version: 6.13.0
2026-09-03 17:53:11,952 [ERROR] AppliInfo:139 - Unknown STM32CubeMX version: 6.13.0
2026-09-03 17:53:11,956 [ERROR] AppliInfo:139 - Unknown STM32CubeMX version: 6.16.0
2026-09-03 17:53:11,956 [ERROR] AppliInfo:139 - Unknown STM32CubeMX version: 6.16.0
2026-09-03 17:53:11,957 [ERROR] AppliInfo:139 - Unknown STM32CubeMX version: 6.16.0
2026-09-03 17:53:11,957 [ERROR] AppliInfo:139 - Unknown STM32CubeMX version: 6.16.0
2026-09-03 17:53:11,957 [ERROR] AppliInfo:139 - Unknown STM32CubeMX version: 6.16.0
2026-09-03 17:53:11,958 [ERROR] AppliInfo:139 - Unknown STM32CubeMX version: 6.16.0
2026-09-03 17:53:11,960 [ERROR] AppliInfo:139 - Unknown STM32CubeMX version: 6.13.0
2026-09-03 17:53:11,972 [ERROR] AppliInfo:139 - Unknown STM32CubeMX version: 6.13.0
2026-09-03 17:53:12,025 [ERROR] AppliInfo:139 - Unknown STM32CubeMX version: 6.14.0
2026-09-03 17:53:12,025 [ERROR] AppliInfo:139 - Unknown STM32CubeMX version: 6.14.0
2026-09-03 17:53:12,025 [ERROR] AppliInfo:139 - Unknown STM32CubeMX version: 6.14.0
2026-09-03 17:53:12,026 [ERROR] AppliInfo:139 - Unknown STM32CubeMX version: 6.12.1
2026-09-03 17:53:12,027 [ERROR] AppliInfo:139 - Unknown STM32CubeMX version: 6.16.0
2026-09-03 17:53:12,027 [ERROR] AppliInfo:139 - Unknown STM32CubeMX version: 6.16.0
2026-09-03 17:53:12,027 [ERROR] AppliInfo:139 - Unknown STM32CubeMX version: 6.16.0
2026-09-03 17:53:12,027 [ERROR] AppliInfo:139 - Unknown STM32CubeMX version: 6.16.0
2026-09-03 17:53:12,028 [ERROR] AppliInfo:139 - Unknown STM32CubeMX version: 6.16.0
2026-09-03 17:53:12,028 [ERROR] AppliInfo:139 - Unknown STM32CubeMX version: 6.16.0
2026-09-03 17:53:12,028 [ERROR] AppliInfo:139 - Unknown STM32CubeMX version: 6.16.0
2026-09-03 17:53:12,028 [ERROR] AppliInfo:139 - Unknown STM32CubeMX version: 6.16.0
2026-09-03 17:53:12,029 [ERROR] AppliInfo:139 - Unknown STM32CubeMX version: 6.16.0
2026-09-03 17:53:12,029 [ERROR] AppliInfo:139 - Unknown STM32CubeMX version: 6.16.0
2026-09-03 17:53:12,029 [ERROR] AppliInfo:139 - Unknown STM32CubeMX version: 6.16.0
2026-09-03 17:53:12,029 [ERROR] AppliInfo:139 - Unknown STM32CubeMX version: 6.16.0
2026-09-03 17:53:12,030 [ERROR] AppliInfo:139 - Unknown STM32CubeMX version: 6.16.0
2026-09-03 17:53:12,030 [ERROR] AppliInfo:139 - Unknown STM32CubeMX version: 6.16.0
2026-09-03 17:53:12,030 [ERROR] AppliInfo:139 - Unknown STM32CubeMX version: 6.16.0
2026-09-03 17:53:12,030 [ERROR] AppliInfo:139 - Unknown STM32CubeMX version: 6.16.0
2026-09-03 17:53:12,031 [ERROR] AppliInfo:139 - Unknown STM32CubeMX version: 6.16.0
2026-09-03 17:53:12,031 [ERROR] AppliInfo:139 - Unknown STM32CubeMX version: 6.16.0
2026-09-03 17:53:12,031 [ERROR] AppliInfo:139 - Unknown STM32CubeMX version: 6.16.0
2026-09-03 17:53:12,031 [ERROR] AppliInfo:139 - Unknown STM32CubeMX version: 6.16.0
2026-09-03 17:53:12,032 [ERROR] AppliInfo:139 - Unknown STM32CubeMX version: 6.18.0
2026-09-03 17:53:12,032 [ERROR] AppliInfo:139 - Unknown STM32CubeMX version: 6.14.0
2026-09-03 17:53:12,034 [ERROR] AppliInfo:139 - Unknown STM32CubeMX version: 6.14.0
2026-09-03 17:53:12,034 [ERROR] AppliInfo:139 - Unknown STM32CubeMX version: 6.14.0
2026-09-03 17:53:12,034 [ERROR] AppliInfo:139 - Unknown STM32CubeMX version: 6.14.0
2026-09-03 17:53:12,035 [ERROR] AppliInfo:139 - Unknown STM32CubeMX version: 6.14.0
2026-09-03 17:53:12,035 [ERROR] AppliInfo:139 - Unknown STM32CubeMX version: 6.14.0
2026-09-03 17:53:12,035 [ERROR] AppliInfo:139 - Unknown STM32CubeMX version: 6.14.0
2026-09-03 17:53:12,036 [ERROR] AppliInfo:139 - Unknown STM32CubeMX version: 6.14.0
2026-09-03 17:53:12,036 [ERROR] AppliInfo:139 - Unknown STM32CubeMX version: 6.14.0
2026-09-03 17:53:12,036 [ERROR] AppliInfo:139 - Unknown STM32CubeMX version: 6.14.0
2026-09-03 17:53:12,037 [ERROR] AppliInfo:139 - Unknown STM32CubeMX version: 6.14.0
2026-09-03 17:53:12,037 [ERROR] AppliInfo:139 - Unknown STM32CubeMX version: 6.14.0
2026-09-03 17:53:12,037 [ERROR] AppliInfo:139 - Unknown STM32CubeMX version: 6.14.0
2026-09-03 17:53:12,037 [ERROR] AppliInfo:139 - Unknown STM32CubeMX version: 6.14.0
2026-09-03 17:53:12,038 [ERROR] AppliInfo:139 - Unknown STM32CubeMX version: 6.14.0
2026-09-03 17:53:12,038 [ERROR] AppliInfo:139 - Unknown STM32CubeMX version: 6.14.0
2026-09-03 17:53:12,038 [ERROR] AppliInfo:139 - Unknown STM32CubeMX version: 6.14.0
2026-09-03 17:53:12,038 [ERROR] AppliInfo:139 - Unknown STM32CubeMX version: 6.14.0
2026-09-03 17:53:12,038 [ERROR] AppliInfo:139 - Unknown STM32CubeMX version: 6.14.0
2026-09-03 17:53:12,039 [ERROR] AppliInfo:139 - Unknown STM32CubeMX version: 6.14.0
2026-09-03 17:53:12,039 [ERROR] AppliInfo:139 - Unknown STM32CubeMX version: 6.14.0
2026-09-03 17:53:12,039 [ERROR] AppliInfo:139 - Unknown STM32CubeMX version: 6.14.0
2026-09-03 17:53:12,039 [ERROR] AppliInfo:139 - Unknown STM32CubeMX version: 6.14.0
2026-09-03 17:53:12,040 [ERROR] AppliInfo:139 - Unknown STM32CubeMX version: 6.14.0
2026-09-03 17:53:12,040 [ERROR] AppliInfo:139 - Unknown STM32CubeMX version: 6.14.0
2026-09-03 17:53:12,040 [ERROR] AppliInfo:139 - Unknown STM32CubeMX version: 6.14.0
2026-09-03 17:53:12,041 [ERROR] AppliInfo:139 - Unknown STM32CubeMX version: 6.14.0
2026-09-03 17:53:12,041 [ERROR] AppliInfo:139 - Unknown STM32CubeMX version: 6.14.0
2026-09-03 17:53:12,041 [ERROR] AppliInfo:139 - Unknown STM32CubeMX version: 6.14.0
2026-09-03 17:53:12,041 [ERROR] AppliInfo:139 - Unknown STM32CubeMX version: 6.14.0
2026-09-03 17:53:12,042 [ERROR] AppliInfo:139 - Unknown STM32CubeMX version: 6.14.0
2026-09-03 17:53:12,042 [ERROR] AppliInfo:139 - Unknown STM32CubeMX version: 6.14.0
2026-09-03 17:53:12,042 [ERROR] AppliInfo:139 - Unknown STM32CubeMX version: 6.14.0
2026-09-03 17:53:12,043 [ERROR] AppliInfo:139 - Unknown STM32CubeMX version: 6.14.0
2026-09-03 17:53:12,043 [ERROR] AppliInfo:139 - Unknown STM32CubeMX version: 6.14.0
2026-09-03 17:53:12,043 [ERROR] AppliInfo:139 - Unknown STM32CubeMX version: 6.14.0
2026-09-03 17:53:12,044 [ERROR] AppliInfo:139 - Unknown STM32CubeMX version: 6.14.0
2026-09-03 17:53:12,044 [ERROR] AppliInfo:139 - Unknown STM32CubeMX version: 6.16.0
2026-09-03 17:53:12,044 [ERROR] AppliInfo:139 - Unknown STM32CubeMX version: 6.16.0
2026-09-03 17:53:12,044 [ERROR] AppliInfo:139 - Unknown STM32CubeMX version: 6.16.0
2026-09-03 17:53:12,045 [ERROR] AppliInfo:139 - Unknown STM32CubeMX version: 6.16.0
2026-09-03 17:53:12,045 [ERROR] AppliInfo:139 - Unknown STM32CubeMX version: 6.16.0
2026-09-03 17:53:12,045 [ERROR] AppliInfo:139 - Unknown STM32CubeMX version: 6.16.0
2026-09-03 17:53:12,045 [ERROR] AppliInfo:139 - Unknown STM32CubeMX version: 6.16.0
2026-09-03 17:53:12,046 [ERROR] AppliInfo:139 - Unknown STM32CubeMX version: 6.16.0
2026-09-03 17:53:12,046 [ERROR] AppliInfo:139 - Unknown STM32CubeMX version: 6.16.0
2026-09-03 17:53:12,046 [ERROR] AppliInfo:139 - Unknown STM32CubeMX version: 6.16.0
2026-09-03 17:53:12,047 [ERROR] AppliInfo:139 - Unknown STM32CubeMX version: 6.16.0
2026-09-03 17:53:12,047 [ERROR] AppliInfo:139 - Unknown STM32CubeMX version: 6.16.0
2026-09-03 17:53:12,047 [ERROR] AppliInfo:139 - Unknown STM32CubeMX version: 6.16.0
2026-09-03 17:53:12,048 [ERROR] AppliInfo:139 - Unknown STM32CubeMX version: 6.16.0
2026-09-03 17:53:12,048 [ERROR] AppliInfo:139 - Unknown STM32CubeMX version: 6.16.0
2026-09-03 17:53:12,048 [ERROR] AppliInfo:139 - Unknown STM32CubeMX version: 6.16.0
2026-09-03 17:53:12,049 [ERROR] AppliInfo:139 - Unknown STM32CubeMX version: 6.16.0
2026-09-03 17:53:12,053 [ERROR] AppliInfo:139 - Unknown STM32CubeMX version: 6.16.0
2026-09-03 17:53:12,053 [ERROR] AppliInfo:139 - Unknown STM32CubeMX version: 6.16.0
2026-09-03 17:53:12,054 [ERROR] AppliInfo:139 - Unknown STM32CubeMX version: 6.16.0
2026-09-03 17:53:12,054 [ERROR] AppliInfo:139 - Unknown STM32CubeMX version: 6.16.0
2026-09-03 17:53:12,054 [ERROR] AppliInfo:139 - Unknown STM32CubeMX version: 6.14.0
2026-09-03 17:53:12,056 [ERROR] AppliInfo:139 - Unknown STM32CubeMX version: 6.14.0
2026-09-03 17:53:12,057 [ERROR] AppliInfo:139 - Unknown STM32CubeMX version: 6.14.0
2026-09-03 17:53:12,057 [ERROR] AppliInfo:139 - Unknown STM32CubeMX version: 6.14.0
2026-09-03 17:53:12,057 [ERROR] AppliInfo:139 - Unknown STM32CubeMX version: 6.14.0
2026-09-03 17:53:12,057 [ERROR] AppliInfo:139 - Unknown STM32CubeMX version: 6.14.0
2026-09-03 17:53:12,058 [ERROR] AppliInfo:139 - Unknown STM32CubeMX version: 6.14.0
2026-09-03 17:53:12,058 [ERROR] AppliInfo:139 - Unknown STM32CubeMX version: 6.14.0
2026-09-03 17:53:12,058 [ERROR] AppliInfo:139 - Unknown STM32CubeMX version: 6.14.0
2026-09-03 17:53:12,059 [ERROR] AppliInfo:139 - Unknown STM32CubeMX version: 6.14.0
2026-09-03 17:53:12,059 [ERROR] AppliInfo:139 - Unknown STM32CubeMX version: 6.14.0
2026-09-03 17:53:12,059 [ERROR] AppliInfo:139 - Unknown STM32CubeMX version: 6.14.0
2026-09-03 17:53:12,059 [ERROR] AppliInfo:139 - Unknown STM32CubeMX version: 6.14.0
2026-09-03 17:53:12,060 [ERROR] AppliInfo:139 - Unknown STM32CubeMX version: 6.14.0
2026-09-03 17:53:12,060 [ERROR] AppliInfo:139 - Unknown STM32CubeMX version: 6.14.0
2026-09-03 17:53:12,060 [ERROR] AppliInfo:139 - Unknown STM32CubeMX version: 6.14.0
2026-09-03 17:53:12,060 [ERROR] AppliInfo:139 - Unknown STM32CubeMX version: 6.14.0
2026-09-03 17:53:12,060 [ERROR] AppliInfo:139 - Unknown STM32CubeMX version: 6.14.0
2026-09-03 17:53:12,061 [ERROR] AppliInfo:139 - Unknown STM32CubeMX version: 6.14.0
2026-09-03 17:53:12,061 [ERROR] AppliInfo:139 - Unknown STM32CubeMX version: 6.14.0
2026-09-03 17:53:12,061 [ERROR] AppliInfo:139 - Unknown STM32CubeMX version: 6.14.0
2026-09-03 17:53:12,061 [ERROR] AppliInfo:139 - Unknown STM32CubeMX version: 6.14.0
2026-09-03 17:53:12,062 [ERROR] AppliInfo:139 - Unknown STM32CubeMX version: 6.14.0
2026-09-03 17:53:12,062 [ERROR] AppliInfo:139 - Unknown STM32CubeMX version: 6.14.0
2026-09-03 17:53:12,062 [ERROR] AppliInfo:139 - Unknown STM32CubeMX version: 6.14.0
2026-09-03 17:53:12,063 [ERROR] AppliInfo:139 - Unknown STM32CubeMX version: 6.14.0
2026-09-03 17:53:12,063 [ERROR] AppliInfo:139 - Unknown STM32CubeMX version: 6.14.0
2026-09-03 17:53:12,063 [ERROR] AppliInfo:139 - Unknown STM32CubeMX version: 6.14.0
2026-09-03 17:53:12,063 [ERROR] AppliInfo:139 - Unknown STM32CubeMX version: 6.14.0
2026-09-03 17:53:12,063 [ERROR] AppliInfo:139 - Unknown STM32CubeMX version: 6.14.0
2026-09-03 17:53:12,064 [ERROR] AppliInfo:139 - Unknown STM32CubeMX version: 6.14.0
2026-09-03 17:53:12,064 [ERROR] AppliInfo:139 - Unknown STM32CubeMX version: 6.14.0
2026-09-03 17:53:12,064 [ERROR] AppliInfo:139 - Unknown STM32CubeMX version: 6.14.0
2026-09-03 17:53:12,064 [ERROR] AppliInfo:139 - Unknown STM32CubeMX version: 6.14.0
2026-09-03 17:53:12,065 [ERROR] AppliInfo:139 - Unknown STM32CubeMX version: 6.14.0
2026-09-03 17:53:12,065 [ERROR] AppliInfo:139 - Unknown STM32CubeMX version: 6.14.0
2026-09-03 17:53:12,065 [ERROR] AppliInfo:139 - Unknown STM32CubeMX version: 6.14.0
2026-09-03 17:53:12,066 [ERROR] AppliInfo:139 - Unknown STM32CubeMX version: 6.16.0
2026-09-03 17:53:12,066 [ERROR] AppliInfo:139 - Unknown STM32CubeMX version: 6.16.0
2026-09-03 17:53:12,066 [ERROR] AppliInfo:139 - Unknown STM32CubeMX version: 6.16.0
2026-09-03 17:53:12,066 [ERROR] AppliInfo:139 - Unknown STM32CubeMX version: 6.16.0
2026-09-03 17:53:12,067 [ERROR] AppliInfo:139 - Unknown STM32CubeMX version: 6.16.0
2026-09-03 17:53:12,067 [ERROR] AppliInfo:139 - Unknown STM32CubeMX version: 6.16.0
2026-09-03 17:53:12,067 [ERROR] AppliInfo:139 - Unknown STM32CubeMX version: 6.16.0
2026-09-03 17:53:12,067 [ERROR] AppliInfo:139 - Unknown STM32CubeMX version: 6.16.0
2026-09-03 17:53:12,067 [ERROR] AppliInfo:139 - Unknown STM32CubeMX version: 6.16.0
2026-09-03 17:53:12,068 [ERROR] AppliInfo:139 - Unknown STM32CubeMX version: 6.16.0
2026-09-03 17:53:12,068 [ERROR] AppliInfo:139 - Unknown STM32CubeMX version: 6.16.0
2026-09-03 17:53:12,068 [ERROR] AppliInfo:139 - Unknown STM32CubeMX version: 6.16.0
2026-09-03 17:53:12,068 [ERROR] AppliInfo:139 - Unknown STM32CubeMX version: 6.16.0
2026-09-03 17:53:12,069 [ERROR] AppliInfo:139 - Unknown STM32CubeMX version: 6.16.0
2026-09-03 17:53:12,069 [ERROR] AppliInfo:139 - Unknown STM32CubeMX version: 6.16.0
2026-09-03 17:53:12,069 [ERROR] AppliInfo:139 - Unknown STM32CubeMX version: 6.16.0
2026-09-03 17:53:12,069 [ERROR] AppliInfo:139 - Unknown STM32CubeMX version: 6.16.0
2026-09-03 17:53:12,070 [ERROR] AppliInfo:139 - Unknown STM32CubeMX version: 6.16.0
2026-09-03 17:53:12,070 [ERROR] AppliInfo:139 - Unknown STM32CubeMX version: 6.16.0
2026-09-03 17:53:12,070 [ERROR] AppliInfo:139 - Unknown STM32CubeMX version: 6.16.0
2026-09-03 17:53:12,070 [ERROR] AppliInfo:139 - Unknown STM32CubeMX version: 6.16.0
2026-09-03 17:53:12,070 [ERROR] AppliInfo:139 - Unknown STM32CubeMX version: 6.14.0
2026-09-03 17:53:12,071 [ERROR] AppliInfo:139 - Unknown STM32CubeMX version: 6.14.0
2026-09-03 17:53:12,071 [ERROR] AppliInfo:139 - Unknown STM32CubeMX version: 6.14.0
2026-09-03 17:53:12,073 [ERROR] AppliInfo:139 - Unknown STM32CubeMX version: 6.14.0
2026-09-03 17:53:12,073 [ERROR] AppliInfo:139 - Unknown STM32CubeMX version: 6.14.0
2026-09-03 17:53:12,073 [ERROR] AppliInfo:139 - Unknown STM32CubeMX version: 6.14.0
2026-09-03 17:53:12,073 [ERROR] AppliInfo:139 - Unknown STM32CubeMX version: 6.14.0
2026-09-03 17:53:12,074 [ERROR] AppliInfo:139 - Unknown STM32CubeMX version: 6.14.0
2026-09-03 17:53:12,074 [ERROR] AppliInfo:139 - Unknown STM32CubeMX version: 6.14.0
2026-09-03 17:53:12,074 [ERROR] AppliInfo:139 - Unknown STM32CubeMX version: 6.14.0
2026-09-03 17:53:12,074 [ERROR] AppliInfo:139 - Unknown STM32CubeMX version: 6.14.0
2026-09-03 17:53:12,075 [ERROR] AppliInfo:139 - Unknown STM32CubeMX version: 6.14.0
2026-09-03 17:53:12,075 [ERROR] AppliInfo:139 - Unknown STM32CubeMX version: 6.14.0
2026-09-03 17:53:12,075 [ERROR] AppliInfo:139 - Unknown STM32CubeMX version: 6.14.0
2026-09-03 17:53:12,075 [ERROR] AppliInfo:139 - Unknown STM32CubeMX version: 6.14.0
2026-09-03 17:53:12,075 [ERROR] AppliInfo:139 - Unknown STM32CubeMX version: 6.14.0
2026-09-03 17:53:12,076 [ERROR] AppliInfo:139 - Unknown STM32CubeMX version: 6.14.0
2026-09-03 17:53:12,076 [ERROR] AppliInfo:139 - Unknown STM32CubeMX version: 6.14.0
2026-09-03 17:53:12,076 [ERROR] AppliInfo:139 - Unknown STM32CubeMX version: 6.14.0
2026-09-03 17:53:12,076 [ERROR] AppliInfo:139 - Unknown STM32CubeMX version: 6.14.0
2026-09-03 17:53:12,076 [ERROR] AppliInfo:139 - Unknown STM32CubeMX version: 6.14.0
2026-09-03 17:53:12,077 [ERROR] AppliInfo:139 - Unknown STM32CubeMX version: 6.14.0
2026-09-03 17:53:12,077 [ERROR] AppliInfo:139 - Unknown STM32CubeMX version: 6.14.0
2026-09-03 17:53:12,077 [ERROR] AppliInfo:139 - Unknown STM32CubeMX version: 6.14.0
2026-09-03 17:53:12,077 [ERROR] AppliInfo:139 - Unknown STM32CubeMX version: 6.14.0
2026-09-03 17:53:12,078 [ERROR] AppliInfo:139 - Unknown STM32CubeMX version: 6.14.0
2026-09-03 17:53:12,078 [ERROR] AppliInfo:139 - Unknown STM32CubeMX version: 6.14.0
2026-09-03 17:53:12,078 [ERROR] AppliInfo:139 - Unknown STM32CubeMX version: 6.14.0
2026-09-03 17:53:12,078 [ERROR] AppliInfo:139 - Unknown STM32CubeMX version: 6.14.0
2026-09-03 17:53:12,078 [ERROR] AppliInfo:139 - Unknown STM32CubeMX version: 6.14.0
2026-09-03 17:53:12,079 [ERROR] AppliInfo:139 - Unknown STM32CubeMX version: 6.14.0
2026-09-03 17:53:12,079 [ERROR] AppliInfo:139 - Unknown STM32CubeMX version: 6.14.0
2026-09-03 17:53:12,079 [ERROR] AppliInfo:139 - Unknown STM32CubeMX version: 6.14.0
2026-09-03 17:53:12,079 [ERROR] AppliInfo:139 - Unknown STM32CubeMX version: 6.14.0
2026-09-03 17:53:12,079 [ERROR] AppliInfo:139 - Unknown STM32CubeMX version: 6.14.0
2026-09-03 17:53:12,080 [ERROR] AppliInfo:139 - Unknown STM32CubeMX version: 6.14.0
2026-09-03 17:53:12,080 [ERROR] AppliInfo:139 - Unknown STM32CubeMX version: 6.14.0
2026-09-03 17:53:12,080 [ERROR] AppliInfo:139 - Unknown STM32CubeMX version: 6.14.0
2026-09-03 17:53:12,080 [ERROR] AppliInfo:139 - Unknown STM32CubeMX version: 6.14.0
2026-09-03 17:53:12,080 [ERROR] AppliInfo:139 - Unknown STM32CubeMX version: 6.14.0
2026-09-03 17:53:12,081 [ERROR] AppliInfo:139 - Unknown STM32CubeMX version: 6.14.0
2026-09-03 17:53:12,081 [ERROR] AppliInfo:139 - Unknown STM32CubeMX version: 6.14.0
2026-09-03 17:53:12,081 [ERROR] AppliInfo:139 - Unknown STM32CubeMX version: 6.14.0
2026-09-03 17:53:12,081 [ERROR] AppliInfo:139 - Unknown STM32CubeMX version: 6.14.0
2026-09-03 17:53:12,081 [ERROR] AppliInfo:139 - Unknown STM32CubeMX version: 6.14.0
2026-09-03 17:53:12,082 [ERROR] AppliInfo:139 - Unknown STM32CubeMX version: 6.14.0
2026-09-03 17:53:12,082 [ERROR] AppliInfo:139 - Unknown STM32CubeMX version: 6.14.0
2026-09-03 17:53:12,082 [ERROR] AppliInfo:139 - Unknown STM32CubeMX version: 6.14.0
2026-09-03 17:53:12,082 [ERROR] AppliInfo:139 - Unknown STM32CubeMX version: 6.14.0
2026-09-03 17:53:12,083 [ERROR] AppliInfo:139 - Unknown STM32CubeMX version: 6.14.0
2026-09-03 17:53:12,083 [ERROR] AppliInfo:139 - Unknown STM32CubeMX version: 6.14.0
2026-09-03 17:53:12,083 [ERROR] AppliInfo:139 - Unknown STM32CubeMX version: 6.14.0
2026-09-03 17:53:12,083 [ERROR] AppliInfo:139 - Unknown STM32CubeMX version: 6.14.0
2026-09-03 17:53:12,084 [ERROR] AppliInfo:139 - Unknown STM32CubeMX version: 6.14.0
2026-09-03 17:53:12,084 [ERROR] AppliInfo:139 - Unknown STM32CubeMX version: 6.14.0
2026-09-03 17:53:12,084 [ERROR] AppliInfo:139 - Unknown STM32CubeMX version: 6.14.0
2026-09-03 17:53:12,084 [ERROR] AppliInfo:139 - Unknown STM32CubeMX version: 6.14.0
2026-09-03 17:53:12,085 [ERROR] AppliInfo:139 - Unknown STM32CubeMX version: 6.14.0
2026-09-03 17:53:12,085 [ERROR] AppliInfo:139 - Unknown STM32CubeMX version: 6.14.0
2026-09-03 17:53:12,085 [ERROR] AppliInfo:139 - Unknown STM32CubeMX version: 6.14.0
2026-09-03 17:53:12,085 [ERROR] AppliInfo:139 - Unknown STM32CubeMX version: 6.14.0
2026-09-03 17:53:12,085 [ERROR] AppliInfo:139 - Unknown STM32CubeMX version: 6.14.0
2026-09-03 17:53:12,086 [ERROR] AppliInfo:139 - Unknown STM32CubeMX version: 6.14.0
2026-09-03 17:53:12,086 [ERROR] AppliInfo:139 - Unknown STM32CubeMX version: 6.14.0
2026-09-03 17:53:12,086 [ERROR] AppliInfo:139 - Unknown STM32CubeMX version: 6.14.0
2026-09-03 17:53:12,086 [ERROR] AppliInfo:139 - Unknown STM32CubeMX version: 6.14.0
2026-09-03 17:53:12,087 [ERROR] AppliInfo:139 - Unknown STM32CubeMX version: 6.14.0
2026-09-03 17:53:12,087 [ERROR] AppliInfo:139 - Unknown STM32CubeMX version: 6.14.0
2026-09-03 17:53:12,087 [ERROR] AppliInfo:139 - Unknown STM32CubeMX version: 6.14.0
2026-09-03 17:53:12,088 [ERROR] AppliInfo:139 - Unknown STM32CubeMX version: 6.14.0
2026-09-03 17:53:12,088 [ERROR] AppliInfo:139 - Unknown STM32CubeMX version: 6.16.0
2026-09-03 17:53:12,088 [ERROR] AppliInfo:139 - Unknown STM32CubeMX version: 6.16.0
2026-09-03 17:53:12,088 [ERROR] AppliInfo:139 - Unknown STM32CubeMX version: 6.16.0
2026-09-03 17:53:12,089 [ERROR] AppliInfo:139 - Unknown STM32CubeMX version: 6.16.0
2026-09-03 17:53:12,089 [ERROR] AppliInfo:139 - Unknown STM32CubeMX version: 6.16.0
2026-09-03 17:53:12,089 [ERROR] AppliInfo:139 - Unknown STM32CubeMX version: 6.16.0
2026-09-03 17:53:12,089 [ERROR] AppliInfo:139 - Unknown STM32CubeMX version: 6.16.0
2026-09-03 17:53:12,090 [ERROR] AppliInfo:139 - Unknown STM32CubeMX version: 6.16.0
2026-09-03 17:53:12,090 [ERROR] AppliInfo:139 - Unknown STM32CubeMX version: 6.16.0
2026-09-03 17:53:12,091 [ERROR] AppliInfo:139 - Unknown STM32CubeMX version: 6.14.0
2026-09-03 17:53:12,092 [ERROR] AppliInfo:139 - Unknown STM32CubeMX version: 6.14.0
2026-09-03 17:53:12,092 [ERROR] AppliInfo:139 - Unknown STM32CubeMX version: 6.14.0
2026-09-03 17:53:12,092 [ERROR] AppliInfo:139 - Unknown STM32CubeMX version: 6.14.0
2026-09-03 17:53:12,092 [ERROR] AppliInfo:139 - Unknown STM32CubeMX version: 6.16.0
2026-09-03 17:53:12,092 [ERROR] AppliInfo:139 - Unknown STM32CubeMX version: 6.16.0
2026-09-03 17:53:12,092 [ERROR] AppliInfo:139 - Unknown STM32CubeMX version: 6.16.0
2026-09-03 17:53:12,093 [ERROR] AppliInfo:139 - Unknown STM32CubeMX version: 6.16.0
2026-09-03 17:53:12,093 [ERROR] AppliInfo:139 - Unknown STM32CubeMX version: 6.16.0
2026-09-03 17:53:12,093 [ERROR] AppliInfo:139 - Unknown STM32CubeMX version: 6.16.0
2026-09-03 17:53:12,094 [ERROR] AppliInfo:139 - Unknown STM32CubeMX version: 6.14.0
2026-09-03 17:53:12,094 [ERROR] AppliInfo:139 - Unknown STM32CubeMX version: 6.14.0
2026-09-03 17:53:12,095 [ERROR] AppliInfo:139 - Unknown STM32CubeMX version: 6.14.0
2026-09-03 17:53:12,095 [ERROR] AppliInfo:139 - Unknown STM32CubeMX version: 6.14.0
2026-09-03 17:53:12,095 [ERROR] AppliInfo:139 - Unknown STM32CubeMX version: 6.16.0
2026-09-03 17:53:12,095 [ERROR] AppliInfo:139 - Unknown STM32CubeMX version: 6.16.0
2026-09-03 17:53:12,095 [ERROR] AppliInfo:139 - Unknown STM32CubeMX version: 6.16.0
2026-09-03 17:53:12,095 [ERROR] AppliInfo:139 - Unknown STM32CubeMX version: 6.16.0
2026-09-03 17:53:12,096 [ERROR] AppliInfo:139 - Unknown STM32CubeMX version: 6.16.0
2026-09-03 17:53:12,096 [ERROR] AppliInfo:139 - Unknown STM32CubeMX version: 6.16.0
2026-09-03 17:53:12,096 [ERROR] AppliInfo:139 - Unknown STM32CubeMX version: 6.16.0
2026-09-03 17:53:12,096 [ERROR] AppliInfo:139 - Unknown STM32CubeMX version: 6.16.0
2026-09-03 17:53:12,097 [ERROR] AppliInfo:139 - Unknown STM32CubeMX version: 6.14.0
2026-09-03 17:53:12,098 [ERROR] AppliInfo:139 - Unknown STM32CubeMX version: 6.14.0
2026-09-03 17:53:12,098 [ERROR] AppliInfo:139 - Unknown STM32CubeMX version: 6.14.0
2026-09-03 17:53:12,098 [ERROR] AppliInfo:139 - Unknown STM32CubeMX version: 6.14.0
2026-09-03 17:53:12,099 [ERROR] AppliInfo:139 - Unknown STM32CubeMX version: 6.16.0
2026-09-03 17:53:12,099 [ERROR] AppliInfo:139 - Unknown STM32CubeMX version: 6.16.0
2026-09-03 17:53:12,100 [ERROR] AppliInfo:139 - Unknown STM32CubeMX version: 6.16.0
2026-09-03 17:53:12,100 [ERROR] AppliInfo:139 - Unknown STM32CubeMX version: 6.16.0
2026-09-03 17:53:12,100 [ERROR] AppliInfo:139 - Unknown STM32CubeMX version: 6.16.0
2026-09-03 17:53:12,101 [ERROR] AppliInfo:139 - Unknown STM32CubeMX version: 6.16.0
2026-09-03 17:53:12,101 [ERROR] AppliInfo:139 - Unknown STM32CubeMX version: 6.16.0
2026-09-03 17:53:12,102 [ERROR] AppliInfo:139 - Unknown STM32CubeMX version: 6.16.0
2026-09-03 17:53:12,102 [ERROR] AppliInfo:139 - Unknown STM32CubeMX version: 6.16.0
2026-09-03 17:53:12,103 [ERROR] AppliInfo:139 - Unknown STM32CubeMX version: 6.16.0
2026-09-03 17:53:12,103 [ERROR] AppliInfo:139 - Unknown STM32CubeMX version: 6.16.0
2026-09-03 17:53:12,103 [ERROR] AppliInfo:139 - Unknown STM32CubeMX version: 6.16.0
2026-09-03 17:53:12,104 [ERROR] AppliInfo:139 - Unknown STM32CubeMX version: 6.16.0
2026-09-03 17:53:12,104 [ERROR] AppliInfo:139 - Unknown STM32CubeMX version: 6.16.0
2026-09-03 17:53:12,105 [ERROR] AppliInfo:139 - Unknown STM32CubeMX version: 6.16.0
2026-09-03 17:53:12,106 [ERROR] AppliInfo:139 - Unknown STM32CubeMX version: 6.16.0
2026-09-03 17:53:12,106 [ERROR] AppliInfo:139 - Unknown STM32CubeMX version: 6.16.0
2026-09-03 17:53:12,106 [ERROR] AppliInfo:139 - Unknown STM32CubeMX version: 6.16.0
2026-09-03 17:53:12,106 [ERROR] AppliInfo:139 - Unknown STM32CubeMX version: 6.16.0
2026-09-03 17:53:12,107 [ERROR] AppliInfo:139 - Unknown STM32CubeMX version: 6.16.0
2026-09-03 17:53:12,108 [ERROR] AppliInfo:139 - Unknown STM32CubeMX version: 6.16.0
2026-09-03 17:53:12,109 [ERROR] AppliInfo:139 - Unknown STM32CubeMX version: 6.16.0
2026-09-03 17:53:12,110 [ERROR] AppliInfo:139 - Unknown STM32CubeMX version: 6.16.0
2026-09-03 17:53:12,117 [ERROR] AppliInfo:139 - Unknown STM32CubeMX version: 6.16.0
2026-09-03 17:53:12,119 [ERROR] AppliInfo:139 - Unknown STM32CubeMX version: 6.18.0
2026-09-03 17:53:12,119 [ERROR] AppliInfo:139 - Unknown STM32CubeMX version: 6.18.0
2026-09-03 17:53:12,119 [ERROR] AppliInfo:139 - Unknown STM32CubeMX version: 6.18.0
2026-09-03 17:53:12,120 [ERROR] AppliInfo:139 - Unknown STM32CubeMX version: 6.18.0
2026-09-03 17:53:12,120 [ERROR] AppliInfo:139 - Unknown STM32CubeMX version: 6.18.0
2026-09-03 17:53:12,120 [ERROR] AppliInfo:139 - Unknown STM32CubeMX version: 6.18.0
2026-09-03 17:53:12,120 [ERROR] AppliInfo:139 - Unknown STM32CubeMX version: 6.18.0
2026-09-03 17:53:12,121 [ERROR] AppliInfo:139 - Unknown STM32CubeMX version: 6.18.0
2026-09-03 17:53:12,121 [ERROR] AppliInfo:139 - Unknown STM32CubeMX version: 6.18.0
2026-09-03 17:53:12,121 [ERROR] AppliInfo:139 - Unknown STM32CubeMX version: 6.18.0
2026-09-03 17:53:12,121 [ERROR] AppliInfo:139 - Unknown STM32CubeMX version: 6.18.0
2026-09-03 17:53:12,121 [ERROR] AppliInfo:139 - Unknown STM32CubeMX version: 6.18.0
2026-09-03 17:53:12,121 [ERROR] AppliInfo:139 - Unknown STM32CubeMX version: 6.18.0
2026-09-03 17:53:12,122 [ERROR] AppliInfo:139 - Unknown STM32CubeMX version: 6.18.0
2026-09-03 17:53:12,122 [ERROR] AppliInfo:139 - Unknown STM32CubeMX version: 6.18.0
2026-09-03 17:53:12,122 [ERROR] AppliInfo:139 - Unknown STM32CubeMX version: 6.18.0
2026-09-03 17:53:12,122 [ERROR] AppliInfo:139 - Unknown STM32CubeMX version: 6.18.0
2026-09-03 17:53:12,122 [ERROR] AppliInfo:139 - Unknown STM32CubeMX version: 6.18.0
2026-09-03 17:53:12,122 [ERROR] AppliInfo:139 - Unknown STM32CubeMX version: 6.18.0
2026-09-03 17:53:12,123 [ERROR] AppliInfo:139 - Unknown STM32CubeMX version: 6.17.0
2026-09-03 17:53:12,123 [ERROR] AppliInfo:139 - Unknown STM32CubeMX version: 6.17.0
2026-09-03 17:53:12,123 [ERROR] AppliInfo:139 - Unknown STM32CubeMX version: 6.17.0
2026-09-03 17:53:12,123 [ERROR] AppliInfo:139 - Unknown STM32CubeMX version: 6.17.0
2026-09-03 17:53:12,124 [ERROR] AppliInfo:139 - Unknown STM32CubeMX version: 6.17.0
2026-09-03 17:53:12,124 [ERROR] AppliInfo:139 - Unknown STM32CubeMX version: 6.14.0
2026-09-03 17:53:12,124 [ERROR] AppliInfo:139 - Unknown STM32CubeMX version: 6.14.0
2026-09-03 17:53:12,124 [ERROR] AppliInfo:139 - Unknown STM32CubeMX version: 6.14.0
2026-09-03 17:53:12,124 [ERROR] AppliInfo:139 - Unknown STM32CubeMX version: 6.14.0
2026-09-03 17:53:12,125 [ERROR] AppliInfo:139 - Unknown STM32CubeMX version: 6.14.0
2026-09-03 17:53:12,125 [ERROR] AppliInfo:139 - Unknown STM32CubeMX version: 6.14.0
2026-09-03 17:53:12,125 [ERROR] AppliInfo:139 - Unknown STM32CubeMX version: 6.14.0
2026-09-03 17:53:12,125 [ERROR] AppliInfo:139 - Unknown STM32CubeMX version: 6.14.0
2026-09-03 17:53:12,125 [ERROR] AppliInfo:139 - Unknown STM32CubeMX version: 6.14.0
2026-09-03 17:53:12,126 [ERROR] AppliInfo:139 - Unknown STM32CubeMX version: 6.14.0
2026-09-03 17:53:12,126 [ERROR] AppliInfo:139 - Unknown STM32CubeMX version: 6.14.0
2026-09-03 17:53:12,126 [ERROR] AppliInfo:139 - Unknown STM32CubeMX version: 6.14.0
2026-09-03 17:53:12,126 [ERROR] AppliInfo:139 - Unknown STM32CubeMX version: 6.14.0
2026-09-03 17:53:12,126 [ERROR] AppliInfo:139 - Unknown STM32CubeMX version: 6.14.0
2026-09-03 17:53:12,126 [ERROR] AppliInfo:139 - Unknown STM32CubeMX version: 6.14.0
2026-09-03 17:53:12,127 [ERROR] AppliInfo:139 - Unknown STM32CubeMX version: 6.14.0
2026-09-03 17:53:12,127 [ERROR] AppliInfo:139 - Unknown STM32CubeMX version: 6.14.0
2026-09-03 17:53:12,127 [ERROR] AppliInfo:139 - Unknown STM32CubeMX version: 6.14.0
2026-09-03 17:53:12,127 [ERROR] AppliInfo:139 - Unknown STM32CubeMX version: 6.14.0
2026-09-03 17:53:12,127 [ERROR] AppliInfo:139 - Unknown STM32CubeMX version: 6.14.0
2026-09-03 17:53:12,128 [ERROR] AppliInfo:139 - Unknown STM32CubeMX version: 6.14.0
2026-09-03 17:53:12,132 [ERROR] AppliInfo:139 - Unknown STM32CubeMX version: 6.14.0
2026-09-03 17:53:12,133 [ERROR] AppliInfo:139 - Unknown STM32CubeMX version: 6.14.0
2026-09-03 17:53:12,133 [ERROR] AppliInfo:139 - Unknown STM32CubeMX version: 6.14.0
2026-09-03 17:53:12,133 [ERROR] AppliInfo:139 - Unknown STM32CubeMX version: 6.14.0
2026-09-03 17:53:12,134 [ERROR] AppliInfo:139 - Unknown STM32CubeMX version: 6.14.0
2026-09-03 17:53:12,134 [ERROR] AppliInfo:139 - Unknown STM32CubeMX version: 6.14.0
2026-09-03 17:53:12,134 [ERROR] AppliInfo:139 - Unknown STM32CubeMX version: 6.14.0
2026-09-03 17:53:12,135 [ERROR] AppliInfo:139 - Unknown STM32CubeMX version: 6.14.0
2026-09-03 17:53:12,135 [ERROR] AppliInfo:139 - Unknown STM32CubeMX version: 6.14.0
2026-09-03 17:53:12,136 [ERROR] AppliInfo:139 - Unknown STM32CubeMX version: 6.14.0
2026-09-03 17:53:12,136 [ERROR] AppliInfo:139 - Unknown STM32CubeMX version: 6.14.0
2026-09-03 17:53:12,136 [ERROR] AppliInfo:139 - Unknown STM32CubeMX version: 6.14.0
2026-09-03 17:53:12,137 [ERROR] AppliInfo:139 - Unknown STM32CubeMX version: 6.14.0
2026-09-03 17:53:12,137 [ERROR] AppliInfo:139 - Unknown STM32CubeMX version: 6.14.0
2026-09-03 17:53:12,137 [ERROR] AppliInfo:139 - Unknown STM32CubeMX version: 6.14.0
2026-09-03 17:53:12,138 [ERROR] AppliInfo:139 - Unknown STM32CubeMX version: 6.14.0
2026-09-03 17:53:12,138 [ERROR] AppliInfo:139 - Unknown STM32CubeMX version: 6.14.0
2026-09-03 17:53:12,139 [ERROR] AppliInfo:139 - Unknown STM32CubeMX version: 6.14.0
2026-09-03 17:53:12,139 [ERROR] AppliInfo:139 - Unknown STM32CubeMX version: 6.14.0
2026-09-03 17:53:12,139 [ERROR] AppliInfo:139 - Unknown STM32CubeMX version: 6.14.0
2026-09-03 17:53:12,140 [ERROR] AppliInfo:139 - Unknown STM32CubeMX version: 6.14.0
2026-09-03 17:53:12,140 [ERROR] AppliInfo:139 - Unknown STM32CubeMX version: 6.14.0
2026-09-03 17:53:12,140 [ERROR] AppliInfo:139 - Unknown STM32CubeMX version: 6.14.0
2026-09-03 17:53:12,141 [ERROR] AppliInfo:139 - Unknown STM32CubeMX version: 6.14.0
2026-09-03 17:53:12,141 [ERROR] AppliInfo:139 - Unknown STM32CubeMX version: 6.14.0
2026-09-03 17:53:12,142 [ERROR] AppliInfo:139 - Unknown STM32CubeMX version: 6.14.0
2026-09-03 17:53:12,142 [ERROR] AppliInfo:139 - Unknown STM32CubeMX version: 6.14.0
2026-09-03 17:53:12,142 [ERROR] AppliInfo:139 - Unknown STM32CubeMX version: 6.14.0
2026-09-03 17:53:12,143 [ERROR] AppliInfo:139 - Unknown STM32CubeMX version: 6.14.0
2026-09-03 17:53:12,143 [ERROR] AppliInfo:139 - Unknown STM32CubeMX version: 6.14.0
2026-09-03 17:53:12,143 [ERROR] AppliInfo:139 - Unknown STM32CubeMX version: 6.14.0
2026-09-03 17:53:12,144 [ERROR] AppliInfo:139 - Unknown STM32CubeMX version: 6.14.0
2026-09-03 17:53:12,144 [ERROR] AppliInfo:139 - Unknown STM32CubeMX version: 6.14.0
2026-09-03 17:53:12,144 [ERROR] AppliInfo:139 - Unknown STM32CubeMX version: 6.14.0
2026-09-03 17:53:12,145 [ERROR] AppliInfo:139 - Unknown STM32CubeMX version: 6.14.0
2026-09-03 17:53:12,145 [ERROR] AppliInfo:139 - Unknown STM32CubeMX version: 6.14.0
2026-09-03 17:53:12,145 [ERROR] AppliInfo:139 - Unknown STM32CubeMX version: 6.14.0
2026-09-03 17:53:12,145 [ERROR] AppliInfo:139 - Unknown STM32CubeMX version: 6.14.0
2026-09-03 17:53:12,146 [ERROR] AppliInfo:139 - Unknown STM32CubeMX version: 6.14.0
2026-09-03 17:53:12,146 [ERROR] AppliInfo:139 - Unknown STM32CubeMX version: 6.14.0
2026-09-03 17:53:12,146 [ERROR] AppliInfo:139 - Unknown STM32CubeMX version: 6.14.0
2026-09-03 17:53:12,147 [ERROR] AppliInfo:139 - Unknown STM32CubeMX version: 6.16.0
2026-09-03 17:53:12,147 [ERROR] AppliInfo:139 - Unknown STM32CubeMX version: 6.14.0
2026-09-03 17:53:12,147 [ERROR] AppliInfo:139 - Unknown STM32CubeMX version: 6.14.0
2026-09-03 17:53:12,147 [ERROR] AppliInfo:139 - Unknown STM32CubeMX version: 6.14.0
2026-09-03 17:53:12,148 [ERROR] AppliInfo:139 - Unknown STM32CubeMX version: 6.14.0
2026-09-03 17:53:12,148 [ERROR] AppliInfo:139 - Unknown STM32CubeMX version: 6.14.0
2026-09-03 17:53:12,148 [ERROR] AppliInfo:139 - Unknown STM32CubeMX version: 6.14.0
2026-09-03 17:53:12,149 [ERROR] AppliInfo:139 - Unknown STM32CubeMX version: 6.14.0
2026-09-03 17:53:12,149 [ERROR] AppliInfo:139 - Unknown STM32CubeMX version: 6.14.0
2026-09-03 17:53:12,149 [ERROR] AppliInfo:139 - Unknown STM32CubeMX version: 6.14.0
2026-09-03 17:53:12,150 [ERROR] AppliInfo:139 - Unknown STM32CubeMX version: 6.14.0
2026-09-03 17:53:12,150 [ERROR] AppliInfo:139 - Unknown STM32CubeMX version: 6.14.0
2026-09-03 17:53:12,150 [ERROR] AppliInfo:139 - Unknown STM32CubeMX version: 6.16.0
2026-09-03 17:53:12,151 [ERROR] AppliInfo:139 - Unknown STM32CubeMX version: 6.14.0
2026-09-03 17:53:12,151 [ERROR] AppliInfo:139 - Unknown STM32CubeMX version: 6.14.0
2026-09-03 17:53:12,151 [ERROR] AppliInfo:139 - Unknown STM32CubeMX version: 6.14.0
2026-09-03 17:53:12,152 [ERROR] AppliInfo:139 - Unknown STM32CubeMX version: 6.14.0
2026-09-03 17:53:12,152 [ERROR] AppliInfo:139 - Unknown STM32CubeMX version: 6.14.0
2026-09-03 17:53:12,153 [ERROR] AppliInfo:139 - Unknown STM32CubeMX version: 6.14.0
2026-09-03 17:53:12,153 [ERROR] AppliInfo:139 - Unknown STM32CubeMX version: 6.14.0
2026-09-03 17:53:12,153 [ERROR] AppliInfo:139 - Unknown STM32CubeMX version: 6.14.0
2026-09-03 17:53:12,153 [ERROR] AppliInfo:139 - Unknown STM32CubeMX version: 6.14.0
2026-09-03 17:53:12,154 [ERROR] AppliInfo:139 - Unknown STM32CubeMX version: 6.14.0
2026-09-03 17:53:12,154 [ERROR] AppliInfo:139 - Unknown STM32CubeMX version: 6.14.0
2026-09-03 17:53:12,154 [ERROR] AppliInfo:139 - Unknown STM32CubeMX version: 6.14.0
2026-09-03 17:53:12,155 [ERROR] AppliInfo:139 - Unknown STM32CubeMX version: 6.14.0
2026-09-03 17:53:12,155 [ERROR] AppliInfo:139 - Unknown STM32CubeMX version: 6.14.0
2026-09-03 17:53:12,155 [ERROR] AppliInfo:139 - Unknown STM32CubeMX version: 6.14.0
2026-09-03 17:53:12,155 [ERROR] AppliInfo:139 - Unknown STM32CubeMX version: 6.14.0
2026-09-03 17:53:12,156 [ERROR] AppliInfo:139 - Unknown STM32CubeMX version: 6.14.0
2026-09-03 17:53:12,156 [ERROR] AppliInfo:139 - Unknown STM32CubeMX version: 6.14.0
2026-09-03 17:53:12,156 [ERROR] AppliInfo:139 - Unknown STM32CubeMX version: 6.14.0
2026-09-03 17:53:12,156 [ERROR] AppliInfo:139 - Unknown STM32CubeMX version: 6.14.0
2026-09-03 17:53:12,157 [ERROR] AppliInfo:139 - Unknown STM32CubeMX version: 6.14.0
2026-09-03 17:53:12,157 [ERROR] AppliInfo:139 - Unknown STM32CubeMX version: 6.14.0
2026-09-03 17:53:12,157 [ERROR] AppliInfo:139 - Unknown STM32CubeMX version: 6.14.0
2026-09-03 17:53:12,158 [ERROR] AppliInfo:139 - Unknown STM32CubeMX version: 6.14.0
2026-09-03 17:53:12,158 [ERROR] AppliInfo:139 - Unknown STM32CubeMX version: 6.14.0
2026-09-03 17:53:12,158 [ERROR] AppliInfo:139 - Unknown STM32CubeMX version: 6.14.0
2026-09-03 17:53:12,158 [ERROR] AppliInfo:139 - Unknown STM32CubeMX version: 6.14.0
2026-09-03 17:53:12,159 [ERROR] AppliInfo:139 - Unknown STM32CubeMX version: 6.14.0
2026-09-03 17:53:12,159 [ERROR] AppliInfo:139 - Unknown STM32CubeMX version: 6.14.0
2026-09-03 17:53:12,159 [ERROR] AppliInfo:139 - Unknown STM32CubeMX version: 6.14.0
2026-09-03 17:53:12,160 [ERROR] AppliInfo:139 - Unknown STM32CubeMX version: 6.14.0
2026-09-03 17:53:12,160 [ERROR] AppliInfo:139 - Unknown STM32CubeMX version: 6.14.0
2026-09-03 17:53:12,160 [ERROR] AppliInfo:139 - Unknown STM32CubeMX version: 6.14.0
2026-09-03 17:53:12,161 [ERROR] AppliInfo:139 - Unknown STM32CubeMX version: 6.14.0
2026-09-03 17:53:12,161 [ERROR] AppliInfo:139 - Unknown STM32CubeMX version: 6.14.0
2026-09-03 17:53:12,161 [ERROR] AppliInfo:139 - Unknown STM32CubeMX version: 6.14.0
2026-09-03 17:53:12,162 [ERROR] AppliInfo:139 - Unknown STM32CubeMX version: 6.14.0
2026-09-03 17:53:12,162 [ERROR] AppliInfo:139 - Unknown STM32CubeMX version: 6.14.0
2026-09-03 17:53:12,162 [ERROR] AppliInfo:139 - Unknown STM32CubeMX version: 6.14.0
2026-09-03 17:53:12,162 [ERROR] AppliInfo:139 - Unknown STM32CubeMX version: 6.14.0
2026-09-03 17:53:12,163 [ERROR] AppliInfo:139 - Unknown STM32CubeMX version: 6.14.0
2026-09-03 17:53:12,163 [ERROR] AppliInfo:139 - Unknown STM32CubeMX version: 6.14.0
2026-09-03 17:53:12,163 [ERROR] AppliInfo:139 - Unknown STM32CubeMX version: 6.14.0
2026-09-03 17:53:12,164 [ERROR] AppliInfo:139 - Unknown STM32CubeMX version: 6.14.0
2026-09-03 17:53:12,164 [ERROR] AppliInfo:139 - Unknown STM32CubeMX version: 6.14.0
2026-09-03 17:53:12,165 [ERROR] AppliInfo:139 - Unknown STM32CubeMX version: 6.14.0
2026-09-03 17:53:12,165 [ERROR] AppliInfo:139 - Unknown STM32CubeMX version: 6.14.0
2026-09-03 17:53:12,165 [ERROR] AppliInfo:139 - Unknown STM32CubeMX version: 6.14.0
2026-09-03 17:53:12,166 [ERROR] AppliInfo:139 - Unknown STM32CubeMX version: 6.14.0
2026-09-03 17:53:12,166 [ERROR] AppliInfo:139 - Unknown STM32CubeMX version: 6.14.0
2026-09-03 17:53:12,166 [ERROR] AppliInfo:139 - Unknown STM32CubeMX version: 6.14.0
2026-09-03 17:53:12,167 [ERROR] AppliInfo:139 - Unknown STM32CubeMX version: 6.14.0
2026-09-03 17:53:12,167 [ERROR] AppliInfo:139 - Unknown STM32CubeMX version: 6.14.0
2026-09-03 17:53:12,167 [ERROR] AppliInfo:139 - Unknown STM32CubeMX version: 6.14.0
2026-09-03 17:53:12,168 [ERROR] AppliInfo:139 - Unknown STM32CubeMX version: 6.14.0
2026-09-03 17:53:12,168 [ERROR] AppliInfo:139 - Unknown STM32CubeMX version: 6.14.0
2026-09-03 17:53:12,169 [ERROR] AppliInfo:139 - Unknown STM32CubeMX version: 6.14.0
2026-09-03 17:53:12,169 [ERROR] AppliInfo:139 - Unknown STM32CubeMX version: 6.14.0
2026-09-03 17:53:12,169 [ERROR] AppliInfo:139 - Unknown STM32CubeMX version: 6.14.0
2026-09-03 17:53:12,169 [ERROR] AppliInfo:139 - Unknown STM32CubeMX version: 6.14.0
2026-09-03 17:53:12,170 [ERROR] AppliInfo:139 - Unknown STM32CubeMX version: 6.14.0
2026-09-03 17:53:12,170 [ERROR] AppliInfo:139 - Unknown STM32CubeMX version: 6.14.0
2026-09-03 17:53:12,170 [ERROR] AppliInfo:139 - Unknown STM32CubeMX version: 6.14.0
2026-09-03 17:53:12,171 [ERROR] AppliInfo:139 - Unknown STM32CubeMX version: 6.14.0
2026-09-03 17:53:12,171 [ERROR] AppliInfo:139 - Unknown STM32CubeMX version: 6.14.0
2026-09-03 17:53:12,171 [ERROR] AppliInfo:139 - Unknown STM32CubeMX version: 6.14.0
2026-09-03 17:53:12,172 [ERROR] AppliInfo:139 - Unknown STM32CubeMX version: 6.14.0
2026-09-03 17:53:12,172 [ERROR] AppliInfo:139 - Unknown STM32CubeMX version: 6.14.0
2026-09-03 17:53:12,172 [ERROR] AppliInfo:139 - Unknown STM32CubeMX version: 6.14.0
2026-09-03 17:53:12,173 [ERROR] AppliInfo:139 - Unknown STM32CubeMX version: 6.14.0
2026-09-03 17:53:12,173 [ERROR] AppliInfo:139 - Unknown STM32CubeMX version: 6.14.0
2026-09-03 17:53:12,173 [ERROR] AppliInfo:139 - Unknown STM32CubeMX version: 6.14.0
2026-09-03 17:53:12,174 [ERROR] AppliInfo:139 - Unknown STM32CubeMX version: 6.14.0
2026-09-03 17:53:12,174 [ERROR] AppliInfo:139 - Unknown STM32CubeMX version: 6.14.0
2026-09-03 17:53:12,174 [ERROR] AppliInfo:139 - Unknown STM32CubeMX version: 6.14.0
2026-09-03 17:53:12,174 [ERROR] AppliInfo:139 - Unknown STM32CubeMX version: 6.14.0
2026-09-03 17:53:12,175 [ERROR] AppliInfo:139 - Unknown STM32CubeMX version: 6.14.0
2026-09-03 17:53:12,175 [ERROR] AppliInfo:139 - Unknown STM32CubeMX version: 6.14.0
2026-09-03 17:53:12,175 [ERROR] AppliInfo:139 - Unknown STM32CubeMX version: 6.14.0
2026-09-03 17:53:12,176 [ERROR] AppliInfo:139 - Unknown STM32CubeMX version: 6.14.0
2026-09-03 17:53:12,176 [ERROR] AppliInfo:139 - Unknown STM32CubeMX version: 6.14.0
2026-09-03 17:53:12,177 [ERROR] AppliInfo:139 - Unknown STM32CubeMX version: 6.14.0
2026-09-03 17:53:12,177 [ERROR] AppliInfo:139 - Unknown STM32CubeMX version: 6.14.0
2026-09-03 17:53:12,177 [ERROR] AppliInfo:139 - Unknown STM32CubeMX version: 6.14.0
2026-09-03 17:53:12,178 [ERROR] AppliInfo:139 - Unknown STM32CubeMX version: 6.14.0
2026-09-03 17:53:12,178 [ERROR] AppliInfo:139 - Unknown STM32CubeMX version: 6.14.0
2026-09-03 17:53:12,179 [ERROR] AppliInfo:139 - Unknown STM32CubeMX version: 6.14.0
2026-09-03 17:53:12,179 [ERROR] AppliInfo:139 - Unknown STM32CubeMX version: 6.14.0
2026-09-03 17:53:12,179 [ERROR] AppliInfo:139 - Unknown STM32CubeMX version: 6.14.0
2026-09-03 17:53:12,180 [ERROR] AppliInfo:139 - Unknown STM32CubeMX version: 6.14.0
2026-09-03 17:53:12,180 [ERROR] AppliInfo:139 - Unknown STM32CubeMX version: 6.14.0
2026-09-03 17:53:12,180 [ERROR] AppliInfo:139 - Unknown STM32CubeMX version: 6.14.0
2026-09-03 17:53:12,181 [ERROR] AppliInfo:139 - Unknown STM32CubeMX version: 6.14.0
2026-09-03 17:53:12,181 [ERROR] AppliInfo:139 - Unknown STM32CubeMX version: 6.14.0
2026-09-03 17:53:12,181 [ERROR] AppliInfo:139 - Unknown STM32CubeMX version: 6.14.0
2026-09-03 17:53:12,182 [ERROR] AppliInfo:139 - Unknown STM32CubeMX version: 6.16.0
2026-09-03 17:53:12,182 [ERROR] AppliInfo:139 - Unknown STM32CubeMX version: 6.16.0
2026-09-03 17:53:12,182 [ERROR] AppliInfo:139 - Unknown STM32CubeMX version: 6.16.0
2026-09-03 17:53:12,183 [ERROR] AppliInfo:139 - Unknown STM32CubeMX version: 6.16.0
2026-09-03 17:53:12,183 [ERROR] AppliInfo:139 - Unknown STM32CubeMX version: 6.14.0
2026-09-03 17:53:12,183 [ERROR] AppliInfo:139 - Unknown STM32CubeMX version: 6.14.0
2026-09-03 17:53:12,184 [ERROR] AppliInfo:139 - Unknown STM32CubeMX version: 6.14.0
2026-09-03 17:53:12,184 [ERROR] AppliInfo:139 - Unknown STM32CubeMX version: 6.18.0
2026-09-03 17:53:12,184 [ERROR] AppliInfo:139 - Unknown STM32CubeMX version: 6.18.0
2026-09-03 17:53:12,185 [ERROR] AppliInfo:139 - Unknown STM32CubeMX version: 6.18.0
2026-09-03 17:53:12,185 [ERROR] AppliInfo:139 - Unknown STM32CubeMX version: 6.18.0
2026-09-03 17:53:12,186 [ERROR] AppliInfo:139 - Unknown STM32CubeMX version: 6.18.0
2026-09-03 17:53:12,186 [ERROR] AppliInfo:139 - Unknown STM32CubeMX version: 6.14.0
2026-09-03 17:53:12,186 [ERROR] AppliInfo:139 - Unknown STM32CubeMX version: 6.14.0
2026-09-03 17:53:12,187 [ERROR] AppliInfo:139 - Unknown STM32CubeMX version: 6.14.0
2026-09-03 17:53:12,187 [ERROR] AppliInfo:139 - Unknown STM32CubeMX version: 6.14.0
2026-09-03 17:53:12,187 [ERROR] AppliInfo:139 - Unknown STM32CubeMX version: 6.17.0
2026-09-03 17:53:12,187 [ERROR] AppliInfo:139 - Unknown STM32CubeMX version: 6.14.0
2026-09-03 17:53:12,188 [ERROR] AppliInfo:139 - Unknown STM32CubeMX version: 6.17.0
2026-09-03 17:53:12,188 [ERROR] AppliInfo:139 - Unknown STM32CubeMX version: 6.14.0
2026-09-03 17:53:12,188 [ERROR] AppliInfo:139 - Unknown STM32CubeMX version: 6.14.0
2026-09-03 17:53:12,189 [ERROR] AppliInfo:139 - Unknown STM32CubeMX version: 6.14.0
2026-09-03 17:53:12,189 [ERROR] AppliInfo:139 - Unknown STM32CubeMX version: 6.14.0
2026-09-03 17:53:12,189 [ERROR] AppliInfo:139 - Unknown STM32CubeMX version: 6.14.0
2026-09-03 17:53:12,189 [ERROR] AppliInfo:139 - Unknown STM32CubeMX version: 6.15.0
2026-09-03 17:53:12,190 [ERROR] AppliInfo:139 - Unknown STM32CubeMX version: 6.15.0
2026-09-03 17:53:12,190 [ERROR] AppliInfo:139 - Unknown STM32CubeMX version: 6.15.0
2026-09-03 17:53:12,190 [ERROR] AppliInfo:139 - Unknown STM32CubeMX version: 6.15.0
2026-09-03 17:53:12,191 [ERROR] AppliInfo:139 - Unknown STM32CubeMX version: 6.18.0
2026-09-03 17:53:12,191 [ERROR] AppliInfo:139 - Unknown STM32CubeMX version: 6.18.0
2026-09-03 17:53:12,191 [ERROR] AppliInfo:139 - Unknown STM32CubeMX version: 6.18.0
2026-09-03 17:53:12,192 [ERROR] AppliInfo:139 - Unknown STM32CubeMX version: 6.18.0
2026-09-03 17:53:12,192 [ERROR] AppliInfo:139 - Unknown STM32CubeMX version: 6.18.0
2026-09-03 17:53:12,192 [ERROR] AppliInfo:139 - Unknown STM32CubeMX version: 6.18.0
2026-09-03 17:53:12,193 [ERROR] AppliInfo:139 - Unknown STM32CubeMX version: 6.18.0
2026-09-03 17:53:12,193 [ERROR] AppliInfo:139 - Unknown STM32CubeMX version: 6.18.0
2026-09-03 17:53:12,193 [ERROR] AppliInfo:139 - Unknown STM32CubeMX version: 6.18.0
2026-09-03 17:53:12,194 [ERROR] AppliInfo:139 - Unknown STM32CubeMX version: 6.18.0
2026-09-03 17:53:12,194 [ERROR] AppliInfo:139 - Unknown STM32CubeMX version: 6.18.0
2026-09-03 17:53:12,194 [ERROR] AppliInfo:139 - Unknown STM32CubeMX version: 6.18.0
2026-09-03 17:53:12,195 [ERROR] AppliInfo:139 - Unknown STM32CubeMX version: 6.18.0
2026-09-03 17:53:12,195 [ERROR] AppliInfo:139 - Unknown STM32CubeMX version: 6.18.0
2026-09-03 17:53:12,195 [ERROR] AppliInfo:139 - Unknown STM32CubeMX version: 6.18.0
2026-09-03 17:53:12,195 [ERROR] AppliInfo:139 - Unknown STM32CubeMX version: 6.18.0
2026-09-03 17:53:12,196 [ERROR] AppliInfo:139 - Unknown STM32CubeMX version: 6.18.0
2026-09-03 17:53:12,196 [ERROR] AppliInfo:139 - Unknown STM32CubeMX version: 6.17.0
2026-09-03 17:53:12,196 [ERROR] AppliInfo:139 - Unknown STM32CubeMX version: 6.17.0
2026-09-03 17:53:12,197 [ERROR] AppliInfo:139 - Unknown STM32CubeMX version: 6.17.0
2026-09-03 17:53:12,197 [ERROR] AppliInfo:139 - Unknown STM32CubeMX version: 6.18.0
2026-09-03 17:53:12,197 [ERROR] AppliInfo:139 - Unknown STM32CubeMX version: 6.18.0
2026-09-03 17:53:12,198 [ERROR] AppliInfo:139 - Unknown STM32CubeMX version: 6.17.0
2026-09-03 17:53:12,198 [ERROR] AppliInfo:139 - Unknown STM32CubeMX version: 6.17.0
2026-09-03 17:53:12,198 [ERROR] AppliInfo:139 - Unknown STM32CubeMX version: 6.17.0
2026-09-03 17:53:12,199 [ERROR] AppliInfo:139 - Unknown STM32CubeMX version: 6.17.0
2026-09-03 17:53:12,199 [ERROR] AppliInfo:139 - Unknown STM32CubeMX version: 6.17.0
2026-09-03 17:53:12,199 [ERROR] AppliInfo:139 - Unknown STM32CubeMX version: 6.17.0
2026-09-03 17:53:12,200 [ERROR] AppliInfo:139 - Unknown STM32CubeMX version: 6.17.0
2026-09-03 17:53:12,200 [ERROR] AppliInfo:139 - Unknown STM32CubeMX version: 6.14.0
2026-09-03 17:53:12,201 [ERROR] AppliInfo:139 - Unknown STM32CubeMX version: 6.14.0
2026-09-03 17:53:12,201 [ERROR] AppliInfo:139 - Unknown STM32CubeMX version: 6.14.0
2026-09-03 17:53:12,201 [ERROR] AppliInfo:139 - Unknown STM32CubeMX version: 6.18.0
2026-09-03 17:53:12,202 [ERROR] AppliInfo:139 - Unknown STM32CubeMX version: 6.14.0
2026-09-03 17:53:12,202 [ERROR] AppliInfo:139 - Unknown STM32CubeMX version: 6.14.0
2026-09-03 17:53:12,203 [ERROR] AppliInfo:139 - Unknown STM32CubeMX version: 6.14.0
2026-09-03 17:53:12,203 [ERROR] AppliInfo:139 - Unknown STM32CubeMX version: 6.15.0
2026-09-03 17:53:12,203 [ERROR] AppliInfo:139 - Unknown STM32CubeMX version: 6.15.0
2026-09-03 17:53:12,203 [ERROR] AppliInfo:139 - Unknown STM32CubeMX version: 6.15.0
2026-09-03 17:53:12,204 [ERROR] AppliInfo:139 - Unknown STM32CubeMX version: 6.15.0
2026-09-03 17:53:12,204 [ERROR] AppliInfo:139 - Unknown STM32CubeMX version: 6.18.0
2026-09-03 17:53:12,204 [ERROR] AppliInfo:139 - Unknown STM32CubeMX version: 6.14.0
2026-09-03 17:53:12,204 [ERROR] AppliInfo:139 - Unknown STM32CubeMX version: 6.17.0
2026-09-03 17:53:12,205 [ERROR] AppliInfo:139 - Unknown STM32CubeMX version: 6.18.0
2026-09-03 17:53:12,205 [ERROR] AppliInfo:139 - Unknown STM32CubeMX version: 6.18.0
2026-09-03 17:53:12,205 [ERROR] AppliInfo:139 - Unknown STM32CubeMX version: 6.18.0
2026-09-03 17:53:12,206 [ERROR] AppliInfo:139 - Unknown STM32CubeMX version: 6.18.0
2026-09-03 17:53:12,206 [ERROR] AppliInfo:139 - Unknown STM32CubeMX version: 6.18.0
2026-09-03 17:53:12,206 [ERROR] AppliInfo:139 - Unknown STM32CubeMX version: 6.18.0
2026-09-03 17:53:12,207 [ERROR] AppliInfo:139 - Unknown STM32CubeMX version: 6.18.0
2026-09-03 17:53:12,207 [ERROR] AppliInfo:139 - Unknown STM32CubeMX version: 6.18.0
2026-09-03 17:53:12,207 [ERROR] AppliInfo:139 - Unknown STM32CubeMX version: 6.18.0
2026-09-03 17:53:12,207 [ERROR] AppliInfo:139 - Unknown STM32CubeMX version: 6.18.0
2026-09-03 17:53:12,208 [ERROR] AppliInfo:139 - Unknown STM32CubeMX version: 6.17.0
2026-09-03 17:53:12,208 [ERROR] AppliInfo:139 - Unknown STM32CubeMX version: 6.17.0
2026-09-03 17:53:12,208 [ERROR] AppliInfo:139 - Unknown STM32CubeMX version: 6.17.0
2026-09-03 17:53:12,209 [ERROR] AppliInfo:139 - Unknown STM32CubeMX version: 6.17.0
2026-09-03 17:53:12,209 [ERROR] AppliInfo:139 - Unknown STM32CubeMX version: 6.17.0
2026-09-03 17:53:12,209 [ERROR] AppliInfo:139 - Unknown STM32CubeMX version: 6.17.0
2026-09-03 17:53:12,210 [ERROR] AppliInfo:139 - Unknown STM32CubeMX version: 6.17.0
2026-09-03 17:53:12,210 [ERROR] AppliInfo:139 - Unknown STM32CubeMX version: 6.17.0
2026-09-03 17:53:12,210 [ERROR] AppliInfo:139 - Unknown STM32CubeMX version: 6.17.0
2026-09-03 17:53:12,210 [ERROR] AppliInfo:139 - Unknown STM32CubeMX version: 6.18.0
2026-09-03 17:53:12,211 [ERROR] AppliInfo:139 - Unknown STM32CubeMX version: 6.18.0
2026-09-03 17:53:12,211 [ERROR] AppliInfo:139 - Unknown STM32CubeMX version: 6.18.0
2026-09-03 17:53:12,212 [ERROR] AppliInfo:139 - Unknown STM32CubeMX version: 6.14.0
2026-09-03 17:53:12,212 [ERROR] AppliInfo:139 - Unknown STM32CubeMX version: 6.14.0
2026-09-03 17:53:12,212 [ERROR] AppliInfo:139 - Unknown STM32CubeMX version: 6.14.0
2026-09-03 17:53:12,213 [ERROR] AppliInfo:139 - Unknown STM32CubeMX version: 6.16.0
2026-09-03 17:53:12,213 [ERROR] AppliInfo:139 - Unknown STM32CubeMX version: 6.18.0
2026-09-03 17:53:12,213 [ERROR] AppliInfo:139 - Unknown STM32CubeMX version: 6.18.0
2026-09-03 17:53:12,214 [ERROR] AppliInfo:139 - Unknown STM32CubeMX version: 6.18.0
2026-09-03 17:53:12,214 [ERROR] AppliInfo:139 - Unknown STM32CubeMX version: 6.18.0
2026-09-03 17:53:12,214 [ERROR] AppliInfo:139 - Unknown STM32CubeMX version: 6.18.0
2026-09-03 17:53:12,215 [ERROR] AppliInfo:139 - Unknown STM32CubeMX version: 6.18.0
2026-09-03 17:53:12,215 [ERROR] AppliInfo:139 - Unknown STM32CubeMX version: 6.18.0
2026-09-03 17:53:12,215 [ERROR] AppliInfo:139 - Unknown STM32CubeMX version: 6.18.0
2026-09-03 17:53:12,215 [ERROR] AppliInfo:139 - Unknown STM32CubeMX version: 6.18.0
2026-09-03 17:53:12,216 [ERROR] AppliInfo:139 - Unknown STM32CubeMX version: 6.18.0
2026-09-03 17:53:12,216 [ERROR] AppliInfo:139 - Unknown STM32CubeMX version: 6.18.0
2026-09-03 17:53:12,216 [ERROR] AppliInfo:139 - Unknown STM32CubeMX version: 6.18.0
2026-09-03 17:53:12,217 [ERROR] AppliInfo:139 - Unknown STM32CubeMX version: 6.18.0
2026-09-03 17:53:12,217 [ERROR] AppliInfo:139 - Unknown STM32CubeMX version: 6.18.0
2026-09-03 17:53:12,217 [ERROR] AppliInfo:139 - Unknown STM32CubeMX version: 6.18.0
2026-09-03 17:53:12,218 [ERROR] AppliInfo:139 - Unknown STM32CubeMX version: 6.18.0
2026-09-03 17:53:12,218 [ERROR] AppliInfo:139 - Unknown STM32CubeMX version: 6.18.0
2026-09-03 17:53:12,218 [ERROR] AppliInfo:139 - Unknown STM32CubeMX version: 6.18.0
2026-09-03 17:53:12,219 [ERROR] AppliInfo:139 - Unknown STM32CubeMX version: 6.18.0
2026-09-03 17:53:12,219 [ERROR] AppliInfo:139 - Unknown STM32CubeMX version: 6.18.0
2026-09-03 17:53:12,219 [ERROR] AppliInfo:139 - Unknown STM32CubeMX version: 6.18.0
2026-09-03 17:53:12,220 [ERROR] AppliInfo:139 - Unknown STM32CubeMX version: 6.18.0
2026-09-03 17:53:12,220 [ERROR] AppliInfo:139 - Unknown STM32CubeMX version: 6.18.0
2026-09-03 17:53:12,220 [ERROR] AppliInfo:139 - Unknown STM32CubeMX version: 6.18.0
2026-09-03 17:53:12,220 [ERROR] AppliInfo:139 - Unknown STM32CubeMX version: 6.18.0
2026-09-03 17:53:12,221 [ERROR] AppliInfo:139 - Unknown STM32CubeMX version: 6.18.0
2026-09-03 17:53:12,222 [ERROR] AppliInfo:139 - Unknown STM32CubeMX version: 6.18.0
2026-09-03 17:53:12,222 [ERROR] AppliInfo:139 - Unknown STM32CubeMX version: 6.18.0
2026-09-03 17:53:12,222 [ERROR] AppliInfo:139 - Unknown STM32CubeMX version: 6.18.0
2026-09-03 17:53:12,222 [ERROR] AppliInfo:139 - Unknown STM32CubeMX version: 6.18.0
2026-09-03 17:53:12,223 [ERROR] AppliInfo:139 - Unknown STM32CubeMX version: 6.18.0
2026-09-03 17:53:12,223 [ERROR] AppliInfo:139 - Unknown STM32CubeMX version: 6.18.0
2026-09-03 17:53:12,224 [ERROR] AppliInfo:139 - Unknown STM32CubeMX version: 6.18.0
2026-09-03 17:53:12,224 [ERROR] AppliInfo:139 - Unknown STM32CubeMX version: 6.18.0
2026-09-03 17:53:12,224 [ERROR] AppliInfo:139 - Unknown STM32CubeMX version: 6.18.0
2026-09-03 17:53:12,225 [ERROR] AppliInfo:139 - Unknown STM32CubeMX version: 6.18.0
2026-09-03 17:53:12,225 [ERROR] AppliInfo:139 - Unknown STM32CubeMX version: 6.18.0
2026-09-03 17:53:12,225 [ERROR] AppliInfo:139 - Unknown STM32CubeMX version: 6.18.0
2026-09-03 17:53:12,225 [ERROR] AppliInfo:139 - Unknown STM32CubeMX version: 6.18.0
2026-09-03 17:53:12,226 [ERROR] AppliInfo:139 - Unknown STM32CubeMX version: 6.18.0
2026-09-03 17:53:12,226 [ERROR] AppliInfo:139 - Unknown STM32CubeMX version: 6.18.0
2026-09-03 17:53:12,230 [ERROR] AppliInfo:139 - Unknown STM32CubeMX version: 6.18.0
2026-09-03 17:53:12,230 [ERROR] AppliInfo:139 - Unknown STM32CubeMX version: 6.18.0
2026-09-03 17:53:12,231 [ERROR] AppliInfo:139 - Unknown STM32CubeMX version: 6.18.0
2026-09-03 17:53:12,231 [ERROR] AppliInfo:139 - Unknown STM32CubeMX version: 6.17.0
2026-09-03 17:53:12,232 [ERROR] AppliInfo:139 - Unknown STM32CubeMX version: 6.17.0
2026-09-03 17:53:12,232 [ERROR] AppliInfo:139 - Unknown STM32CubeMX version: 6.14.0
2026-09-03 17:53:12,232 [ERROR] AppliInfo:139 - Unknown STM32CubeMX version: 6.14.0
2026-09-03 17:53:12,233 [ERROR] AppliInfo:139 - Unknown STM32CubeMX version: 6.14.0
2026-09-03 17:53:12,233 [ERROR] AppliInfo:139 - Unknown STM32CubeMX version: 6.14.0
2026-09-03 17:53:12,233 [ERROR] AppliInfo:139 - Unknown STM32CubeMX version: 6.14.0
2026-09-03 17:53:12,233 [ERROR] AppliInfo:139 - Unknown STM32CubeMX version: 6.14.0
2026-09-03 17:53:12,234 [ERROR] AppliInfo:139 - Unknown STM32CubeMX version: 6.14.0
2026-09-03 17:53:12,234 [ERROR] AppliInfo:139 - Unknown STM32CubeMX version: 6.14.0
2026-09-03 17:53:12,234 [ERROR] AppliInfo:139 - Unknown STM32CubeMX version: 6.14.0
2026-09-03 17:53:12,235 [ERROR] AppliInfo:139 - Unknown STM32CubeMX version: 6.14.0
2026-09-03 17:53:12,235 [ERROR] AppliInfo:139 - Unknown STM32CubeMX version: 6.14.0
2026-09-03 17:53:12,235 [ERROR] AppliInfo:139 - Unknown STM32CubeMX version: 6.14.0
2026-09-03 17:53:12,236 [ERROR] AppliInfo:139 - Unknown STM32CubeMX version: 6.14.0
2026-09-03 17:53:12,236 [ERROR] AppliInfo:139 - Unknown STM32CubeMX version: 6.14.0
2026-09-03 17:53:12,236 [ERROR] AppliInfo:139 - Unknown STM32CubeMX version: 6.14.0
2026-09-03 17:53:12,237 [ERROR] AppliInfo:139 - Unknown STM32CubeMX version: 6.14.0
2026-09-03 17:53:12,237 [ERROR] AppliInfo:139 - Unknown STM32CubeMX version: 6.14.0
2026-09-03 17:53:12,237 [ERROR] AppliInfo:139 - Unknown STM32CubeMX version: 6.14.0
2026-09-03 17:53:12,237 [ERROR] AppliInfo:139 - Unknown STM32CubeMX version: 6.14.0
2026-09-03 17:53:12,238 [ERROR] AppliInfo:139 - Unknown STM32CubeMX version: 6.14.0
2026-09-03 17:53:12,238 [ERROR] AppliInfo:139 - Unknown STM32CubeMX version: 6.14.0
2026-09-03 17:53:12,238 [ERROR] AppliInfo:139 - Unknown STM32CubeMX version: 6.14.0
2026-09-03 17:53:12,238 [ERROR] AppliInfo:139 - Unknown STM32CubeMX version: 6.18.0
2026-09-03 17:53:12,239 [ERROR] AppliInfo:139 - Unknown STM32CubeMX version: 6.18.0
2026-09-03 17:53:12,239 [ERROR] AppliInfo:139 - Unknown STM32CubeMX version: 6.18.0
2026-09-03 17:53:12,239 [ERROR] AppliInfo:139 - Unknown STM32CubeMX version: 6.18.0
2026-09-03 17:53:12,239 [ERROR] AppliInfo:139 - Unknown STM32CubeMX version: 6.18.0
2026-09-03 17:53:12,240 [ERROR] AppliInfo:139 - Unknown STM32CubeMX version: 6.18.0
2026-09-03 17:53:12,240 [ERROR] AppliInfo:139 - Unknown STM32CubeMX version: 6.18.0
2026-09-03 17:53:12,240 [ERROR] AppliInfo:139 - Unknown STM32CubeMX version: 6.18.0
2026-09-03 17:53:12,241 [ERROR] AppliInfo:139 - Unknown STM32CubeMX version: 6.18.0
2026-09-03 17:53:12,241 [ERROR] AppliInfo:139 - Unknown STM32CubeMX version: 6.18.0
2026-09-03 17:53:12,241 [ERROR] AppliInfo:139 - Unknown STM32CubeMX version: 6.18.0
2026-09-03 17:53:12,247 [ERROR] AppliInfo:139 - Unknown STM32CubeMX version: 6.18.0
2026-09-03 17:53:12,248 [ERROR] AppliInfo:139 - Unknown STM32CubeMX version: 6.18.0
2026-09-03 17:53:12,248 [ERROR] AppliInfo:139 - Unknown STM32CubeMX version: 6.18.0
2026-09-03 17:53:12,249 [ERROR] AppliInfo:139 - Unknown STM32CubeMX version: 6.18.0
2026-09-03 17:53:12,249 [ERROR] AppliInfo:139 - Unknown STM32CubeMX version: 6.18.0
2026-09-03 17:53:12,249 [ERROR] AppliInfo:139 - Unknown STM32CubeMX version: 6.18.0
2026-09-03 17:53:12,249 [ERROR] AppliInfo:139 - Unknown STM32CubeMX version: 6.18.0
2026-09-03 17:53:12,250 [ERROR] AppliInfo:139 - Unknown STM32CubeMX version: 6.18.0
2026-09-03 17:53:12,250 [ERROR] AppliInfo:139 - Unknown STM32CubeMX version: 6.18.0
2026-09-03 17:53:12,250 [ERROR] AppliInfo:139 - Unknown STM32CubeMX version: 6.18.0
2026-09-03 17:53:12,251 [ERROR] AppliInfo:139 - Unknown STM32CubeMX version: 6.18.0
2026-09-03 17:53:12,251 [ERROR] AppliInfo:139 - Unknown STM32CubeMX version: 6.18.0
2026-09-03 17:53:12,251 [ERROR] AppliInfo:139 - Unknown STM32CubeMX version: 6.18.0
2026-09-03 17:53:12,252 [ERROR] AppliInfo:139 - Unknown STM32CubeMX version: 6.18.0
2026-09-03 17:53:12,252 [ERROR] AppliInfo:139 - Unknown STM32CubeMX version: 6.18.0
2026-09-03 17:53:12,252 [ERROR] AppliInfo:139 - Unknown STM32CubeMX version: 6.14.0
2026-09-03 17:53:12,253 [ERROR] AppliInfo:139 - Unknown STM32CubeMX version: 6.14.0
2026-09-03 17:53:12,253 [ERROR] AppliInfo:139 - Unknown STM32CubeMX version: 6.14.0
2026-09-03 17:53:12,253 [ERROR] AppliInfo:139 - Unknown STM32CubeMX version: 6.14.0
2026-09-03 17:53:12,254 [ERROR] AppliInfo:139 - Unknown STM32CubeMX version: 6.14.0
2026-09-03 17:53:12,254 [ERROR] AppliInfo:139 - Unknown STM32CubeMX version: 6.14.0
2026-09-03 17:53:12,254 [ERROR] AppliInfo:139 - Unknown STM32CubeMX version: 6.16.0
2026-09-03 17:53:12,254 [ERROR] AppliInfo:139 - Unknown STM32CubeMX version: 6.14.0
2026-09-03 17:53:12,255 [ERROR] AppliInfo:139 - Unknown STM32CubeMX version: 6.14.0
2026-09-03 17:53:12,255 [ERROR] AppliInfo:139 - Unknown STM32CubeMX version: 6.14.0
2026-09-03 17:53:12,255 [ERROR] AppliInfo:139 - Unknown STM32CubeMX version: 6.18.0
2026-09-03 17:53:12,256 [ERROR] AppliInfo:139 - Unknown STM32CubeMX version: 6.18.0
2026-09-03 17:53:12,256 [ERROR] AppliInfo:139 - Unknown STM32CubeMX version: 6.18.0
2026-09-03 17:53:12,257 [ERROR] AppliInfo:139 - Unknown STM32CubeMX version: 6.18.0
2026-09-03 17:53:12,257 [ERROR] AppliInfo:139 - Unknown STM32CubeMX version: 6.18.0
2026-09-03 17:53:12,258 [ERROR] AppliInfo:139 - Unknown STM32CubeMX version: 6.18.0
2026-09-03 17:53:12,258 [ERROR] AppliInfo:139 - Unknown STM32CubeMX version: 6.18.0
2026-09-03 17:53:12,258 [ERROR] AppliInfo:139 - Unknown STM32CubeMX version: 6.14.0
2026-09-03 17:53:12,259 [ERROR] AppliInfo:139 - Unknown STM32CubeMX version: 6.18.0
2026-09-03 17:53:12,259 [ERROR] AppliInfo:139 - Unknown STM32CubeMX version: 6.17.0
2026-09-03 17:53:12,259 [ERROR] AppliInfo:139 - Unknown STM32CubeMX version: 6.17.0
2026-09-03 17:53:12,260 [ERROR] AppliInfo:139 - Unknown STM32CubeMX version: 6.14.0
2026-09-03 17:53:12,260 [ERROR] AppliInfo:139 - Unknown STM32CubeMX version: 6.18.0
2026-09-03 17:53:12,260 [ERROR] AppliInfo:139 - Unknown STM32CubeMX version: 6.15.0
2026-09-03 17:53:12,261 [ERROR] AppliInfo:139 - Unknown STM32CubeMX version: 6.15.0
2026-09-03 17:53:12,261 [ERROR] AppliInfo:139 - Unknown STM32CubeMX version: 6.15.0
2026-09-03 17:53:12,261 [ERROR] AppliInfo:139 - Unknown STM32CubeMX version: 6.15.0
2026-09-03 17:53:12,261 [ERROR] AppliInfo:139 - Unknown STM32CubeMX version: 6.15.0
2026-09-03 17:53:12,262 [ERROR] AppliInfo:139 - Unknown STM32CubeMX version: 6.18.0
2026-09-03 17:53:12,262 [ERROR] AppliInfo:139 - Unknown STM32CubeMX version: 6.18.0
2026-09-03 17:53:12,262 [ERROR] AppliInfo:139 - Unknown STM32CubeMX version: 6.18.0
2026-09-03 17:53:12,263 [ERROR] AppliInfo:139 - Unknown STM32CubeMX version: 6.18.0
2026-09-03 17:53:12,263 [ERROR] AppliInfo:139 - Unknown STM32CubeMX version: 6.18.0
2026-09-03 17:53:12,263 [ERROR] AppliInfo:139 - Unknown STM32CubeMX version: 6.18.0
2026-09-03 17:53:12,264 [ERROR] AppliInfo:139 - Unknown STM32CubeMX version: 6.18.0
2026-09-03 17:53:12,264 [ERROR] AppliInfo:139 - Unknown STM32CubeMX version: 6.18.0
2026-09-03 17:53:12,264 [ERROR] AppliInfo:139 - Unknown STM32CubeMX version: 6.18.0
2026-09-03 17:53:12,265 [ERROR] AppliInfo:139 - Unknown STM32CubeMX version: 6.15.0
2026-09-03 17:53:12,265 [ERROR] AppliInfo:139 - Unknown STM32CubeMX version: 6.17.0
2026-09-03 17:53:12,265 [ERROR] AppliInfo:139 - Unknown STM32CubeMX version: 6.17.0
2026-09-03 17:53:12,266 [ERROR] AppliInfo:139 - Unknown STM32CubeMX version: 6.18.0
2026-09-03 17:53:12,266 [ERROR] AppliInfo:139 - Unknown STM32CubeMX version: 6.18.0
2026-09-03 17:53:12,267 [ERROR] AppliInfo:139 - Unknown STM32CubeMX version: 6.18.0
2026-09-03 17:53:12,268 [ERROR] AppliInfo:139 - Unknown STM32CubeMX version: 6.18.0
2026-09-03 17:53:12,268 [ERROR] AppliInfo:139 - Unknown STM32CubeMX version: 6.18.0
2026-09-03 17:53:12,268 [ERROR] AppliInfo:139 - Unknown STM32CubeMX version: 6.18.0
2026-09-03 17:53:12,269 [ERROR] AppliInfo:139 - Unknown STM32CubeMX version: 6.18.0
2026-09-03 17:53:12,269 [ERROR] AppliInfo:139 - Unknown STM32CubeMX version: 6.18.0
2026-09-03 17:53:12,269 [ERROR] AppliInfo:139 - Unknown STM32CubeMX version: 6.18.0
2026-09-03 17:53:12,270 [ERROR] AppliInfo:139 - Unknown STM32CubeMX version: 6.18.0
2026-09-03 17:53:12,270 [ERROR] AppliInfo:139 - Unknown STM32CubeMX version: 6.18.0
2026-09-03 17:53:12,270 [ERROR] AppliInfo:139 - Unknown STM32CubeMX version: 6.18.0
2026-09-03 17:53:12,271 [ERROR] AppliInfo:139 - Unknown STM32CubeMX version: 6.18.0
2026-09-03 17:53:12,271 [ERROR] AppliInfo:139 - Unknown STM32CubeMX version: 6.18.0
2026-09-03 17:53:12,271 [ERROR] AppliInfo:139 - Unknown STM32CubeMX version: 6.18.0
2026-09-03 17:53:12,272 [ERROR] AppliInfo:139 - Unknown STM32CubeMX version: 6.18.0
2026-09-03 17:53:12,272 [ERROR] AppliInfo:139 - Unknown STM32CubeMX version: 6.18.0
2026-09-03 17:53:12,272 [ERROR] AppliInfo:139 - Unknown STM32CubeMX version: 6.18.0
2026-09-03 17:53:12,272 [ERROR] AppliInfo:139 - Unknown STM32CubeMX version: 6.18.0
2026-09-03 17:53:12,273 [ERROR] AppliInfo:139 - Unknown STM32CubeMX version: 6.18.0
2026-09-03 17:53:12,273 [ERROR] AppliInfo:139 - Unknown STM32CubeMX version: 6.18.0
2026-09-03 17:53:12,273 [ERROR] AppliInfo:139 - Unknown STM32CubeMX version: 6.18.0
2026-09-03 17:53:12,274 [ERROR] AppliInfo:139 - Unknown STM32CubeMX version: 6.18.0
2026-09-03 17:53:12,274 [ERROR] AppliInfo:139 - Unknown STM32CubeMX version: 6.18.0
2026-09-03 17:53:12,274 [ERROR] AppliInfo:139 - Unknown STM32CubeMX version: 6.18.0
2026-09-03 17:53:12,275 [ERROR] AppliInfo:139 - Unknown STM32CubeMX version: 6.18.0
2026-09-03 17:53:12,275 [ERROR] AppliInfo:139 - Unknown STM32CubeMX version: 6.18.0
2026-09-03 17:53:12,275 [ERROR] AppliInfo:139 - Unknown STM32CubeMX version: 6.18.0
2026-09-03 17:53:12,275 [ERROR] AppliInfo:139 - Unknown STM32CubeMX version: 6.18.0
2026-09-03 17:53:12,276 [ERROR] AppliInfo:139 - Unknown STM32CubeMX version: 6.18.0
2026-09-03 17:53:12,276 [ERROR] AppliInfo:139 - Unknown STM32CubeMX version: 6.18.0
2026-09-03 17:53:12,276 [ERROR] AppliInfo:139 - Unknown STM32CubeMX version: 6.18.0
2026-09-03 17:53:12,277 [ERROR] AppliInfo:139 - Unknown STM32CubeMX version: 6.18.0
2026-09-03 17:53:12,277 [ERROR] AppliInfo:139 - Unknown STM32CubeMX version: 6.18.0
2026-09-03 17:53:12,277 [ERROR] AppliInfo:139 - Unknown STM32CubeMX version: 6.18.0
2026-09-03 17:53:12,277 [ERROR] AppliInfo:139 - Unknown STM32CubeMX version: 6.18.0
2026-09-03 17:53:12,278 [ERROR] AppliInfo:139 - Unknown STM32CubeMX version: 6.18.0
2026-09-03 17:53:12,278 [ERROR] AppliInfo:139 - Unknown STM32CubeMX version: 6.18.0
2026-09-03 17:53:12,278 [ERROR] AppliInfo:139 - Unknown STM32CubeMX version: 6.18.0
2026-09-03 17:53:12,279 [ERROR] AppliInfo:139 - Unknown STM32CubeMX version: 6.18.0
2026-09-03 17:53:12,279 [ERROR] AppliInfo:139 - Unknown STM32CubeMX version: 6.18.0
2026-09-03 17:53:12,279 [ERROR] AppliInfo:139 - Unknown STM32CubeMX version: 6.18.0
2026-09-03 17:53:12,280 [ERROR] AppliInfo:139 - Unknown STM32CubeMX version: 6.18.0
2026-09-03 17:53:12,280 [ERROR] AppliInfo:139 - Unknown STM32CubeMX version: 6.18.0
2026-09-03 17:53:12,280 [ERROR] AppliInfo:139 - Unknown STM32CubeMX version: 6.18.0
2026-09-03 17:53:12,280 [ERROR] AppliInfo:139 - Unknown STM32CubeMX version: 6.18.0
2026-09-03 17:53:12,281 [ERROR] AppliInfo:139 - Unknown STM32CubeMX version: 6.18.0
2026-09-03 17:53:12,281 [ERROR] AppliInfo:139 - Unknown STM32CubeMX version: 6.18.0
2026-09-03 17:53:12,281 [ERROR] AppliInfo:139 - Unknown STM32CubeMX version: 6.18.0
2026-09-03 17:53:12,282 [ERROR] AppliInfo:139 - Unknown STM32CubeMX version: 6.18.0
2026-09-03 17:53:12,282 [ERROR] AppliInfo:139 - Unknown STM32CubeMX version: 6.18.0
2026-09-03 17:53:12,282 [ERROR] AppliInfo:139 - Unknown STM32CubeMX version: 6.18.0
2026-09-03 17:53:12,283 [ERROR] AppliInfo:139 - Unknown STM32CubeMX version: 6.18.0
2026-09-03 17:53:12,283 [ERROR] AppliInfo:139 - Unknown STM32CubeMX version: 6.18.0
2026-09-03 17:53:12,283 [ERROR] AppliInfo:139 - Unknown STM32CubeMX version: 6.18.0
2026-09-03 17:53:12,283 [ERROR] AppliInfo:139 - Unknown STM32CubeMX version: 6.18.0
2026-09-03 17:53:12,284 [ERROR] AppliInfo:139 - Unknown STM32CubeMX version: 6.18.0
2026-09-03 17:53:12,284 [ERROR] AppliInfo:139 - Unknown STM32CubeMX version: 6.18.0
2026-09-03 17:53:12,292 [ERROR] AppliInfo:139 - Unknown STM32CubeMX version: 6.18.0
2026-09-03 17:53:12,293 [ERROR] AppliInfo:139 - Unknown STM32CubeMX version: 6.18.0
2026-09-03 17:53:12,293 [ERROR] AppliInfo:139 - Unknown STM32CubeMX version: 6.18.0
2026-09-03 17:53:12,294 [ERROR] AppliInfo:139 - Unknown STM32CubeMX version: 6.18.0
2026-09-03 17:53:12,294 [ERROR] AppliInfo:139 - Unknown STM32CubeMX version: 6.18.0
2026-09-03 17:53:12,294 [ERROR] AppliInfo:139 - Unknown STM32CubeMX version: 6.18.0
2026-09-03 17:53:12,295 [ERROR] AppliInfo:139 - Unknown STM32CubeMX version: 6.18.0
2026-09-03 17:53:12,295 [ERROR] AppliInfo:139 - Unknown STM32CubeMX version: 6.18.0
2026-09-03 17:53:12,295 [ERROR] AppliInfo:139 - Unknown STM32CubeMX version: 6.18.0
2026-09-03 17:53:12,295 [ERROR] AppliInfo:139 - Unknown STM32CubeMX version: 6.18.0
2026-09-03 17:53:12,296 [ERROR] AppliInfo:139 - Unknown STM32CubeMX version: 6.18.0
2026-09-03 17:53:12,296 [ERROR] AppliInfo:139 - Unknown STM32CubeMX version: 6.18.0
2026-09-03 17:53:12,296 [ERROR] AppliInfo:139 - Unknown STM32CubeMX version: 6.17.0
2026-09-03 17:53:12,297 [ERROR] AppliInfo:139 - Unknown STM32CubeMX version: 6.17.0
2026-09-03 17:53:12,297 [ERROR] AppliInfo:139 - Unknown STM32CubeMX version: 6.18.0
2026-09-03 17:53:12,297 [ERROR] AppliInfo:139 - Unknown STM32CubeMX version: 6.17.0
2026-09-03 17:53:12,297 [ERROR] AppliInfo:139 - Unknown STM32CubeMX version: 6.17.0
2026-09-03 17:53:12,298 [ERROR] AppliInfo:139 - Unknown STM32CubeMX version: 6.17.0
2026-09-03 17:53:12,298 [ERROR] AppliInfo:139 - Unknown STM32CubeMX version: 6.17.0
2026-09-03 17:53:12,298 [ERROR] AppliInfo:139 - Unknown STM32CubeMX version: 6.17.0
2026-09-03 17:53:12,299 [ERROR] AppliInfo:139 - Unknown STM32CubeMX version: 6.17.0
2026-09-03 17:53:12,299 [ERROR] AppliInfo:139 - Unknown STM32CubeMX version: 6.17.0
2026-09-03 17:53:12,299 [ERROR] AppliInfo:139 - Unknown STM32CubeMX version: 6.17.0
2026-09-03 17:53:12,299 [ERROR] AppliInfo:139 - Unknown STM32CubeMX version: 6.17.0
2026-09-03 17:53:12,300 [ERROR] AppliInfo:139 - Unknown STM32CubeMX version: 6.17.0
2026-09-03 17:53:12,300 [ERROR] AppliInfo:139 - Unknown STM32CubeMX version: 6.17.0
2026-09-03 17:53:12,300 [ERROR] AppliInfo:139 - Unknown STM32CubeMX version: 6.17.0
2026-09-03 17:53:12,301 [ERROR] AppliInfo:139 - Unknown STM32CubeMX version: 6.17.0
2026-09-03 17:53:12,301 [ERROR] AppliInfo:139 - Unknown STM32CubeMX version: 6.17.0
2026-09-03 17:53:12,301 [ERROR] AppliInfo:139 - Unknown STM32CubeMX version: 6.17.0
2026-09-03 17:53:12,302 [ERROR] AppliInfo:139 - Unknown STM32CubeMX version: 6.17.0
2026-09-03 17:53:12,302 [ERROR] AppliInfo:139 - Unknown STM32CubeMX version: 6.17.0
2026-09-03 17:53:12,302 [ERROR] AppliInfo:139 - Unknown STM32CubeMX version: 6.17.0
2026-09-03 17:53:12,302 [ERROR] AppliInfo:139 - Unknown STM32CubeMX version: 6.17.0
2026-09-03 17:53:12,303 [ERROR] AppliInfo:139 - Unknown STM32CubeMX version: 6.17.0
2026-09-03 17:53:12,303 [ERROR] AppliInfo:139 - Unknown STM32CubeMX version: 6.17.0
2026-09-03 17:53:12,303 [ERROR] AppliInfo:139 - Unknown STM32CubeMX version: 6.17.0
2026-09-03 17:53:12,303 [ERROR] AppliInfo:139 - Unknown STM32CubeMX version: 6.17.0
2026-09-03 17:53:12,304 [ERROR] AppliInfo:139 - Unknown STM32CubeMX version: 6.17.0
2026-09-03 17:53:12,304 [ERROR] AppliInfo:139 - Unknown STM32CubeMX version: 6.17.0
2026-09-03 17:53:12,304 [ERROR] AppliInfo:139 - Unknown STM32CubeMX version: 6.17.0
2026-09-03 17:53:12,304 [ERROR] AppliInfo:139 - Unknown STM32CubeMX version: 6.17.0
2026-09-03 17:53:12,304 [ERROR] AppliInfo:139 - Unknown STM32CubeMX version: 6.17.0
2026-09-03 17:53:12,304 [ERROR] AppliInfo:139 - Unknown STM32CubeMX version: 6.17.0
2026-09-03 17:53:12,305 [ERROR] AppliInfo:139 - Unknown STM32CubeMX version: 6.17.0
2026-09-03 17:53:12,305 [ERROR] AppliInfo:139 - Unknown STM32CubeMX version: 6.17.0
2026-09-03 17:53:12,305 [ERROR] AppliInfo:139 - Unknown STM32CubeMX version: 6.17.0
2026-09-03 17:53:12,305 [ERROR] AppliInfo:139 - Unknown STM32CubeMX version: 6.18.0
2026-09-03 17:53:12,305 [ERROR] AppliInfo:139 - Unknown STM32CubeMX version: 6.18.0
2026-09-03 17:53:12,305 [ERROR] AppliInfo:139 - Unknown STM32CubeMX version: 6.18.0
2026-09-03 17:53:12,306 [ERROR] AppliInfo:139 - Unknown STM32CubeMX version: 6.18.0
2026-09-03 17:53:12,306 [ERROR] AppliInfo:139 - Unknown STM32CubeMX version: 6.18.0
2026-09-03 17:53:12,306 [ERROR] AppliInfo:139 - Unknown STM32CubeMX version: 6.18.0
2026-09-03 17:53:12,310 [ERROR] AppliInfo:139 - Unknown STM32CubeMX version: 6.17.0
2026-09-03 17:53:12,311 [ERROR] AppliInfo:139 - Unknown STM32CubeMX version: 6.17.0
2026-09-03 17:53:12,311 [ERROR] AppliInfo:139 - Unknown STM32CubeMX version: 6.17.0
2026-09-03 17:53:12,311 [ERROR] AppliInfo:139 - Unknown STM32CubeMX version: 6.17.0
2026-09-03 17:53:12,311 [ERROR] AppliInfo:139 - Unknown STM32CubeMX version: 6.17.0
2026-09-03 17:53:12,312 [ERROR] AppliInfo:139 - Unknown STM32CubeMX version: 6.17.0
2026-09-03 17:53:12,312 [ERROR] AppliInfo:139 - Unknown STM32CubeMX version: 6.17.0
2026-09-03 17:53:12,312 [ERROR] AppliInfo:139 - Unknown STM32CubeMX version: 6.17.0
2026-09-03 17:53:12,313 [ERROR] AppliInfo:139 - Unknown STM32CubeMX version: 6.17.0
2026-09-03 17:53:12,313 [ERROR] AppliInfo:139 - Unknown STM32CubeMX version: 6.17.0
2026-09-03 17:53:12,313 [ERROR] AppliInfo:139 - Unknown STM32CubeMX version: 6.17.0
2026-09-03 17:53:12,314 [ERROR] AppliInfo:139 - Unknown STM32CubeMX version: 6.17.0
2026-09-03 17:53:12,314 [ERROR] AppliInfo:139 - Unknown STM32CubeMX version: 6.17.0
2026-09-03 17:53:12,314 [ERROR] AppliInfo:139 - Unknown STM32CubeMX version: 6.17.0
2026-09-03 17:53:12,347 [ERROR] AppliInfo:139 - Unknown STM32CubeMX version: 6.17.0
2026-09-03 17:53:12,348 [ERROR] AppliInfo:139 - Unknown STM32CubeMX version: 6.17.0
2026-09-03 17:53:12,348 [ERROR] AppliInfo:139 - Unknown STM32CubeMX version: 6.17.0
2026-09-03 17:53:12,348 [ERROR] AppliInfo:139 - Unknown STM32CubeMX version: 6.17.0
2026-09-03 17:53:12,348 [ERROR] AppliInfo:139 - Unknown STM32CubeMX version: 6.17.0
2026-09-03 17:53:12,349 [ERROR] AppliInfo:139 - Unknown STM32CubeMX version: 6.17.0
2026-09-03 17:53:12,349 [ERROR] AppliInfo:139 - Unknown STM32CubeMX version: 6.17.0
2026-09-03 17:53:12,349 [ERROR] AppliInfo:139 - Unknown STM32CubeMX version: 6.17.0
2026-09-03 17:53:12,349 [ERROR] AppliInfo:139 - Unknown STM32CubeMX version: 6.17.0
2026-09-03 17:53:12,349 [ERROR] AppliInfo:139 - Unknown STM32CubeMX version: 6.17.0
2026-09-03 17:53:12,349 [ERROR] AppliInfo:139 - Unknown STM32CubeMX version: 6.17.0
2026-09-03 17:53:12,350 [ERROR] AppliInfo:139 - Unknown STM32CubeMX version: 6.17.0
2026-09-03 17:53:12,350 [ERROR] AppliInfo:139 - Unknown STM32CubeMX version: 6.17.0
2026-09-03 17:53:12,350 [ERROR] AppliInfo:139 - Unknown STM32CubeMX version: 6.17.0
2026-09-03 17:53:12,406 [ERROR] AppliInfo:139 - Unknown STM32CubeMX version: 6.17.0
2026-09-03 17:53:12,406 [ERROR] AppliInfo:139 - Unknown STM32CubeMX version: 6.17.0
2026-09-03 17:53:12,406 [ERROR] AppliInfo:139 - Unknown STM32CubeMX version: 6.17.0
2026-09-03 17:53:12,406 [ERROR] AppliInfo:139 - Unknown STM32CubeMX version: 6.17.0
2026-09-03 17:53:12,407 [ERROR] AppliInfo:139 - Unknown STM32CubeMX version: 6.17.0
2026-09-03 17:53:12,407 [ERROR] AppliInfo:139 - Unknown STM32CubeMX version: 6.17.0
2026-09-03 17:53:12,407 [ERROR] AppliInfo:139 - Unknown STM32CubeMX version: 6.17.0
2026-09-03 17:53:12,408 [ERROR] AppliInfo:139 - Unknown STM32CubeMX version: 6.17.0
2026-09-03 17:53:12,408 [ERROR] AppliInfo:139 - Unknown STM32CubeMX version: 6.17.0
2026-09-03 17:53:12,408 [ERROR] AppliInfo:139 - Unknown STM32CubeMX version: 6.17.0
2026-09-03 17:53:12,408 [ERROR] AppliInfo:139 - Unknown STM32CubeMX version: 6.17.0
2026-09-03 17:53:12,409 [ERROR] AppliInfo:139 - Unknown STM32CubeMX version: 6.17.0
2026-09-03 17:53:12,409 [ERROR] AppliInfo:139 - Unknown STM32CubeMX version: 6.17.0
2026-09-03 17:53:12,410 [ERROR] AppliInfo:139 - Unknown STM32CubeMX version: 6.17.0
2026-09-03 17:53:12,410 [ERROR] AppliInfo:139 - Unknown STM32CubeMX version: 6.17.0
2026-09-03 17:53:12,410 [ERROR] AppliInfo:139 - Unknown STM32CubeMX version: 6.17.0
2026-09-03 17:53:12,410 [ERROR] AppliInfo:139 - Unknown STM32CubeMX version: 6.17.0
2026-09-03 17:53:12,411 [ERROR] AppliInfo:139 - Unknown STM32CubeMX version: 6.17.0
2026-09-03 17:53:12,411 [ERROR] AppliInfo:139 - Unknown STM32CubeMX version: 6.17.0
2026-09-03 17:53:12,411 [ERROR] AppliInfo:139 - Unknown STM32CubeMX version: 6.17.0
2026-09-03 17:53:12,411 [ERROR] AppliInfo:139 - Unknown STM32CubeMX version: 6.17.0
2026-09-03 17:53:12,412 [ERROR] AppliInfo:139 - Unknown STM32CubeMX version: 6.17.0
2026-09-03 17:53:12,412 [ERROR] AppliInfo:139 - Unknown STM32CubeMX version: 6.16.0
2026-09-03 17:53:12,412 [ERROR] AppliInfo:139 - Unknown STM32CubeMX version: 6.15.0
2026-09-03 17:53:12,413 [ERROR] AppliInfo:139 - Unknown STM32CubeMX version: 6.15.0
2026-09-03 17:53:12,413 [ERROR] AppliInfo:139 - Unknown STM32CubeMX version: 6.15.0
2026-09-03 17:53:12,413 [ERROR] AppliInfo:139 - Unknown STM32CubeMX version: 6.15.0
2026-09-03 17:53:12,413 [ERROR] AppliInfo:139 - Unknown STM32CubeMX version: 6.15.0
2026-09-03 17:53:12,414 [ERROR] AppliInfo:139 - Unknown STM32CubeMX version: 6.15.0
2026-09-03 17:53:12,414 [ERROR] AppliInfo:139 - Unknown STM32CubeMX version: 6.15.0
2026-09-03 17:53:12,414 [ERROR] AppliInfo:139 - Unknown STM32CubeMX version: 6.16.0
2026-09-03 17:53:12,414 [ERROR] AppliInfo:139 - Unknown STM32CubeMX version: 6.16.0
2026-09-03 17:53:12,416 [ERROR] AppliInfo:139 - Unknown STM32CubeMX version: 6.13.0
2026-09-03 17:53:12,416 [ERROR] AppliInfo:139 - Unknown STM32CubeMX version: 6.13.0
2026-09-03 17:53:12,416 [ERROR] AppliInfo:139 - Unknown STM32CubeMX version: 6.13.0
2026-09-03 17:53:12,417 [ERROR] AppliInfo:139 - Unknown STM32CubeMX version: 6.13.0
2026-09-03 17:53:12,417 [ERROR] AppliInfo:139 - Unknown STM32CubeMX version: 6.13.0
2026-09-03 17:53:12,417 [ERROR] AppliInfo:139 - Unknown STM32CubeMX version: 6.13.0
2026-09-03 17:53:12,418 [ERROR] AppliInfo:139 - Unknown STM32CubeMX version: 6.13.0
2026-09-03 17:53:12,418 [ERROR] AppliInfo:139 - Unknown STM32CubeMX version: 6.13.0
2026-09-03 17:53:12,418 [ERROR] AppliInfo:139 - Unknown STM32CubeMX version: 6.13.0
2026-09-03 17:53:12,419 [ERROR] AppliInfo:139 - Unknown STM32CubeMX version: 6.13.0
2026-09-03 17:53:12,419 [ERROR] AppliInfo:139 - Unknown STM32CubeMX version: 6.13.0
2026-09-03 17:53:12,419 [ERROR] AppliInfo:139 - Unknown STM32CubeMX version: 6.13.0
2026-09-03 17:53:12,419 [ERROR] AppliInfo:139 - Unknown STM32CubeMX version: 6.13.0
2026-09-03 17:53:12,420 [ERROR] AppliInfo:139 - Unknown STM32CubeMX version: 6.13.0
2026-09-03 17:53:12,420 [ERROR] AppliInfo:139 - Unknown STM32CubeMX version: 6.13.0
2026-09-03 17:53:12,420 [ERROR] AppliInfo:139 - Unknown STM32CubeMX version: 6.13.0
2026-09-03 17:53:12,421 [ERROR] AppliInfo:139 - Unknown STM32CubeMX version: 6.13.0
2026-09-03 17:53:12,421 [ERROR] AppliInfo:139 - Unknown STM32CubeMX version: 6.13.0
2026-09-03 17:53:12,421 [ERROR] AppliInfo:139 - Unknown STM32CubeMX version: 6.13.0
2026-09-03 17:53:12,421 [ERROR] AppliInfo:139 - Unknown STM32CubeMX version: 6.13.0
2026-09-03 17:53:12,422 [ERROR] AppliInfo:139 - Unknown STM32CubeMX version: 6.13.0
2026-09-03 17:53:12,422 [ERROR] AppliInfo:139 - Unknown STM32CubeMX version: 6.13.0
2026-09-03 17:53:12,422 [ERROR] AppliInfo:139 - Unknown STM32CubeMX version: 6.13.0
2026-09-03 17:53:12,422 [ERROR] AppliInfo:139 - Unknown STM32CubeMX version: 6.13.0
2026-09-03 17:53:12,422 [ERROR] AppliInfo:139 - Unknown STM32CubeMX version: 6.13.0
2026-09-03 17:53:12,422 [ERROR] AppliInfo:139 - Unknown STM32CubeMX version: 6.13.0
2026-09-03 17:53:12,423 [ERROR] AppliInfo:139 - Unknown STM32CubeMX version: 6.15.0
2026-09-03 17:53:12,423 [ERROR] AppliInfo:139 - Unknown STM32CubeMX version: 6.15.0
2026-09-03 17:53:12,423 [ERROR] AppliInfo:139 - Unknown STM32CubeMX version: 6.15.0
2026-09-03 17:53:12,423 [ERROR] AppliInfo:139 - Unknown STM32CubeMX version: 6.15.0
2026-09-03 17:53:12,424 [ERROR] AppliInfo:139 - Unknown STM32CubeMX version: 6.15.0
2026-09-03 17:53:12,424 [ERROR] AppliInfo:139 - Unknown STM32CubeMX version: 6.15.0
2026-09-03 17:53:12,424 [ERROR] AppliInfo:139 - Unknown STM32CubeMX version: 6.15.0
2026-09-03 17:53:12,424 [ERROR] AppliInfo:139 - Unknown STM32CubeMX version: 6.15.0
2026-09-03 17:53:12,424 [ERROR] AppliInfo:139 - Unknown STM32CubeMX version: 6.15.0
2026-09-03 17:53:12,425 [ERROR] AppliInfo:139 - Unknown STM32CubeMX version: 6.15.0
2026-09-03 17:53:12,425 [ERROR] AppliInfo:139 - Unknown STM32CubeMX version: 6.15.0
2026-09-03 17:53:12,429 [ERROR] AppliInfo:139 - Unknown STM32CubeMX version: 6.15.0
2026-09-03 17:53:12,429 [ERROR] AppliInfo:139 - Unknown STM32CubeMX version: 6.15.0
2026-09-03 17:53:12,429 [ERROR] AppliInfo:139 - Unknown STM32CubeMX version: 6.13.0
2026-09-03 17:53:12,429 [ERROR] AppliInfo:139 - Unknown STM32CubeMX version: 6.13.0
2026-09-03 17:53:12,430 [ERROR] AppliInfo:139 - Unknown STM32CubeMX version: 6.13.0
2026-09-03 17:53:12,430 [ERROR] AppliInfo:139 - Unknown STM32CubeMX version: 6.13.0
2026-09-03 17:53:12,430 [ERROR] AppliInfo:139 - Unknown STM32CubeMX version: 6.13.0
2026-09-03 17:53:12,431 [ERROR] AppliInfo:139 - Unknown STM32CubeMX version: 6.13.0
2026-09-03 17:53:12,431 [ERROR] AppliInfo:139 - Unknown STM32CubeMX version: 6.13.0
2026-09-03 17:53:12,431 [ERROR] AppliInfo:139 - Unknown STM32CubeMX version: 6.13.0
2026-09-03 17:53:12,431 [ERROR] AppliInfo:139 - Unknown STM32CubeMX version: 6.13.0
2026-09-03 17:53:12,431 [ERROR] AppliInfo:139 - Unknown STM32CubeMX version: 6.13.0
2026-09-03 17:53:12,432 [ERROR] AppliInfo:139 - Unknown STM32CubeMX version: 6.13.0
2026-09-03 17:53:12,432 [ERROR] AppliInfo:139 - Unknown STM32CubeMX version: 6.13.0
2026-09-03 17:53:12,432 [ERROR] AppliInfo:139 - Unknown STM32CubeMX version: 6.13.0
2026-09-03 17:53:12,432 [ERROR] AppliInfo:139 - Unknown STM32CubeMX version: 6.13.0
2026-09-03 17:53:12,433 [ERROR] AppliInfo:139 - Unknown STM32CubeMX version: 6.13.0
2026-09-03 17:53:12,433 [ERROR] AppliInfo:139 - Unknown STM32CubeMX version: 6.13.0
2026-09-03 17:53:12,433 [ERROR] AppliInfo:139 - Unknown STM32CubeMX version: 6.13.0
2026-09-03 17:53:12,433 [ERROR] AppliInfo:139 - Unknown STM32CubeMX version: 6.13.0
2026-09-03 17:53:12,434 [ERROR] AppliInfo:139 - Unknown STM32CubeMX version: 6.13.0
2026-09-03 17:53:12,434 [ERROR] AppliInfo:139 - Unknown STM32CubeMX version: 6.13.0
2026-09-03 17:53:12,434 [ERROR] AppliInfo:139 - Unknown STM32CubeMX version: 6.13.0
2026-09-03 17:53:12,434 [ERROR] AppliInfo:139 - Unknown STM32CubeMX version: 6.13.0
2026-09-03 17:53:12,435 [ERROR] AppliInfo:139 - Unknown STM32CubeMX version: 6.13.0
2026-09-03 17:53:12,435 [ERROR] AppliInfo:139 - Unknown STM32CubeMX version: 6.13.0
2026-09-03 17:53:12,435 [ERROR] AppliInfo:139 - Unknown STM32CubeMX version: 6.13.0
2026-09-03 17:53:12,436 [ERROR] AppliInfo:139 - Unknown STM32CubeMX version: 6.13.0
2026-09-03 17:53:12,436 [ERROR] AppliInfo:139 - Unknown STM32CubeMX version: 6.13.0
2026-09-03 17:53:12,436 [ERROR] AppliInfo:139 - Unknown STM32CubeMX version: 6.13.0
2026-09-03 17:53:12,436 [ERROR] AppliInfo:139 - Unknown STM32CubeMX version: 6.13.0
2026-09-03 17:53:12,437 [ERROR] AppliInfo:139 - Unknown STM32CubeMX version: 6.13.0
2026-09-03 17:53:12,437 [ERROR] AppliInfo:139 - Unknown STM32CubeMX version: 6.13.0
2026-09-03 17:53:12,437 [ERROR] AppliInfo:139 - Unknown STM32CubeMX version: 6.13.0
2026-09-03 17:53:12,437 [ERROR] AppliInfo:139 - Unknown STM32CubeMX version: 6.13.0
2026-09-03 17:53:12,438 [ERROR] AppliInfo:139 - Unknown STM32CubeMX version: 6.13.0
2026-09-03 17:53:12,438 [ERROR] AppliInfo:139 - Unknown STM32CubeMX version: 6.13.0
2026-09-03 17:53:12,438 [ERROR] AppliInfo:139 - Unknown STM32CubeMX version: 6.13.0
2026-09-03 17:53:12,438 [ERROR] AppliInfo:139 - Unknown STM32CubeMX version: 6.13.0
2026-09-03 17:53:12,439 [ERROR] AppliInfo:139 - Unknown STM32CubeMX version: 6.16.0
2026-09-03 17:53:12,439 [ERROR] AppliInfo:139 - Unknown STM32CubeMX version: 6.15.0
2026-09-03 17:53:12,439 [ERROR] AppliInfo:139 - Unknown STM32CubeMX version: 6.15.0
2026-09-03 17:53:12,439 [ERROR] AppliInfo:139 - Unknown STM32CubeMX version: 6.15.0
2026-09-03 17:53:12,439 [ERROR] AppliInfo:139 - Unknown STM32CubeMX version: 6.15.0
2026-09-03 17:53:12,440 [ERROR] AppliInfo:139 - Unknown STM32CubeMX version: 6.15.0
2026-09-03 17:53:12,440 [ERROR] AppliInfo:139 - Unknown STM32CubeMX version: 6.15.0
2026-09-03 17:53:12,440 [ERROR] AppliInfo:139 - Unknown STM32CubeMX version: 6.15.0
2026-09-03 17:53:12,440 [ERROR] AppliInfo:139 - Unknown STM32CubeMX version: 6.16.0
2026-09-03 17:53:12,440 [ERROR] AppliInfo:139 - Unknown STM32CubeMX version: 6.16.0
2026-09-03 17:53:12,442 [ERROR] AppliInfo:139 - Unknown STM32CubeMX version: 6.13.0
2026-09-03 17:53:12,442 [ERROR] AppliInfo:139 - Unknown STM32CubeMX version: 6.13.0
2026-09-03 17:53:12,442 [ERROR] AppliInfo:139 - Unknown STM32CubeMX version: 6.13.0
2026-09-03 17:53:12,443 [ERROR] AppliInfo:139 - Unknown STM32CubeMX version: 6.13.0
2026-09-03 17:53:12,443 [ERROR] AppliInfo:139 - Unknown STM32CubeMX version: 6.13.0
2026-09-03 17:53:12,443 [ERROR] AppliInfo:139 - Unknown STM32CubeMX version: 6.13.0
2026-09-03 17:53:12,443 [ERROR] AppliInfo:139 - Unknown STM32CubeMX version: 6.13.0
2026-09-03 17:53:12,444 [ERROR] AppliInfo:139 - Unknown STM32CubeMX version: 6.13.0
2026-09-03 17:53:12,444 [ERROR] AppliInfo:139 - Unknown STM32CubeMX version: 6.13.0
2026-09-03 17:53:12,444 [ERROR] AppliInfo:139 - Unknown STM32CubeMX version: 6.13.0
2026-09-03 17:53:12,444 [ERROR] AppliInfo:139 - Unknown STM32CubeMX version: 6.13.0
2026-09-03 17:53:12,445 [ERROR] AppliInfo:139 - Unknown STM32CubeMX version: 6.13.0
2026-09-03 17:53:12,445 [ERROR] AppliInfo:139 - Unknown STM32CubeMX version: 6.13.0
2026-09-03 17:53:12,445 [ERROR] AppliInfo:139 - Unknown STM32CubeMX version: 6.13.0
2026-09-03 17:53:12,445 [ERROR] AppliInfo:139 - Unknown STM32CubeMX version: 6.13.0
2026-09-03 17:53:12,446 [ERROR] AppliInfo:139 - Unknown STM32CubeMX version: 6.13.0
2026-09-03 17:53:12,446 [ERROR] AppliInfo:139 - Unknown STM32CubeMX version: 6.13.0
2026-09-03 17:53:12,446 [ERROR] AppliInfo:139 - Unknown STM32CubeMX version: 6.13.0
2026-09-03 17:53:12,446 [ERROR] AppliInfo:139 - Unknown STM32CubeMX version: 6.13.0
2026-09-03 17:53:12,447 [ERROR] AppliInfo:139 - Unknown STM32CubeMX version: 6.13.0
2026-09-03 17:53:12,447 [ERROR] AppliInfo:139 - Unknown STM32CubeMX version: 6.13.0
2026-09-03 17:53:12,447 [ERROR] AppliInfo:139 - Unknown STM32CubeMX version: 6.13.0
2026-09-03 17:53:12,447 [ERROR] AppliInfo:139 - Unknown STM32CubeMX version: 6.13.0
2026-09-03 17:53:12,448 [ERROR] AppliInfo:139 - Unknown STM32CubeMX version: 6.13.0
2026-09-03 17:53:12,448 [ERROR] AppliInfo:139 - Unknown STM32CubeMX version: 6.13.0
2026-09-03 17:53:12,448 [ERROR] AppliInfo:139 - Unknown STM32CubeMX version: 6.13.0
2026-09-03 17:53:12,448 [ERROR] AppliInfo:139 - Unknown STM32CubeMX version: 6.15.0
2026-09-03 17:53:12,449 [ERROR] AppliInfo:139 - Unknown STM32CubeMX version: 6.15.0
2026-09-03 17:53:12,449 [ERROR] AppliInfo:139 - Unknown STM32CubeMX version: 6.15.0
2026-09-03 17:53:12,449 [ERROR] AppliInfo:139 - Unknown STM32CubeMX version: 6.15.0
2026-09-03 17:53:12,449 [ERROR] AppliInfo:139 - Unknown STM32CubeMX version: 6.15.0
2026-09-03 17:53:12,449 [ERROR] AppliInfo:139 - Unknown STM32CubeMX version: 6.15.0
2026-09-03 17:53:12,450 [ERROR] AppliInfo:139 - Unknown STM32CubeMX version: 6.15.0
2026-09-03 17:53:12,450 [ERROR] AppliInfo:139 - Unknown STM32CubeMX version: 6.15.0
2026-09-03 17:53:12,450 [ERROR] AppliInfo:139 - Unknown STM32CubeMX version: 6.15.0
2026-09-03 17:53:12,450 [ERROR] AppliInfo:139 - Unknown STM32CubeMX version: 6.15.0
2026-09-03 17:53:12,450 [ERROR] AppliInfo:139 - Unknown STM32CubeMX version: 6.15.0
2026-09-03 17:53:12,451 [ERROR] AppliInfo:139 - Unknown STM32CubeMX version: 6.15.0
2026-09-03 17:53:12,451 [ERROR] AppliInfo:139 - Unknown STM32CubeMX version: 6.15.0
2026-09-03 17:53:12,451 [ERROR] AppliInfo:139 - Unknown STM32CubeMX version: 6.13.0
2026-09-03 17:53:12,451 [ERROR] AppliInfo:139 - Unknown STM32CubeMX version: 6.13.0
2026-09-03 17:53:12,452 [ERROR] AppliInfo:139 - Unknown STM32CubeMX version: 6.13.0
2026-09-03 17:53:12,452 [ERROR] AppliInfo:139 - Unknown STM32CubeMX version: 6.13.0
2026-09-03 17:53:12,452 [ERROR] AppliInfo:139 - Unknown STM32CubeMX version: 6.13.0
2026-09-03 17:53:12,452 [ERROR] AppliInfo:139 - Unknown STM32CubeMX version: 6.13.0
2026-09-03 17:53:12,453 [ERROR] AppliInfo:139 - Unknown STM32CubeMX version: 6.13.0
2026-09-03 17:53:12,453 [ERROR] AppliInfo:139 - Unknown STM32CubeMX version: 6.13.0
2026-09-03 17:53:12,453 [ERROR] AppliInfo:139 - Unknown STM32CubeMX version: 6.13.0
2026-09-03 17:53:12,453 [ERROR] AppliInfo:139 - Unknown STM32CubeMX version: 6.13.0
2026-09-03 17:53:12,454 [ERROR] AppliInfo:139 - Unknown STM32CubeMX version: 6.13.0
2026-09-03 17:53:12,454 [ERROR] AppliInfo:139 - Unknown STM32CubeMX version: 6.13.0
2026-09-03 17:53:12,454 [ERROR] AppliInfo:139 - Unknown STM32CubeMX version: 6.13.0
2026-09-03 17:53:12,454 [ERROR] AppliInfo:139 - Unknown STM32CubeMX version: 6.13.0
2026-09-03 17:53:12,455 [ERROR] AppliInfo:139 - Unknown STM32CubeMX version: 6.13.0
2026-09-03 17:53:12,455 [ERROR] AppliInfo:139 - Unknown STM32CubeMX version: 6.13.0
2026-09-03 17:53:12,455 [ERROR] AppliInfo:139 - Unknown STM32CubeMX version: 6.13.0
2026-09-03 17:53:12,455 [ERROR] AppliInfo:139 - Unknown STM32CubeMX version: 6.13.0
2026-09-03 17:53:12,456 [ERROR] AppliInfo:139 - Unknown STM32CubeMX version: 6.13.0
2026-09-03 17:53:12,456 [ERROR] AppliInfo:139 - Unknown STM32CubeMX version: 6.13.0
2026-09-03 17:53:12,456 [ERROR] AppliInfo:139 - Unknown STM32CubeMX version: 6.13.0
2026-09-03 17:53:12,456 [ERROR] AppliInfo:139 - Unknown STM32CubeMX version: 6.13.0
2026-09-03 17:53:12,457 [ERROR] AppliInfo:139 - Unknown STM32CubeMX version: 6.13.0
2026-09-03 17:53:12,457 [ERROR] AppliInfo:139 - Unknown STM32CubeMX version: 6.13.0
2026-09-03 17:53:12,457 [ERROR] AppliInfo:139 - Unknown STM32CubeMX version: 6.13.0
2026-09-03 17:53:12,457 [ERROR] AppliInfo:139 - Unknown STM32CubeMX version: 6.13.0
2026-09-03 17:53:12,457 [ERROR] AppliInfo:139 - Unknown STM32CubeMX version: 6.13.0
2026-09-03 17:53:12,458 [ERROR] AppliInfo:139 - Unknown STM32CubeMX version: 6.13.0
2026-09-03 17:53:12,458 [ERROR] AppliInfo:139 - Unknown STM32CubeMX version: 6.13.0
2026-09-03 17:53:12,458 [ERROR] AppliInfo:139 - Unknown STM32CubeMX version: 6.13.0
2026-09-03 17:53:12,458 [ERROR] AppliInfo:139 - Unknown STM32CubeMX version: 6.13.0
2026-09-03 17:53:12,459 [ERROR] AppliInfo:139 - Unknown STM32CubeMX version: 6.13.0
2026-09-03 17:53:12,459 [ERROR] AppliInfo:139 - Unknown STM32CubeMX version: 6.13.0
2026-09-03 17:53:12,459 [ERROR] AppliInfo:139 - Unknown STM32CubeMX version: 6.13.0
2026-09-03 17:53:12,460 [ERROR] AppliInfo:139 - Unknown STM32CubeMX version: 6.13.0
2026-09-03 17:53:12,460 [ERROR] AppliInfo:139 - Unknown STM32CubeMX version: 6.13.0
2026-09-03 17:53:12,460 [ERROR] AppliInfo:139 - Unknown STM32CubeMX version: 6.13.0
2026-09-03 17:53:12,460 [ERROR] AppliInfo:139 - Unknown STM32CubeMX version: 6.16.0
2026-09-03 17:53:12,461 [ERROR] AppliInfo:139 - Unknown STM32CubeMX version: 6.16.0
2026-09-03 17:53:12,461 [ERROR] AppliInfo:139 - Unknown STM32CubeMX version: 6.16.0
2026-09-03 17:53:12,461 [ERROR] AppliInfo:139 - Unknown STM32CubeMX version: 6.16.0
2026-09-03 17:53:12,461 [ERROR] AppliInfo:139 - Unknown STM32CubeMX version: 6.16.0
2026-09-03 17:53:12,462 [ERROR] AppliInfo:139 - Unknown STM32CubeMX version: 6.16.0
2026-09-03 17:53:12,462 [ERROR] AppliInfo:139 - Unknown STM32CubeMX version: 6.16.0
2026-09-03 17:53:12,462 [ERROR] AppliInfo:139 - Unknown STM32CubeMX version: 6.16.0
2026-09-03 17:53:12,462 [ERROR] AppliInfo:139 - Unknown STM32CubeMX version: 6.16.0
2026-09-03 17:53:12,464 [ERROR] AppliInfo:139 - Unknown STM32CubeMX version: 6.16.0
2026-09-03 17:53:12,464 [ERROR] AppliInfo:139 - Unknown STM32CubeMX version: 6.16.0
2026-09-03 17:53:12,464 [ERROR] AppliInfo:139 - Unknown STM32CubeMX version: 6.16.0
2026-09-03 17:53:12,464 [ERROR] AppliInfo:139 - Unknown STM32CubeMX version: 6.16.0
2026-09-03 17:53:12,465 [ERROR] AppliInfo:139 - Unknown STM32CubeMX version: 6.16.0
2026-09-03 17:53:12,465 [ERROR] AppliInfo:139 - Unknown STM32CubeMX version: 6.16.0
2026-09-03 17:53:12,465 [ERROR] AppliInfo:139 - Unknown STM32CubeMX version: 6.16.0
2026-09-03 17:53:12,465 [ERROR] AppliInfo:139 - Unknown STM32CubeMX version: 6.16.0
2026-09-03 17:53:12,466 [ERROR] AppliInfo:139 - Unknown STM32CubeMX version: 6.16.0
2026-09-03 17:53:12,466 [ERROR] AppliInfo:139 - Unknown STM32CubeMX version: 6.16.0
2026-09-03 17:53:12,467 [ERROR] AppliInfo:139 - Unknown STM32CubeMX version: 6.16.0
2026-09-03 17:53:12,467 [ERROR] AppliInfo:139 - Unknown STM32CubeMX version: 6.16.0
2026-09-03 17:53:12,467 [ERROR] AppliInfo:139 - Unknown STM32CubeMX version: 6.16.0
2026-09-03 17:53:12,468 [ERROR] AppliInfo:139 - Unknown STM32CubeMX version: 6.16.0
2026-09-03 17:53:12,468 [ERROR] AppliInfo:139 - Unknown STM32CubeMX version: 6.16.0
2026-09-03 17:53:12,468 [ERROR] AppliInfo:139 - Unknown STM32CubeMX version: 6.16.0
2026-09-03 17:53:12,469 [ERROR] AppliInfo:139 - Unknown STM32CubeMX version: 6.16.0
2026-09-03 17:53:12,469 [ERROR] AppliInfo:139 - Unknown STM32CubeMX version: 6.16.0
2026-09-03 17:53:12,469 [ERROR] AppliInfo:139 - Unknown STM32CubeMX version: 6.16.0
2026-09-03 17:53:12,470 [ERROR] AppliInfo:139 - Unknown STM32CubeMX version: 6.16.0
2026-09-03 17:53:12,470 [ERROR] AppliInfo:139 - Unknown STM32CubeMX version: 6.16.0
2026-09-03 17:53:12,470 [ERROR] AppliInfo:139 - Unknown STM32CubeMX version: 6.16.0
2026-09-03 17:53:12,470 [ERROR] AppliInfo:139 - Unknown STM32CubeMX version: 6.16.0
2026-09-03 17:53:12,470 [ERROR] AppliInfo:139 - Unknown STM32CubeMX version: 6.16.0
2026-09-03 17:53:12,471 [ERROR] AppliInfo:139 - Unknown STM32CubeMX version: 6.16.0
2026-09-03 17:53:12,471 [ERROR] AppliInfo:139 - Unknown STM32CubeMX version: 6.16.0
2026-09-03 17:53:12,471 [ERROR] AppliInfo:139 - Unknown STM32CubeMX version: 6.16.0
2026-09-03 17:53:12,471 [ERROR] AppliInfo:139 - Unknown STM32CubeMX version: 6.16.0
2026-09-03 17:53:12,472 [ERROR] AppliInfo:139 - Unknown STM32CubeMX version: 6.16.0
2026-09-03 17:53:12,472 [ERROR] AppliInfo:139 - Unknown STM32CubeMX version: 6.16.0
2026-09-03 17:53:12,472 [ERROR] AppliInfo:139 - Unknown STM32CubeMX version: 6.16.0
2026-09-03 17:53:12,473 [ERROR] AppliInfo:139 - Unknown STM32CubeMX version: 6.16.0
2026-09-03 17:53:12,473 [ERROR] AppliInfo:139 - Unknown STM32CubeMX version: 6.16.0
2026-09-03 17:53:12,473 [ERROR] AppliInfo:139 - Unknown STM32CubeMX version: 6.16.0
2026-09-03 17:53:12,474 [ERROR] AppliInfo:139 - Unknown STM32CubeMX version: 6.16.0
2026-09-03 17:53:12,474 [ERROR] AppliInfo:139 - Unknown STM32CubeMX version: 6.16.0
2026-09-03 17:53:12,474 [ERROR] AppliInfo:139 - Unknown STM32CubeMX version: 6.16.0
2026-09-03 17:53:12,475 [ERROR] AppliInfo:139 - Unknown STM32CubeMX version: 6.16.0
2026-09-03 17:53:12,475 [ERROR] AppliInfo:139 - Unknown STM32CubeMX version: 6.16.0
2026-09-03 17:53:12,475 [ERROR] AppliInfo:139 - Unknown STM32CubeMX version: 6.16.0
2026-09-03 17:53:12,475 [ERROR] AppliInfo:139 - Unknown STM32CubeMX version: 6.16.0
2026-09-03 17:53:12,476 [ERROR] AppliInfo:139 - Unknown STM32CubeMX version: 6.16.0
2026-09-03 17:53:12,476 [ERROR] AppliInfo:139 - Unknown STM32CubeMX version: 6.16.0
2026-09-03 17:53:12,476 [ERROR] AppliInfo:139 - Unknown STM32CubeMX version: 6.16.0
2026-09-03 17:53:12,476 [ERROR] AppliInfo:139 - Unknown STM32CubeMX version: 6.16.0
2026-09-03 17:53:12,477 [ERROR] AppliInfo:139 - Unknown STM32CubeMX version: 6.16.0
2026-09-03 17:53:12,477 [ERROR] AppliInfo:139 - Unknown STM32CubeMX version: 6.16.0
2026-09-03 17:53:12,477 [ERROR] AppliInfo:139 - Unknown STM32CubeMX version: 6.16.0
2026-09-03 17:53:12,478 [ERROR] AppliInfo:139 - Unknown STM32CubeMX version: 6.16.0
2026-09-03 17:53:12,478 [ERROR] AppliInfo:139 - Unknown STM32CubeMX version: 6.16.0
2026-09-03 17:53:12,478 [ERROR] AppliInfo:139 - Unknown STM32CubeMX version: 6.16.0
2026-09-03 17:53:12,486 [ERROR] AppliInfo:139 - Unknown STM32CubeMX version: 6.17.0
2026-09-03 17:53:12,486 [ERROR] AppliInfo:139 - Unknown STM32CubeMX version: 6.16.0
2026-09-03 17:53:12,486 [ERROR] AppliInfo:139 - Unknown STM32CubeMX version: 6.16.0
2026-09-03 17:53:12,487 [ERROR] AppliInfo:139 - Unknown STM32CubeMX version: 6.16.0
2026-09-03 17:53:12,487 [ERROR] AppliInfo:139 - Unknown STM32CubeMX version: 6.16.0
2026-09-03 17:53:12,487 [ERROR] AppliInfo:139 - Unknown STM32CubeMX version: 6.16.0
2026-09-03 17:53:12,487 [ERROR] AppliInfo:139 - Unknown STM32CubeMX version: 6.16.0
2026-09-03 17:53:12,488 [ERROR] AppliInfo:139 - Unknown STM32CubeMX version: 6.16.0
2026-09-03 17:53:12,488 [ERROR] AppliInfo:139 - Unknown STM32CubeMX version: 6.17.0
2026-09-03 17:53:12,488 [ERROR] AppliInfo:139 - Unknown STM32CubeMX version: 6.17.0
2026-09-03 17:53:12,488 [ERROR] AppliInfo:139 - Unknown STM32CubeMX version: 6.17.0
2026-09-03 17:53:12,489 [ERROR] AppliInfo:139 - Unknown STM32CubeMX version: 6.16.0
2026-09-03 17:53:12,489 [ERROR] AppliInfo:139 - Unknown STM32CubeMX version: 6.16.0
2026-09-03 17:53:12,489 [ERROR] AppliInfo:139 - Unknown STM32CubeMX version: 6.16.0
2026-09-03 17:53:12,489 [ERROR] AppliInfo:139 - Unknown STM32CubeMX version: 6.16.0
2026-09-03 17:53:12,490 [ERROR] AppliInfo:139 - Unknown STM32CubeMX version: 6.16.0
2026-09-03 17:53:12,490 [ERROR] AppliInfo:139 - Unknown STM32CubeMX version: 6.17.0
2026-09-03 17:53:12,490 [ERROR] AppliInfo:139 - Unknown STM32CubeMX version: 6.17.0
2026-09-03 17:53:12,490 [ERROR] AppliInfo:139 - Unknown STM32CubeMX version: 6.17.0
2026-09-03 17:53:12,491 [ERROR] AppliInfo:139 - Unknown STM32CubeMX version: 6.16.0
2026-09-03 17:53:12,491 [ERROR] AppliInfo:139 - Unknown STM32CubeMX version: 6.17.0
2026-09-03 17:53:12,491 [ERROR] AppliInfo:139 - Unknown STM32CubeMX version: 6.17.0
2026-09-03 17:53:12,491 [ERROR] AppliInfo:139 - Unknown STM32CubeMX version: 6.17.0
2026-09-03 17:53:12,492 [ERROR] AppliInfo:139 - Unknown STM32CubeMX version: 6.17.0
2026-09-03 17:53:12,492 [ERROR] AppliInfo:139 - Unknown STM32CubeMX version: 6.17.0
2026-09-03 17:53:12,492 [ERROR] AppliInfo:139 - Unknown STM32CubeMX version: 6.16.0
2026-09-03 17:53:12,492 [ERROR] AppliInfo:139 - Unknown STM32CubeMX version: 6.16.0
2026-09-03 17:53:12,493 [ERROR] AppliInfo:139 - Unknown STM32CubeMX version: 6.16.0
2026-09-03 17:53:12,493 [ERROR] AppliInfo:139 - Unknown STM32CubeMX version: 6.17.0
2026-09-03 17:53:12,493 [ERROR] AppliInfo:139 - Unknown STM32CubeMX version: 6.17.0
2026-09-03 17:53:12,494 [ERROR] AppliInfo:139 - Unknown STM32CubeMX version: 6.16.0
2026-09-03 17:53:12,494 [ERROR] AppliInfo:139 - Unknown STM32CubeMX version: 6.17.0
2026-09-03 17:53:12,494 [ERROR] AppliInfo:139 - Unknown STM32CubeMX version: 6.17.0
2026-09-03 17:53:12,494 [ERROR] AppliInfo:139 - Unknown STM32CubeMX version: 6.17.0
2026-09-03 17:53:12,495 [ERROR] AppliInfo:139 - Unknown STM32CubeMX version: 6.17.0
2026-09-03 17:53:12,495 [ERROR] AppliInfo:139 - Unknown STM32CubeMX version: 6.17.0
2026-09-03 17:53:12,495 [ERROR] AppliInfo:139 - Unknown STM32CubeMX version: 6.16.0
2026-09-03 17:53:12,496 [ERROR] AppliInfo:139 - Unknown STM32CubeMX version: 6.16.0
2026-09-03 17:53:12,496 [ERROR] AppliInfo:139 - Unknown STM32CubeMX version: 6.16.0
2026-09-03 17:53:12,496 [ERROR] AppliInfo:139 - Unknown STM32CubeMX version: 6.17.0
2026-09-03 17:53:12,496 [ERROR] AppliInfo:139 - Unknown STM32CubeMX version: 6.17.0
2026-09-03 17:53:12,497 [ERROR] AppliInfo:139 - Unknown STM32CubeMX version: 6.17.0
2026-09-03 17:53:12,497 [ERROR] AppliInfo:139 - Unknown STM32CubeMX version: 6.16.0
2026-09-03 17:53:12,497 [ERROR] AppliInfo:139 - Unknown STM32CubeMX version: 6.16.0
2026-09-03 17:53:12,502 [ERROR] AppliInfo:139 - Unknown STM32CubeMX version: 6.16.0
2026-09-03 17:53:12,502 [ERROR] AppliInfo:139 - Unknown STM32CubeMX version: 6.16.0
2026-09-03 17:53:12,503 [ERROR] AppliInfo:139 - Unknown STM32CubeMX version: 6.16.0
2026-09-03 17:53:12,503 [ERROR] AppliInfo:139 - Unknown STM32CubeMX version: 6.16.0
2026-09-03 17:53:12,503 [ERROR] AppliInfo:139 - Unknown STM32CubeMX version: 6.16.0
2026-09-03 17:53:12,503 [ERROR] AppliInfo:139 - Unknown STM32CubeMX version: 6.17.0
2026-09-03 17:53:12,504 [ERROR] AppliInfo:139 - Unknown STM32CubeMX version: 6.17.0
2026-09-03 17:53:12,504 [ERROR] AppliInfo:139 - Unknown STM32CubeMX version: 6.17.0
2026-09-03 17:53:12,504 [ERROR] AppliInfo:139 - Unknown STM32CubeMX version: 6.16.0
2026-09-03 17:53:12,504 [ERROR] AppliInfo:139 - Unknown STM32CubeMX version: 6.16.0
2026-09-03 17:53:12,505 [ERROR] AppliInfo:139 - Unknown STM32CubeMX version: 6.16.0
2026-09-03 17:53:12,505 [ERROR] AppliInfo:139 - Unknown STM32CubeMX version: 6.16.0
2026-09-03 17:53:12,505 [ERROR] AppliInfo:139 - Unknown STM32CubeMX version: 6.16.0
2026-09-03 17:53:12,505 [ERROR] AppliInfo:139 - Unknown STM32CubeMX version: 6.16.0
2026-09-03 17:53:12,506 [ERROR] AppliInfo:139 - Unknown STM32CubeMX version: 6.16.0
2026-09-03 17:53:12,506 [ERROR] AppliInfo:139 - Unknown STM32CubeMX version: 6.17.0
2026-09-03 17:53:12,506 [ERROR] AppliInfo:139 - Unknown STM32CubeMX version: 6.17.0
2026-09-03 17:53:12,506 [ERROR] AppliInfo:139 - Unknown STM32CubeMX version: 6.17.0
2026-09-03 17:53:12,506 [ERROR] AppliInfo:139 - Unknown STM32CubeMX version: 6.16.0
2026-09-03 17:53:12,507 [ERROR] AppliInfo:139 - Unknown STM32CubeMX version: 6.17.0
2026-09-03 17:53:12,507 [ERROR] AppliInfo:139 - Unknown STM32CubeMX version: 6.17.0
2026-09-03 17:53:12,507 [ERROR] AppliInfo:139 - Unknown STM32CubeMX version: 6.17.0
2026-09-03 17:53:12,507 [ERROR] AppliInfo:139 - Unknown STM32CubeMX version: 6.17.0
2026-09-03 17:53:12,508 [ERROR] AppliInfo:139 - Unknown STM32CubeMX version: 6.17.0
2026-09-03 17:53:12,508 [ERROR] AppliInfo:139 - Unknown STM32CubeMX version: 6.16.0
2026-09-03 17:53:12,508 [ERROR] AppliInfo:139 - Unknown STM32CubeMX version: 6.16.0
2026-09-03 17:53:12,508 [ERROR] AppliInfo:139 - Unknown STM32CubeMX version: 6.16.0
2026-09-03 17:53:12,509 [ERROR] AppliInfo:139 - Unknown STM32CubeMX version: 6.17.0
2026-09-03 17:53:12,509 [ERROR] AppliInfo:139 - Unknown STM32CubeMX version: 6.17.0
2026-09-03 17:53:12,509 [ERROR] AppliInfo:139 - Unknown STM32CubeMX version: 6.16.0
2026-09-03 17:53:12,509 [ERROR] AppliInfo:139 - Unknown STM32CubeMX version: 6.17.0
2026-09-03 17:53:12,510 [ERROR] AppliInfo:139 - Unknown STM32CubeMX version: 6.17.0
2026-09-03 17:53:12,510 [ERROR] AppliInfo:139 - Unknown STM32CubeMX version: 6.17.0
2026-09-03 17:53:12,510 [ERROR] AppliInfo:139 - Unknown STM32CubeMX version: 6.17.0
2026-09-03 17:53:12,511 [ERROR] AppliInfo:139 - Unknown STM32CubeMX version: 6.17.0
2026-09-03 17:53:12,511 [ERROR] AppliInfo:139 - Unknown STM32CubeMX version: 6.16.0
2026-09-03 17:53:12,511 [ERROR] AppliInfo:139 - Unknown STM32CubeMX version: 6.16.0
2026-09-03 17:53:12,511 [ERROR] AppliInfo:139 - Unknown STM32CubeMX version: 6.16.0
2026-09-03 17:53:12,512 [ERROR] AppliInfo:139 - Unknown STM32CubeMX version: 6.17.0
2026-09-03 17:53:12,512 [ERROR] AppliInfo:139 - Unknown STM32CubeMX version: 6.17.0
2026-09-03 17:53:12,513 [ERROR] AppliInfo:139 - Unknown STM32CubeMX version: 6.16.1
2026-09-03 17:53:12,513 [ERROR] AppliInfo:139 - Unknown STM32CubeMX version: 6.16.1
2026-09-03 17:53:12,514 [ERROR] AppliInfo:139 - Unknown STM32CubeMX version: 6.16.1
2026-09-03 17:53:12,514 [ERROR] AppliInfo:139 - Unknown STM32CubeMX version: 6.16.1
2026-09-03 17:53:12,515 [ERROR] AppliInfo:139 - Unknown STM32CubeMX version: 6.16.1
2026-09-03 17:53:12,515 [ERROR] AppliInfo:139 - Unknown STM32CubeMX version: 6.16.1
2026-09-03 17:53:12,532 [ERROR] AppliInfo:139 - Unknown STM32CubeMX version: 6.17.0
2026-09-03 17:53:12,532 [ERROR] AppliInfo:139 - Unknown STM32CubeMX version: 6.17.0
2026-09-03 17:53:12,532 [ERROR] AppliInfo:139 - Unknown STM32CubeMX version: 6.17.0
2026-09-03 17:53:12,533 [ERROR] AppliInfo:139 - Unknown STM32CubeMX version: 6.17.0
2026-09-03 17:53:12,533 [ERROR] AppliInfo:139 - Unknown STM32CubeMX version: 6.17.0
2026-09-03 17:53:12,533 [ERROR] AppliInfo:139 - Unknown STM32CubeMX version: 6.17.0
2026-09-03 17:53:12,534 [ERROR] AppliInfo:139 - Unknown STM32CubeMX version: 6.17.0
2026-09-03 17:53:12,534 [ERROR] AppliInfo:139 - Unknown STM32CubeMX version: 6.17.0
2026-09-03 17:53:12,534 [ERROR] AppliInfo:139 - Unknown STM32CubeMX version: 6.17.0
2026-09-03 17:53:12,535 [ERROR] AppliInfo:139 - Unknown STM32CubeMX version: 6.17.0
2026-09-03 17:53:12,535 [ERROR] AppliInfo:139 - Unknown STM32CubeMX version: 6.17.0
2026-09-03 17:53:12,535 [ERROR] AppliInfo:139 - Unknown STM32CubeMX version: 6.17.0
2026-09-03 17:53:12,535 [ERROR] AppliInfo:139 - Unknown STM32CubeMX version: 6.17.0
2026-09-03 17:53:12,536 [ERROR] AppliInfo:139 - Unknown STM32CubeMX version: 6.17.0
2026-09-03 17:53:12,536 [ERROR] AppliInfo:139 - Unknown STM32CubeMX version: 6.17.0
2026-09-03 17:53:12,536 [ERROR] AppliInfo:139 - Unknown STM32CubeMX version: 6.17.0
2026-09-03 17:53:12,537 [ERROR] AppliInfo:139 - Unknown STM32CubeMX version: 6.17.0
2026-09-03 17:53:12,537 [ERROR] AppliInfo:139 - Unknown STM32CubeMX version: 6.15.0
2026-09-03 17:53:12,537 [ERROR] AppliInfo:139 - Unknown STM32CubeMX version: 6.17.0
2026-09-03 17:53:12,537 [ERROR] AppliInfo:139 - Unknown STM32CubeMX version: 6.17.0
2026-09-03 17:53:12,538 [ERROR] AppliInfo:139 - Unknown STM32CubeMX version: 6.17.0
2026-09-03 17:53:12,538 [ERROR] AppliInfo:139 - Unknown STM32CubeMX version: 6.17.0
2026-09-03 17:53:12,538 [ERROR] AppliInfo:139 - Unknown STM32CubeMX version: 6.17.0
2026-09-03 17:53:12,538 [ERROR] AppliInfo:139 - Unknown STM32CubeMX version: 6.17.0
2026-09-03 17:53:12,539 [ERROR] AppliInfo:139 - Unknown STM32CubeMX version: 6.17.0
2026-09-03 17:53:12,539 [ERROR] AppliInfo:139 - Unknown STM32CubeMX version: 6.17.0
2026-09-03 17:53:12,539 [ERROR] AppliInfo:139 - Unknown STM32CubeMX version: 6.17.0
2026-09-03 17:53:12,540 [ERROR] AppliInfo:139 - Unknown STM32CubeMX version: 6.17.0
2026-09-03 17:53:12,540 [ERROR] AppliInfo:139 - Unknown STM32CubeMX version: 6.17.0
2026-09-03 17:53:12,540 [ERROR] AppliInfo:139 - Unknown STM32CubeMX version: 6.17.0
2026-09-03 17:53:12,541 [ERROR] AppliInfo:139 - Unknown STM32CubeMX version: 6.17.0
2026-09-03 17:53:12,541 [ERROR] AppliInfo:139 - Unknown STM32CubeMX version: 6.17.0
2026-09-03 17:53:12,541 [ERROR] AppliInfo:139 - Unknown STM32CubeMX version: 6.17.0
2026-09-03 17:53:12,542 [ERROR] AppliInfo:139 - Unknown STM32CubeMX version: 6.17.0
2026-09-03 17:53:12,542 [ERROR] AppliInfo:139 - Unknown STM32CubeMX version: 6.17.0
2026-09-03 17:53:12,542 [ERROR] AppliInfo:139 - Unknown STM32CubeMX version: 6.17.0
2026-09-03 17:53:12,542 [ERROR] AppliInfo:139 - Unknown STM32CubeMX version: 6.17.0
2026-09-03 17:53:12,542 [ERROR] AppliInfo:139 - Unknown STM32CubeMX version: 6.17.0
2026-09-03 17:53:12,543 [ERROR] AppliInfo:139 - Unknown STM32CubeMX version: 6.17.0
2026-09-03 17:53:12,543 [ERROR] AppliInfo:139 - Unknown STM32CubeMX version: 6.17.0
2026-09-03 17:53:12,543 [ERROR] AppliInfo:139 - Unknown STM32CubeMX version: 6.17.0
2026-09-03 17:53:12,543 [ERROR] AppliInfo:139 - Unknown STM32CubeMX version: 6.17.0
2026-09-03 17:53:12,543 [ERROR] AppliInfo:139 - Unknown STM32CubeMX version: 6.17.0
2026-09-03 17:53:12,543 [ERROR] AppliInfo:139 - Unknown STM32CubeMX version: 6.17.0
2026-09-03 17:53:12,544 [ERROR] AppliInfo:139 - Unknown STM32CubeMX version: 6.18.0
2026-09-03 17:53:12,544 [ERROR] AppliInfo:139 - Unknown STM32CubeMX version: 6.18.0
2026-09-03 17:53:12,544 [ERROR] AppliInfo:139 - Unknown STM32CubeMX version: 6.18.0
2026-09-03 17:53:12,544 [ERROR] AppliInfo:139 - Unknown STM32CubeMX version: 6.18.0
2026-09-03 17:53:12,544 [ERROR] AppliInfo:139 - Unknown STM32CubeMX version: 6.18.0
2026-09-03 17:53:12,544 [ERROR] AppliInfo:139 - Unknown STM32CubeMX version: 6.18.0
2026-09-03 17:53:12,545 [ERROR] AppliInfo:139 - Unknown STM32CubeMX version: 6.18.0
2026-09-03 17:53:12,545 [ERROR] AppliInfo:139 - Unknown STM32CubeMX version: 6.18.0
2026-09-03 17:53:12,545 [ERROR] AppliInfo:139 - Unknown STM32CubeMX version: 6.18.0
2026-09-03 17:53:12,545 [ERROR] AppliInfo:139 - Unknown STM32CubeMX version: 6.18.0
2026-09-03 17:53:12,545 [ERROR] AppliInfo:139 - Unknown STM32CubeMX version: 6.18.0
2026-09-03 17:53:12,545 [ERROR] AppliInfo:139 - Unknown STM32CubeMX version: 6.18.0
2026-09-03 17:53:12,546 [ERROR] AppliInfo:139 - Unknown STM32CubeMX version: 6.18.0
2026-09-03 17:53:12,546 [ERROR] AppliInfo:139 - Unknown STM32CubeMX version: 6.18.0
2026-09-03 17:53:12,546 [ERROR] AppliInfo:139 - Unknown STM32CubeMX version: 6.18.0
2026-09-03 17:53:12,546 [ERROR] AppliInfo:139 - Unknown STM32CubeMX version: 6.18.0
2026-09-03 17:53:12,546 [ERROR] AppliInfo:139 - Unknown STM32CubeMX version: 6.18.0
2026-09-03 17:53:12,547 [ERROR] AppliInfo:139 - Unknown STM32CubeMX version: 6.18.0
2026-09-03 17:53:12,547 [ERROR] AppliInfo:139 - Unknown STM32CubeMX version: 6.18.0
2026-09-03 17:53:12,547 [ERROR] AppliInfo:139 - Unknown STM32CubeMX version: 6.18.0
2026-09-03 17:53:12,547 [ERROR] AppliInfo:139 - Unknown STM32CubeMX version: 6.18.0
2026-09-03 17:53:12,547 [ERROR] AppliInfo:139 - Unknown STM32CubeMX version: 6.18.0
2026-09-03 17:53:12,547 [ERROR] AppliInfo:139 - Unknown STM32CubeMX version: 6.18.0
2026-09-03 17:53:12,547 [ERROR] AppliInfo:139 - Unknown STM32CubeMX version: 6.18.0
2026-09-03 17:53:12,548 [ERROR] AppliInfo:139 - Unknown STM32CubeMX version: 6.18.0
2026-09-03 17:53:12,548 [ERROR] AppliInfo:139 - Unknown STM32CubeMX version: 6.18.0
2026-09-03 17:53:12,548 [ERROR] AppliInfo:139 - Unknown STM32CubeMX version: 6.18.0
2026-09-03 17:53:12,548 [ERROR] AppliInfo:139 - Unknown STM32CubeMX version: 6.18.0
2026-09-03 17:53:12,563 [ERROR] AppliInfo:139 - Unknown STM32CubeMX version: 6.14.0
2026-09-03 17:53:12,563 [ERROR] AppliInfo:139 - Unknown STM32CubeMX version: 6.14.0
2026-09-03 17:53:12,563 [ERROR] AppliInfo:139 - Unknown STM32CubeMX version: 6.14.0
2026-09-03 17:53:12,564 [ERROR] AppliInfo:139 - Unknown STM32CubeMX version: 6.14.0
2026-09-03 17:53:12,565 [ERROR] AppliInfo:139 - Unknown STM32CubeMX version: 6.17.0
2026-09-03 17:53:12,565 [ERROR] AppliInfo:139 - Unknown STM32CubeMX version: 6.17.0
2026-09-03 17:53:12,565 [ERROR] AppliInfo:139 - Unknown STM32CubeMX version: 6.17.0
2026-09-03 17:53:12,566 [ERROR] AppliInfo:139 - Unknown STM32CubeMX version: 6.17.0
2026-09-03 17:53:12,566 [ERROR] AppliInfo:139 - Unknown STM32CubeMX version: 6.17.0
2026-09-03 17:53:12,566 [ERROR] AppliInfo:139 - Unknown STM32CubeMX version: 6.14.1
2026-09-03 17:53:12,566 [ERROR] AppliInfo:139 - Unknown STM32CubeMX version: 6.14.1
2026-09-03 17:53:12,567 [ERROR] AppliInfo:139 - Unknown STM32CubeMX version: 6.14.1
2026-09-03 17:53:12,567 [ERROR] AppliInfo:139 - Unknown STM32CubeMX version: 6.14.1
2026-09-03 17:53:12,567 [ERROR] AppliInfo:139 - Unknown STM32CubeMX version: 6.14.1
2026-09-03 17:53:12,567 [ERROR] AppliInfo:139 - Unknown STM32CubeMX version: 6.14.1
2026-09-03 17:53:12,568 [ERROR] AppliInfo:139 - Unknown STM32CubeMX version: 6.14.1
2026-09-03 17:53:12,568 [ERROR] AppliInfo:139 - Unknown STM32CubeMX version: 6.14.1
2026-09-03 17:53:12,568 [ERROR] AppliInfo:139 - Unknown STM32CubeMX version: 6.14.1
2026-09-03 17:53:12,569 [ERROR] AppliInfo:139 - Unknown STM32CubeMX version: 6.14.1
2026-09-03 17:53:12,569 [ERROR] AppliInfo:139 - Unknown STM32CubeMX version: 6.14.1
2026-09-03 17:53:12,569 [ERROR] AppliInfo:139 - Unknown STM32CubeMX version: 6.18.0
2026-09-03 17:53:12,570 [ERROR] AppliInfo:139 - Unknown STM32CubeMX version: 6.18.0
2026-09-03 17:53:12,570 [ERROR] AppliInfo:139 - Unknown STM32CubeMX version: 6.18.0
2026-09-03 17:53:12,571 [ERROR] AppliInfo:139 - Unknown STM32CubeMX version: 6.18.0
2026-09-03 17:53:12,571 [ERROR] AppliInfo:139 - Unknown STM32CubeMX version: 6.18.0
2026-09-03 17:53:12,571 [ERROR] AppliInfo:139 - Unknown STM32CubeMX version: 6.18.0
2026-09-03 17:53:12,571 [ERROR] AppliInfo:139 - Unknown STM32CubeMX version: 6.18.0
2026-09-03 17:53:12,572 [ERROR] AppliInfo:139 - Unknown STM32CubeMX version: 6.18.0
2026-09-03 17:53:12,572 [ERROR] AppliInfo:139 - Unknown STM32CubeMX version: 6.18.0
2026-09-03 17:53:12,572 [ERROR] AppliInfo:139 - Unknown STM32CubeMX version: 6.18.0
2026-09-03 17:53:12,573 [ERROR] AppliInfo:139 - Unknown STM32CubeMX version: 6.18.0
2026-09-03 17:53:12,573 [ERROR] AppliInfo:139 - Unknown STM32CubeMX version: 6.18.0
2026-09-03 17:53:12,574 [ERROR] AppliInfo:139 - Unknown STM32CubeMX version: 6.18.0
2026-09-03 17:53:12,574 [ERROR] AppliInfo:139 - Unknown STM32CubeMX version: 6.18.0
2026-09-03 17:53:12,574 [ERROR] AppliInfo:139 - Unknown STM32CubeMX version: 6.18.0
2026-09-03 17:53:12,575 [ERROR] AppliInfo:139 - Unknown STM32CubeMX version: 6.18.0
2026-09-03 17:53:12,575 [ERROR] AppliInfo:139 - Unknown STM32CubeMX version: 6.18.0
2026-09-03 17:53:12,575 [ERROR] AppliInfo:139 - Unknown STM32CubeMX version: 6.18.0
2026-09-03 17:53:12,576 [ERROR] AppliInfo:139 - Unknown STM32CubeMX version: 6.18.0
2026-09-03 17:53:12,576 [ERROR] AppliInfo:139 - Unknown STM32CubeMX version: 6.18.0
2026-09-03 17:53:12,577 [ERROR] AppliInfo:139 - Unknown STM32CubeMX version: 6.18.0
2026-09-03 17:53:12,577 [ERROR] AppliInfo:139 - Unknown STM32CubeMX version: 6.18.0
2026-09-03 17:53:12,577 [ERROR] AppliInfo:139 - Unknown STM32CubeMX version: 6.18.0
2026-09-03 17:53:12,578 [ERROR] AppliInfo:139 - Unknown STM32CubeMX version: 6.18.0
2026-09-03 17:53:12,578 [ERROR] AppliInfo:139 - Unknown STM32CubeMX version: 6.18.0
2026-09-03 17:53:12,579 [ERROR] AppliInfo:139 - Unknown STM32CubeMX version: 6.18.0
2026-09-03 17:53:12,579 [ERROR] AppliInfo:139 - Unknown STM32CubeMX version: 6.18.0
2026-09-03 17:53:12,579 [ERROR] AppliInfo:139 - Unknown STM32CubeMX version: 6.17.0
2026-09-03 17:53:12,580 [ERROR] AppliInfo:139 - Unknown STM32CubeMX version: 6.17.0
2026-09-03 17:53:12,580 [ERROR] AppliInfo:139 - Unknown STM32CubeMX version: 6.17.0
2026-09-03 17:53:12,580 [ERROR] AppliInfo:139 - Unknown STM32CubeMX version: 6.17.0
2026-09-03 17:53:12,581 [ERROR] AppliInfo:139 - Unknown STM32CubeMX version: 6.17.0
2026-09-03 17:53:12,581 [ERROR] AppliInfo:139 - Unknown STM32CubeMX version: 6.17.0
2026-09-03 17:53:12,581 [ERROR] AppliInfo:139 - Unknown STM32CubeMX version: 6.17.0
2026-09-03 17:53:12,581 [ERROR] AppliInfo:139 - Unknown STM32CubeMX version: 6.17.0
2026-09-03 17:53:12,582 [ERROR] AppliInfo:139 - Unknown STM32CubeMX version: 6.17.0
2026-09-03 17:53:12,582 [ERROR] AppliInfo:139 - Unknown STM32CubeMX version: 6.17.0
2026-09-03 17:53:12,582 [ERROR] AppliInfo:139 - Unknown STM32CubeMX version: 6.17.0
2026-09-03 17:53:12,582 [ERROR] AppliInfo:139 - Unknown STM32CubeMX version: 6.17.0
2026-09-03 17:53:12,583 [ERROR] AppliInfo:139 - Unknown STM32CubeMX version: 6.17.0
2026-09-03 17:53:12,583 [ERROR] AppliInfo:139 - Unknown STM32CubeMX version: 6.17.0
2026-09-03 17:53:12,583 [ERROR] AppliInfo:139 - Unknown STM32CubeMX version: 6.17.0
2026-09-03 17:53:12,583 [ERROR] AppliInfo:139 - Unknown STM32CubeMX version: 6.17.0
2026-09-03 17:53:12,584 [ERROR] AppliInfo:139 - Unknown STM32CubeMX version: 6.17.0
2026-09-03 17:53:12,584 [ERROR] AppliInfo:139 - Unknown STM32CubeMX version: 6.17.0
2026-09-03 17:53:12,584 [ERROR] AppliInfo:139 - Unknown STM32CubeMX version: 6.17.0
2026-09-03 17:53:12,585 [ERROR] AppliInfo:139 - Unknown STM32CubeMX version: 6.17.0
2026-09-03 17:53:12,585 [ERROR] AppliInfo:139 - Unknown STM32CubeMX version: 6.17.0
2026-09-03 17:53:12,585 [ERROR] AppliInfo:139 - Unknown STM32CubeMX version: 6.17.0
2026-09-03 17:53:12,585 [ERROR] AppliInfo:139 - Unknown STM32CubeMX version: 6.17.0
2026-09-03 17:53:12,586 [ERROR] AppliInfo:139 - Unknown STM32CubeMX version: 6.17.0
2026-09-03 17:53:12,587 [ERROR] AppliInfo:139 - Unknown STM32CubeMX version: 6.17.0
2026-09-03 17:53:12,587 [ERROR] AppliInfo:139 - Unknown STM32CubeMX version: 6.17.0
2026-09-03 17:53:12,588 [ERROR] AppliInfo:139 - Unknown STM32CubeMX version: 6.17.0
2026-09-03 17:53:12,588 [ERROR] AppliInfo:139 - Unknown STM32CubeMX version: 6.17.0
2026-09-03 17:53:12,588 [ERROR] AppliInfo:139 - Unknown STM32CubeMX version: 6.17.0
2026-09-03 17:53:12,588 [ERROR] AppliInfo:139 - Unknown STM32CubeMX version: 6.17.0
2026-09-03 17:53:12,588 [ERROR] AppliInfo:139 - Unknown STM32CubeMX version: 6.17.0
2026-09-03 17:53:12,588 [ERROR] AppliInfo:139 - Unknown STM32CubeMX version: 6.17.0
2026-09-03 17:53:12,589 [ERROR] AppliInfo:139 - Unknown STM32CubeMX version: 6.17.0
2026-09-03 17:53:12,589 [ERROR] AppliInfo:139 - Unknown STM32CubeMX version: 6.17.0
2026-09-03 17:53:12,589 [ERROR] AppliInfo:139 - Unknown STM32CubeMX version: 6.17.0
2026-09-03 17:53:12,589 [ERROR] AppliInfo:139 - Unknown STM32CubeMX version: 6.17.0
2026-09-03 17:53:12,589 [ERROR] AppliInfo:139 - Unknown STM32CubeMX version: 6.17.0
2026-09-03 17:53:12,589 [ERROR] AppliInfo:139 - Unknown STM32CubeMX version: 6.17.0
2026-09-03 17:53:12,589 [ERROR] AppliInfo:139 - Unknown STM32CubeMX version: 6.17.0
2026-09-03 17:53:12,590 [ERROR] AppliInfo:139 - Unknown STM32CubeMX version: 6.17.0
2026-09-03 17:53:12,590 [ERROR] AppliInfo:139 - Unknown STM32CubeMX version: 6.17.0
2026-09-03 17:53:12,590 [ERROR] AppliInfo:139 - Unknown STM32CubeMX version: 6.17.0
2026-09-03 17:53:12,590 [ERROR] AppliInfo:139 - Unknown STM32CubeMX version: 6.17.0
2026-09-03 17:53:12,590 [ERROR] AppliInfo:139 - Unknown STM32CubeMX version: 6.17.0
2026-09-03 17:53:12,590 [ERROR] AppliInfo:139 - Unknown STM32CubeMX version: 6.17.0
2026-09-03 17:53:12,590 [ERROR] AppliInfo:139 - Unknown STM32CubeMX version: 6.17.0
2026-09-03 17:53:12,591 [ERROR] AppliInfo:139 - Unknown STM32CubeMX version: 6.17.0
2026-09-03 17:53:12,591 [ERROR] AppliInfo:139 - Unknown STM32CubeMX version: 6.17.0
2026-09-03 17:53:12,591 [ERROR] AppliInfo:139 - Unknown STM32CubeMX version: 6.17.0
2026-09-03 17:53:12,591 [ERROR] AppliInfo:139 - Unknown STM32CubeMX version: 6.17.0
2026-09-03 17:53:12,591 [ERROR] AppliInfo:139 - Unknown STM32CubeMX version: 6.17.0
2026-09-03 17:53:12,591 [ERROR] AppliInfo:139 - Unknown STM32CubeMX version: 6.17.0
2026-09-03 17:53:12,591 [ERROR] AppliInfo:139 - Unknown STM32CubeMX version: 6.17.0
2026-09-03 17:53:12,592 [ERROR] AppliInfo:139 - Unknown STM32CubeMX version: 6.17.0
2026-09-03 17:53:12,592 [ERROR] AppliInfo:139 - Unknown STM32CubeMX version: 6.17.0
2026-09-03 17:53:12,592 [ERROR] AppliInfo:139 - Unknown STM32CubeMX version: 6.17.0
2026-09-03 17:53:12,592 [ERROR] AppliInfo:139 - Unknown STM32CubeMX version: 6.17.0
2026-09-03 17:53:12,592 [ERROR] AppliInfo:139 - Unknown STM32CubeMX version: 6.17.0
2026-09-03 17:53:12,592 [ERROR] AppliInfo:139 - Unknown STM32CubeMX version: 6.17.0
2026-09-03 17:53:12,592 [ERROR] AppliInfo:139 - Unknown STM32CubeMX version: 6.17.0
2026-09-03 17:53:12,593 [ERROR] AppliInfo:139 - Unknown STM32CubeMX version: 6.17.0
2026-09-03 17:53:12,593 [ERROR] AppliInfo:139 - Unknown STM32CubeMX version: 6.17.0
2026-09-03 17:53:12,593 [ERROR] AppliInfo:139 - Unknown STM32CubeMX version: 6.17.0
2026-09-03 17:53:12,593 [ERROR] AppliInfo:139 - Unknown STM32CubeMX version: 6.17.0
2026-09-03 17:53:12,593 [ERROR] AppliInfo:139 - Unknown STM32CubeMX version: 6.17.0
2026-09-03 17:53:12,593 [ERROR] AppliInfo:139 - Unknown STM32CubeMX version: 6.17.0
2026-09-03 17:53:12,593 [ERROR] AppliInfo:139 - Unknown STM32CubeMX version: 6.17.0
2026-09-03 17:53:12,594 [ERROR] AppliInfo:139 - Unknown STM32CubeMX version: 6.17.0
2026-09-03 17:53:12,594 [ERROR] AppliInfo:139 - Unknown STM32CubeMX version: 6.17.0
2026-09-03 17:53:12,594 [ERROR] AppliInfo:139 - Unknown STM32CubeMX version: 6.17.0
2026-09-03 17:53:12,594 [ERROR] AppliInfo:139 - Unknown STM32CubeMX version: 6.17.0
2026-09-03 17:53:12,594 [ERROR] AppliInfo:139 - Unknown STM32CubeMX version: 6.17.0
2026-09-03 17:53:12,594 [ERROR] AppliInfo:139 - Unknown STM32CubeMX version: 6.17.0
2026-09-03 17:53:12,594 [ERROR] AppliInfo:139 - Unknown STM32CubeMX version: 6.17.0
2026-09-03 17:53:12,595 [ERROR] AppliInfo:139 - Unknown STM32CubeMX version: 6.17.0
2026-09-03 17:53:12,595 [ERROR] AppliInfo:139 - Unknown STM32CubeMX version: 6.17.0
2026-09-03 17:53:12,595 [ERROR] AppliInfo:139 - Unknown STM32CubeMX version: 6.17.0
2026-09-03 17:53:12,595 [ERROR] AppliInfo:139 - Unknown STM32CubeMX version: 6.17.0
2026-09-03 17:53:12,595 [ERROR] AppliInfo:139 - Unknown STM32CubeMX version: 6.17.0
2026-09-03 17:53:12,595 [ERROR] AppliInfo:139 - Unknown STM32CubeMX version: 6.17.0
2026-09-03 17:53:12,596 [ERROR] AppliInfo:139 - Unknown STM32CubeMX version: 6.17.0
2026-09-03 17:53:12,596 [ERROR] AppliInfo:139 - Unknown STM32CubeMX version: 6.17.0
2026-09-03 17:53:12,596 [ERROR] AppliInfo:139 - Unknown STM32CubeMX version: 6.17.0
2026-09-03 17:53:12,596 [ERROR] AppliInfo:139 - Unknown STM32CubeMX version: 6.17.0
2026-09-03 17:53:12,596 [ERROR] AppliInfo:139 - Unknown STM32CubeMX version: 6.17.0
2026-09-03 17:53:12,596 [ERROR] AppliInfo:139 - Unknown STM32CubeMX version: 6.17.0
2026-09-03 17:53:12,596 [ERROR] AppliInfo:139 - Unknown STM32CubeMX version: 6.17.0
2026-09-03 17:53:12,597 [ERROR] AppliInfo:139 - Unknown STM32CubeMX version: 6.17.0
2026-09-03 17:53:12,597 [ERROR] AppliInfo:139 - Unknown STM32CubeMX version: 6.17.0
2026-09-03 17:53:12,597 [ERROR] AppliInfo:139 - Unknown STM32CubeMX version: 6.17.0
2026-09-03 17:53:12,597 [ERROR] AppliInfo:139 - Unknown STM32CubeMX version: 6.17.0
2026-09-03 17:53:12,597 [ERROR] AppliInfo:139 - Unknown STM32CubeMX version: 6.17.0
2026-09-03 17:53:12,597 [ERROR] AppliInfo:139 - Unknown STM32CubeMX version: 6.17.0
2026-09-03 17:53:12,597 [ERROR] AppliInfo:139 - Unknown STM32CubeMX version: 6.17.0
2026-09-03 17:53:12,598 [ERROR] AppliInfo:139 - Unknown STM32CubeMX version: 6.17.0
2026-09-03 17:53:12,598 [ERROR] AppliInfo:139 - Unknown STM32CubeMX version: 6.17.0
2026-09-03 17:53:12,598 [ERROR] AppliInfo:139 - Unknown STM32CubeMX version: 6.17.0
2026-09-03 17:53:12,598 [ERROR] AppliInfo:139 - Unknown STM32CubeMX version: 6.17.0
2026-09-03 17:53:12,598 [ERROR] AppliInfo:139 - Unknown STM32CubeMX version: 6.17.0
2026-09-03 17:53:12,598 [ERROR] AppliInfo:139 - Unknown STM32CubeMX version: 6.17.0
2026-09-03 17:53:12,599 [ERROR] AppliInfo:139 - Unknown STM32CubeMX version: 6.17.0
2026-09-03 17:53:12,599 [ERROR] AppliInfo:139 - Unknown STM32CubeMX version: 6.17.0
2026-09-03 17:53:12,599 [ERROR] AppliInfo:139 - Unknown STM32CubeMX version: 6.17.0
2026-09-03 17:53:12,599 [ERROR] AppliInfo:139 - Unknown STM32CubeMX version: 6.17.0
2026-09-03 17:53:12,599 [ERROR] AppliInfo:139 - Unknown STM32CubeMX version: 6.17.0
2026-09-03 17:53:12,600 [ERROR] AppliInfo:139 - Unknown STM32CubeMX version: 6.17.0
2026-09-03 17:53:12,600 [ERROR] AppliInfo:139 - Unknown STM32CubeMX version: 6.17.0
2026-09-03 17:53:12,600 [ERROR] AppliInfo:139 - Unknown STM32CubeMX version: 6.17.0
2026-09-03 17:53:12,600 [ERROR] AppliInfo:139 - Unknown STM32CubeMX version: 6.17.0
2026-09-03 17:53:12,600 [ERROR] AppliInfo:139 - Unknown STM32CubeMX version: 6.17.0
2026-09-03 17:53:12,600 [ERROR] AppliInfo:139 - Unknown STM32CubeMX version: 6.17.0
2026-09-03 17:53:12,601 [ERROR] AppliInfo:139 - Unknown STM32CubeMX version: 6.17.0
2026-09-03 17:53:12,601 [ERROR] AppliInfo:139 - Unknown STM32CubeMX version: 6.17.0
2026-09-03 17:53:12,601 [ERROR] AppliInfo:139 - Unknown STM32CubeMX version: 6.17.0
2026-09-03 17:53:12,601 [ERROR] AppliInfo:139 - Unknown STM32CubeMX version: 6.17.0
2026-09-03 17:53:12,601 [ERROR] AppliInfo:139 - Unknown STM32CubeMX version: 6.17.0
2026-09-03 17:53:12,601 [ERROR] AppliInfo:139 - Unknown STM32CubeMX version: 6.17.0
2026-09-03 17:53:12,602 [ERROR] AppliInfo:139 - Unknown STM32CubeMX version: 6.17.0
2026-09-03 17:53:12,602 [ERROR] AppliInfo:139 - Unknown STM32CubeMX version: 6.17.0
2026-09-03 17:53:12,602 [ERROR] AppliInfo:139 - Unknown STM32CubeMX version: 6.17.0
2026-09-03 17:53:12,602 [ERROR] AppliInfo:139 - Unknown STM32CubeMX version: 6.17.0
2026-09-03 17:53:12,602 [ERROR] AppliInfo:139 - Unknown STM32CubeMX version: 6.17.0
2026-09-03 17:53:12,602 [ERROR] AppliInfo:139 - Unknown STM32CubeMX version: 6.17.0
2026-09-03 17:53:12,603 [ERROR] AppliInfo:139 - Unknown STM32CubeMX version: 6.17.0
2026-09-03 17:53:12,603 [ERROR] AppliInfo:139 - Unknown STM32CubeMX version: 6.17.0
2026-09-03 17:53:12,603 [ERROR] AppliInfo:139 - Unknown STM32CubeMX version: 6.17.0
2026-09-03 17:53:12,603 [ERROR] AppliInfo:139 - Unknown STM32CubeMX version: 6.17.0
2026-09-03 17:53:12,603 [ERROR] AppliInfo:139 - Unknown STM32CubeMX version: 6.17.0
2026-09-03 17:53:12,603 [ERROR] AppliInfo:139 - Unknown STM32CubeMX version: 6.17.0
2026-09-03 17:53:12,604 [ERROR] AppliInfo:139 - Unknown STM32CubeMX version: 6.17.0
2026-09-03 17:53:12,604 [ERROR] AppliInfo:139 - Unknown STM32CubeMX version: 6.17.0
2026-09-03 17:53:12,604 [ERROR] AppliInfo:139 - Unknown STM32CubeMX version: 6.17.0
2026-09-03 17:53:12,604 [ERROR] AppliInfo:139 - Unknown STM32CubeMX version: 6.17.0
2026-09-03 17:53:12,604 [ERROR] AppliInfo:139 - Unknown STM32CubeMX version: 6.17.0
2026-09-03 17:53:12,604 [ERROR] AppliInfo:139 - Unknown STM32CubeMX version: 6.17.0
2026-09-03 17:53:12,605 [ERROR] AppliInfo:139 - Unknown STM32CubeMX version: 6.17.0
2026-09-03 17:53:12,605 [ERROR] AppliInfo:139 - Unknown STM32CubeMX version: 6.17.0
2026-09-03 17:53:12,605 [ERROR] AppliInfo:139 - Unknown STM32CubeMX version: 6.17.0
2026-09-03 17:53:12,605 [ERROR] AppliInfo:139 - Unknown STM32CubeMX version: 6.17.0
2026-09-03 17:53:12,605 [ERROR] AppliInfo:139 - Unknown STM32CubeMX version: 6.17.0
2026-09-03 17:53:12,605 [ERROR] AppliInfo:139 - Unknown STM32CubeMX version: 6.17.0
2026-09-03 17:53:12,605 [ERROR] AppliInfo:139 - Unknown STM32CubeMX version: 6.17.0
2026-09-03 17:53:12,606 [ERROR] AppliInfo:139 - Unknown STM32CubeMX version: 6.17.0
2026-09-03 17:53:12,606 [ERROR] AppliInfo:139 - Unknown STM32CubeMX version: 6.17.0
2026-09-03 17:53:12,606 [ERROR] AppliInfo:139 - Unknown STM32CubeMX version: 6.17.0
2026-09-03 17:53:12,610 [ERROR] AppliInfo:139 - Unknown STM32CubeMX version: 6.17.0
2026-09-03 17:53:12,611 [ERROR] AppliInfo:139 - Unknown STM32CubeMX version: 6.17.0
2026-09-03 17:53:12,611 [ERROR] AppliInfo:139 - Unknown STM32CubeMX version: 6.17.0
2026-09-03 17:53:12,611 [ERROR] AppliInfo:139 - Unknown STM32CubeMX version: 6.17.0
2026-09-03 17:53:12,611 [ERROR] AppliInfo:139 - Unknown STM32CubeMX version: 6.17.0
2026-09-03 17:53:12,612 [ERROR] AppliInfo:139 - Unknown STM32CubeMX version: 6.17.0
2026-09-03 17:53:12,612 [ERROR] AppliInfo:139 - Unknown STM32CubeMX version: 6.17.0
2026-09-03 17:53:12,612 [ERROR] AppliInfo:139 - Unknown STM32CubeMX version: 6.17.0
2026-09-03 17:53:12,612 [ERROR] AppliInfo:139 - Unknown STM32CubeMX version: 6.17.0
2026-09-03 17:53:12,612 [ERROR] AppliInfo:139 - Unknown STM32CubeMX version: 6.17.0
2026-09-03 17:53:12,612 [ERROR] AppliInfo:139 - Unknown STM32CubeMX version: 6.17.0
2026-09-03 17:53:12,613 [ERROR] AppliInfo:139 - Unknown STM32CubeMX version: 6.17.0
2026-09-03 17:53:12,613 [ERROR] AppliInfo:139 - Unknown STM32CubeMX version: 6.17.0
2026-09-03 17:53:12,613 [ERROR] AppliInfo:139 - Unknown STM32CubeMX version: 6.17.0
2026-09-03 17:53:12,613 [ERROR] AppliInfo:139 - Unknown STM32CubeMX version: 6.17.0
2026-09-03 17:53:12,613 [ERROR] AppliInfo:139 - Unknown STM32CubeMX version: 6.17.0
2026-09-03 17:53:12,613 [ERROR] AppliInfo:139 - Unknown STM32CubeMX version: 6.17.0
2026-09-03 17:53:12,613 [ERROR] AppliInfo:139 - Unknown STM32CubeMX version: 6.17.0
2026-09-03 17:53:12,614 [ERROR] AppliInfo:139 - Unknown STM32CubeMX version: 6.17.0
2026-09-03 17:53:12,614 [ERROR] AppliInfo:139 - Unknown STM32CubeMX version: 6.17.0
2026-09-03 17:53:12,614 [ERROR] AppliInfo:139 - Unknown STM32CubeMX version: 6.17.0
2026-09-03 17:53:12,614 [ERROR] AppliInfo:139 - Unknown STM32CubeMX version: 6.17.0
2026-09-03 17:53:12,614 [ERROR] AppliInfo:139 - Unknown STM32CubeMX version: 6.17.0
2026-09-03 17:53:12,614 [ERROR] AppliInfo:139 - Unknown STM32CubeMX version: 6.17.0
2026-09-03 17:53:12,615 [ERROR] AppliInfo:139 - Unknown STM32CubeMX version: 6.17.0
2026-09-03 17:53:12,615 [ERROR] AppliInfo:139 - Unknown STM32CubeMX version: 6.17.0
2026-09-03 17:53:12,615 [ERROR] AppliInfo:139 - Unknown STM32CubeMX version: 6.17.0
2026-09-03 17:53:12,615 [ERROR] AppliInfo:139 - Unknown STM32CubeMX version: 6.17.0
2026-09-03 17:53:12,615 [ERROR] AppliInfo:139 - Unknown STM32CubeMX version: 6.17.0
2026-09-03 17:53:12,618 [ERROR] AppliInfo:139 - Unknown STM32CubeMX version: 6.13.0
2026-09-03 17:53:12,618 [ERROR] AppliInfo:139 - Unknown STM32CubeMX version: 6.13.0
2026-09-03 17:53:12,618 [ERROR] AppliInfo:139 - Unknown STM32CubeMX version: 6.13.0
2026-09-03 17:53:12,618 [ERROR] AppliInfo:139 - Unknown STM32CubeMX version: 6.13.0
2026-09-03 17:53:12,618 [ERROR] AppliInfo:139 - Unknown STM32CubeMX version: 6.13.0
2026-09-03 17:53:12,618 [ERROR] AppliInfo:139 - Unknown STM32CubeMX version: 6.13.0
2026-09-03 17:53:12,619 [ERROR] AppliInfo:139 - Unknown STM32CubeMX version: 6.13.0
2026-09-03 17:53:12,619 [ERROR] AppliInfo:139 - Unknown STM32CubeMX version: 6.13.0
2026-09-03 17:53:12,619 [ERROR] AppliInfo:139 - Unknown STM32CubeMX version: 6.13.0
2026-09-03 17:53:12,619 [ERROR] AppliInfo:139 - Unknown STM32CubeMX version: 6.13.0
2026-09-03 17:53:12,619 [ERROR] AppliInfo:139 - Unknown STM32CubeMX version: 6.13.0
2026-09-03 17:53:12,619 [ERROR] AppliInfo:139 - Unknown STM32CubeMX version: 6.13.0
2026-09-03 17:53:12,619 [ERROR] AppliInfo:139 - Unknown STM32CubeMX version: 6.13.0
2026-09-03 17:53:12,620 [ERROR] AppliInfo:139 - Unknown STM32CubeMX version: 6.13.0
2026-09-03 17:53:12,620 [ERROR] AppliInfo:139 - Unknown STM32CubeMX version: 6.13.0
2026-09-03 17:53:12,623 [ERROR] AppliInfo:139 - Unknown STM32CubeMX version: 6.17.0
2026-09-03 17:53:12,623 [ERROR] AppliInfo:139 - Unknown STM32CubeMX version: 6.17.0
2026-09-03 17:53:12,623 [ERROR] AppliInfo:139 - Unknown STM32CubeMX version: 6.17.0
2026-09-03 17:53:12,623 [ERROR] AppliInfo:139 - Unknown STM32CubeMX version: 6.17.0
2026-09-03 17:53:12,624 [ERROR] AppliInfo:139 - Unknown STM32CubeMX version: 6.17.0
2026-09-03 17:53:12,624 [ERROR] AppliInfo:139 - Unknown STM32CubeMX version: 6.17.0
2026-09-03 17:53:12,624 [ERROR] AppliInfo:139 - Unknown STM32CubeMX version: 6.17.0
2026-09-03 17:53:12,624 [ERROR] AppliInfo:139 - Unknown STM32CubeMX version: 6.17.0
2026-09-03 17:53:12,624 [ERROR] AppliInfo:139 - Unknown STM32CubeMX version: 6.17.0
2026-09-03 17:53:12,624 [ERROR] AppliInfo:139 - Unknown STM32CubeMX version: 6.17.0
2026-09-03 17:53:12,624 [ERROR] AppliInfo:139 - Unknown STM32CubeMX version: 6.17.0
2026-09-03 17:53:12,625 [ERROR] AppliInfo:139 - Unknown STM32CubeMX version: 6.17.0
2026-09-03 17:53:12,625 [ERROR] AppliInfo:139 - Unknown STM32CubeMX version: 6.17.0
2026-09-03 17:53:12,625 [ERROR] AppliInfo:139 - Unknown STM32CubeMX version: 6.17.0
2026-09-03 17:53:12,625 [ERROR] AppliInfo:139 - Unknown STM32CubeMX version: 6.17.0
2026-09-03 17:53:12,625 [ERROR] AppliInfo:139 - Unknown STM32CubeMX version: 6.17.0
2026-09-03 17:53:12,625 [ERROR] AppliInfo:139 - Unknown STM32CubeMX version: 6.17.0
2026-09-03 17:53:12,625 [ERROR] AppliInfo:139 - Unknown STM32CubeMX version: 6.17.0
2026-09-03 17:53:12,626 [ERROR] AppliInfo:139 - Unknown STM32CubeMX version: 6.17.0
2026-09-03 17:53:12,626 [ERROR] AppliInfo:139 - Unknown STM32CubeMX version: 6.17.0
2026-09-03 17:53:12,626 [ERROR] AppliInfo:139 - Unknown STM32CubeMX version: 6.17.0
2026-09-03 17:53:12,626 [ERROR] AppliInfo:139 - Unknown STM32CubeMX version: 6.17.0
2026-09-03 17:53:12,631 [ERROR] AppliInfo:139 - Unknown STM32CubeMX version: 6.13.0
2026-09-03 17:53:12,631 [ERROR] AppliInfo:139 - Unknown STM32CubeMX version: 6.13.0
2026-09-03 17:53:12,631 [ERROR] AppliInfo:139 - Unknown STM32CubeMX version: 6.13.0
2026-09-03 17:53:12,631 [ERROR] AppliInfo:139 - Unknown STM32CubeMX version: 6.13.0
2026-09-03 17:53:12,632 [ERROR] AppliInfo:139 - Unknown STM32CubeMX version: 6.13.0
2026-09-03 17:53:12,632 [ERROR] AppliInfo:139 - Unknown STM32CubeMX version: 6.13.0
2026-09-03 17:53:12,632 [ERROR] AppliInfo:139 - Unknown STM32CubeMX version: 6.13.0
2026-09-03 17:53:12,632 [ERROR] AppliInfo:139 - Unknown STM32CubeMX version: 6.13.0
2026-09-03 17:53:12,632 [ERROR] AppliInfo:139 - Unknown STM32CubeMX version: 6.13.0
2026-09-03 17:53:12,632 [ERROR] AppliInfo:139 - Unknown STM32CubeMX version: 6.13.0
2026-09-03 17:53:12,632 [ERROR] AppliInfo:139 - Unknown STM32CubeMX version: 6.13.0
2026-09-03 17:53:12,632 [ERROR] AppliInfo:139 - Unknown STM32CubeMX version: 6.13.0
2026-09-03 17:53:12,633 [ERROR] AppliInfo:139 - Unknown STM32CubeMX version: 6.13.0
2026-09-03 17:53:12,633 [ERROR] AppliInfo:139 - Unknown STM32CubeMX version: 6.13.0
2026-09-03 17:53:12,633 [ERROR] AppliInfo:139 - Unknown STM32CubeMX version: 6.13.0
2026-09-03 17:53:12,633 [ERROR] AppliInfo:139 - Unknown STM32CubeMX version: 6.13.0
2026-09-03 17:53:12,633 [ERROR] AppliInfo:139 - Unknown STM32CubeMX version: 6.13.0
2026-09-03 17:53:12,633 [ERROR] AppliInfo:139 - Unknown STM32CubeMX version: 6.13.0
2026-09-03 17:53:12,633 [ERROR] AppliInfo:139 - Unknown STM32CubeMX version: 6.13.0
2026-09-03 17:53:12,633 [ERROR] AppliInfo:139 - Unknown STM32CubeMX version: 6.13.0
2026-09-03 17:53:12,634 [ERROR] AppliInfo:139 - Unknown STM32CubeMX version: 6.13.0
2026-09-03 17:53:12,634 [ERROR] AppliInfo:139 - Unknown STM32CubeMX version: 6.13.0
2026-09-03 17:53:12,634 [ERROR] AppliInfo:139 - Unknown STM32CubeMX version: 6.13.0
2026-09-03 17:53:12,634 [ERROR] AppliInfo:139 - Unknown STM32CubeMX version: 6.13.0
2026-09-03 17:53:12,634 [ERROR] AppliInfo:139 - Unknown STM32CubeMX version: 6.13.0
2026-09-03 17:53:12,634 [ERROR] AppliInfo:139 - Unknown STM32CubeMX version: 6.13.0
2026-09-03 17:53:12,634 [ERROR] AppliInfo:139 - Unknown STM32CubeMX version: 6.13.0
2026-09-03 17:53:12,634 [ERROR] AppliInfo:139 - Unknown STM32CubeMX version: 6.13.0
2026-09-03 17:53:12,635 [ERROR] AppliInfo:139 - Unknown STM32CubeMX version: 6.13.0
2026-09-03 17:53:12,635 [ERROR] AppliInfo:139 - Unknown STM32CubeMX version: 6.13.0
2026-09-03 17:53:12,635 [ERROR] AppliInfo:139 - Unknown STM32CubeMX version: 6.13.0
2026-09-03 17:53:12,635 [ERROR] AppliInfo:139 - Unknown STM32CubeMX version: 6.13.0
2026-09-03 17:53:12,635 [ERROR] AppliInfo:139 - Unknown STM32CubeMX version: 6.13.0
2026-09-03 17:53:12,635 [ERROR] AppliInfo:139 - Unknown STM32CubeMX version: 6.13.0
2026-09-03 17:53:12,635 [ERROR] AppliInfo:139 - Unknown STM32CubeMX version: 6.13.0
2026-09-03 17:53:12,636 [ERROR] AppliInfo:139 - Unknown STM32CubeMX version: 6.13.0
2026-09-03 17:53:12,636 [ERROR] AppliInfo:139 - Unknown STM32CubeMX version: 6.13.0
2026-09-03 17:53:12,636 [ERROR] AppliInfo:139 - Unknown STM32CubeMX version: 6.13.0
2026-09-03 17:53:12,636 [ERROR] AppliInfo:139 - Unknown STM32CubeMX version: 6.13.0
2026-09-03 17:53:12,636 [ERROR] AppliInfo:139 - Unknown STM32CubeMX version: 6.13.0
2026-09-03 17:53:12,636 [ERROR] AppliInfo:139 - Unknown STM32CubeMX version: 6.13.0
2026-09-03 17:53:12,636 [ERROR] AppliInfo:139 - Unknown STM32CubeMX version: 6.13.0
2026-09-03 17:53:12,637 [ERROR] AppliInfo:139 - Unknown STM32CubeMX version: 6.13.0
2026-09-03 17:53:12,637 [ERROR] AppliInfo:139 - Unknown STM32CubeMX version: 6.13.0
2026-09-03 17:53:12,637 [ERROR] AppliInfo:139 - Unknown STM32CubeMX version: 6.13.0
2026-09-03 17:53:12,637 [ERROR] AppliInfo:139 - Unknown STM32CubeMX version: 6.13.0
2026-09-03 17:53:12,637 [ERROR] AppliInfo:139 - Unknown STM32CubeMX version: 6.13.0
2026-09-03 17:53:12,637 [ERROR] AppliInfo:139 - Unknown STM32CubeMX version: 6.13.0
2026-09-03 17:53:12,637 [ERROR] AppliInfo:139 - Unknown STM32CubeMX version: 6.13.0
2026-09-03 17:53:12,638 [ERROR] AppliInfo:139 - Unknown STM32CubeMX version: 6.13.0
2026-09-03 17:53:12,641 [ERROR] AppliInfo:139 - Unknown STM32CubeMX version: 6.13.0
2026-09-03 17:53:12,641 [ERROR] AppliInfo:139 - Unknown STM32CubeMX version: 6.13.0
2026-09-03 17:53:12,642 [ERROR] AppliInfo:139 - Unknown STM32CubeMX version: 6.13.0
2026-09-03 17:53:12,642 [ERROR] AppliInfo:139 - Unknown STM32CubeMX version: 6.13.0
2026-09-03 17:53:12,642 [ERROR] AppliInfo:139 - Unknown STM32CubeMX version: 6.13.0
2026-09-03 17:53:12,642 [ERROR] AppliInfo:139 - Unknown STM32CubeMX version: 6.13.0
2026-09-03 17:53:12,642 [ERROR] AppliInfo:139 - Unknown STM32CubeMX version: 6.13.0
2026-09-03 17:53:12,642 [ERROR] AppliInfo:139 - Unknown STM32CubeMX version: 6.13.0
2026-09-03 17:53:22,148 [INFO] McuFinderGlobals:76 - Set McuFinderConnectedMode to true
2026-09-03 17:53:22,352 [INFO] ApiDb:448 - Save user favorites file C:\Users\kccistc/.stm32cubeide/favorites.mcus.txt: 0 item(s)
2026-09-03 17:53:22,352 [INFO] ApiDb:452 - User favorites MCUs=[]
2026-09-03 17:53:22,353 [INFO] ApiDb:448 - Save user favorites file C:\Users\kccistc/.stm32cubeide/favorites.boards.txt: 0 item(s)
2026-09-03 17:53:22,353 [INFO] ApiDb:452 - User favorites Boards=[]
2026-09-03 17:53:22,356 [INFO] ApiDb:448 - Save user favorites file C:\Users\kccistc/.stm32cubeide/favorites.examples.txt: 0 item(s)
2026-09-03 17:53:22,356 [INFO] ApiDb:452 - User favorites Examples=[]
2026-09-03 18:36:39,219 [INFO] MainUpdater:2873 - connection check result : 10
2026-09-03 18:36:39,219 [INFO] McuFinderGlobals:76 - Set McuFinderConnectedMode to true
2026-09-03 18:36:39,403 [INFO] ServerAccessManage:473 - Download File mcusAds.json._tmp_
2026-09-03 18:36:39,520 [INFO] LoadUrlFilesThread:156 - End of LoadUrlFiles Thread
2026-09-03 18:36:39,851 [INFO] ServerAccessManage:473 - Download File cube-finder-db.zip
2026-09-03 18:36:43,648 [INFO] FileExtend:240 - Unzip File : cube-finder-db.zip
2026-09-03 18:36:43,648 [INFO] FileExtend:255 - Standard Zip Deflate
2026-09-03 18:36:44,388 [INFO] LoadUrlFilesThread:156 - End of LoadUrlFiles Thread
2026-09-03 18:37:05,573 [ERROR] ServerAccessManage:1172 - Problem during Server Connection :  IO error Connection timed out: no further information
2026-09-03 18:37:05,573 [ERROR] ServerAccessManage:651 - Problem during Server Connection :  : crdb.zip.
2026-09-03 18:37:11,029 [INFO] LoadUrlFilesThread:156 - End of LoadUrlFiles Thread
2026-09-03 18:37:11,739 [INFO] DbMcusAds:53 - JSON generation date=Wed Jul 15 18:44:54 KST 2026 (1784108694001)
2026-09-03 18:37:11,742 [INFO] ApiDb:448 - Save user favorites file C:\Users\kccistc/.stm32cubeide/favorites.mcus.txt: 0 item(s)
2026-09-03 18:37:11,742 [INFO] ApiDb:452 - User favorites MCUs=[]
2026-09-03 18:37:11,743 [INFO] ApiDb:581 - Connected to CubeFinder SQLite database (C:\Users\kccistc\.stmcufinder\plugins\mcufinder\mcu\cube-finder-db.db)
2026-09-03 18:37:11,789 [INFO] ApiDb:668 - CubeFinder database Data Model version=2.1
2026-09-03 18:37:11,789 [INFO] ApiDb:669 - CubeFinder database Configuration version=3.0.42
2026-09-03 18:37:11,789 [INFO] ApiDb:670 - CubeFinder database generation date=2026-08-04 (1785840812)
2026-09-03 18:37:11,789 [INFO] ApiDb:671 - CubeFinder database FW Pack versions=[FP-ATR-ASTRA1_V2.0.0, FP-SNS-FLIGHT1_V5.1.0, FP-SNS-MOTENV1_V5.1.0, FP-SNS-MOTENVWB1_V1.5.0, FP-SNS-SMARTAG2_V1.2.0, FP-SNS-STBOX1_V2.1.0, STM32Cube_FW_C0_V1.4.1, STM32Cube_FW_F4_V1.28.3, STM32Cube_FW_F7_V1.17.4, STM32Cube_FW_G0_V1.6.3, STM32Cube_FW_G4_V1.6.2, STM32Cube_FW_H5_V1.7.0, STM32Cube_FW_H7RS_V1.3.0, STM32Cube_FW_H7_V1.13.0, STM32Cube_FW_L0_V1.12.2, STM32Cube_FW_L4_V1.18.2, STM32Cube_FW_L5_V1.6.0, STM32Cube_FW_N6_V1.4.0, STM32Cube_FW_U0_V1.3.0, STM32Cube_FW_U3_V1.4.0, STM32Cube_FW_U5_V1.9.0, STM32Cube_FW_WB0_V1.5.0, STM32Cube_FW_WBA_V1.10.0, STM32Cube_FW_WB_V1.24.0, STM32Cube_FW_WL3_V1.5.0, STM32Cube_FW_WL_V1.6.0, X-CUBE-ALGOBUILD_V1.5.0, X-CUBE-ALS_V1.0.2, X-CUBE-AZRTOS-F4_V1.1.0, X-CUBE-AZRTOS-F7_V1.1.0, X-CUBE-AZRTOS-G0_V1.1.0, X-CUBE-AZRTOS-G4_V2.0.0, X-CUBE-AZRTOS-H7RS_V1.3.0, X-CUBE-AZRTOS-H7_V3.5.0, X-CUBE-AZRTOS-L4_V2.0.0, X-CUBE-AZRTOS-L5_V2.0.0, X-CUBE-AZRTOS-WB_V2.0.0, X-CUBE-AZRTOS-WL_V2.0.0, X-CUBE-BLE1_V7.1.0, X-CUBE-BLE2_V3.3.0, X-CUBE-BLEMGR_V4.2.0, X-CUBE-EEPRMA1_V5.2.0, X-CUBE-FREERTOS_V1.6.0, X-CUBE-GNSS1_V7.1.1, X-CUBE-MEMS1_V13.0.0, X-CUBE-NFC4_V3.0.0, X-CUBE-NFC7_V2.0.0, X-CUBE-SFXS2LP1_V4.0.0, X-CUBE-ST67W61_V1.3.0, X-CUBE-SUBG2_V5.0.0, X-CUBE-TOF1_V3.4.3]
2026-09-03 18:37:13,264 [INFO] ApiDb:240 - Found 483 in-development CPN: [B-G473E-ZEST1S, B-WB1M-WPAN1, B-WL5M-SUBG1, NUCLEO-C031C6, NUCLEO-H503RB, NUCLEO-H533RE, NUCLEO-H563ZI, NUCLEO-H7S3L8, NUCLEO-U031R8, NUCLEO-U083RC, NUCLEO-U545RE-Q, NUCLEO-U5A5ZJ-Q, NUCLEO-WBA52CG, NUCLEO-WBA55CG, STEVAL-PROTEUS1, STEVAL-SMARTAG2, STEVAL-STWINBX1, STM320518-EVAL, STM32C0116-DK, STM32C011D6Y3TR, STM32C011D6Y6TR, STM32C011F4P3, STM32C011F4P6, STM32C011F4U3, STM32C011F4U6TR, STM32C011F6P3, STM32C011F6P6, STM32C011F6U3, STM32C011F6U6TR, STM32C011J4M3, STM32C011J4M6, STM32C011J6M3, STM32C011J6M6, STM32C0316-DK, STM32C031C4T3, STM32C031C4T6, STM32C031C4U3, STM32C031C4U6, STM32C031C6T3, STM32C031C6T6, STM32C031C6U3, STM32C031C6U6, STM32C031F4P3, STM32C031F4P6, STM32C031F6P3, STM32C031F6P6, STM32C031G4U3, STM32C031G4U6, STM32C031G6U3, STM32C031G6U6, STM32C031K4T3, STM32C031K4T6, STM32C031K4U3, STM32C031K4U6, STM32C031K6T3, STM32C031K6T6, STM32C031K6U3, STM32C031K6U6, STM32G071K8TXN, STM32G071K8UXN, STM32G081GBU6N, STM32G081KBT6N, STM32G081KBUXN, STM32G0B1CCT6N, STM32G0B1KCT6, STM32G0B1NEY6TR, STM32G0B1RCT6N, STM32G0C1CCT6, STM32G0C1CCT6N, STM32G0C1CCU6N, STM32G0C1CET6N, STM32G0C1CEU6N, STM32G0C1KCT6, STM32G0C1NEY6TR, STM32G0C1RCI6N, STM32G0C1RCT6N, STM32G0C1REI6N, STM32G0C1RET6N, STM32G0C1VCI6, STM32G0C1VEI6, STM32G471CCT6, STM32G471CCU6, STM32G471CET3, STM32G471CET6, STM32G471CEU3, STM32G471CEU6, STM32G471MCT6, STM32G471MET3, STM32G471MET6, STM32G471MEY6TR, STM32G471QCT6, STM32G471QET3, STM32G471RCT6, STM32G471RET3, STM32G471RET6, STM32G471VCH6, STM32G471VCI6, STM32G471VCT6, STM32G471VEH3, STM32G471VEH6, STM32G471VEI3, STM32G471VEI6, STM32G471VET3, STM32G471VET6, STM32G474CCT6, STM32H503CBT6, STM32H503CBU6, STM32H503EBY6TR, STM32H503KBU6, STM32H503RBT6, STM32H523CCT6, STM32H523CCU6, STM32H523CET6, STM32H523CEU6, STM32H523HEY6TR, STM32H523RCT6, STM32H523RET6, STM32H523VCI6, STM32H523VCT6, STM32H523VEI6, STM32H523VET6, STM32H523ZCJ6, STM32H523ZCT6, STM32H523ZEJ6, STM32H523ZET6, STM32H533CET6, STM32H533CEU6, STM32H533HEY6TR, STM32H533RET6, STM32H533VEI6, STM32H533VET6, STM32H533ZEJ6, STM32H533ZET6, STM32H562AGI6, STM32H562AII6, STM32H562IGK6, STM32H562IGT6, STM32H562IIK6, STM32H562IIT6, STM32H562RGT6, STM32H562RGV6, STM32H562RIT6, STM32H562RIV6, STM32H562VGT6, STM32H562VIT6, STM32H562ZGT6, STM32H562ZIT6, STM32H563AGI6, STM32H563AII3Q, STM32H563AII6, STM32H563IGK6, STM32H563IGT6, STM32H563IIK3Q, STM32H563IIK6, STM32H563IIT3Q, STM32H563IIT6, STM32H563MIY3QTR, STM32H563RGT6, STM32H563RGV6, STM32H563RIT6, STM32H563RIV6, STM32H563VGT6, STM32H563VIT3Q, STM32H563VIT6, STM32H563ZGT6, STM32H563ZIT3Q, STM32H563ZIT6, STM32H573AII3Q, STM32H573AII6, STM32H573I-DK, STM32H573IIK3Q, STM32H573IIK6, STM32H573IIT3Q, STM32H573IIT6, STM32H573MIY3QTR, STM32H573RIT6, STM32H573RIV6, STM32H573VIT3Q, STM32H573VIT6, STM32H573ZIT3Q, STM32H573ZIT6, STM32H7R3A8I6, STM32H7R3I8K6, STM32H7R3I8T6, STM32H7R3L8H6, STM32H7R3L8H6H, STM32H7R3R8V6, STM32H7R3V8H6, STM32H7R3V8T6, STM32H7R3V8Y6, STM32H7R3Z8J6, STM32H7R3Z8T6, STM32H7R7A8I6, STM32H7R7I8K6, STM32H7R7I8T6, STM32H7R7L8H6, STM32H7R7L8H6H, STM32H7R7Z8J6, STM32H7S3A8I6, STM32H7S3I8K6, STM32H7S3I8T6, STM32H7S3L8H6, STM32H7S3L8H6H, STM32H7S3R8V6, STM32H7S3V8H6, STM32H7S3V8T6, STM32H7S3V8Y6, STM32H7S3Z8J6, STM32H7S3Z8T6, STM32H7S78-DK, STM32H7S7A8I6, STM32H7S7I8K6, STM32H7S7I8T6, STM32H7S7L8H6, STM32H7S7L8H6H, STM32H7S7Z8J6, STM32L4R5QGI6STR, STM32MP131AAE3, STM32MP131AAF3, STM32MP131AAG3, STM32MP131CAE3, STM32MP131CAF3, STM32MP131CAG3, STM32MP131DAE7, STM32MP131DAF7, STM32MP131DAG7, STM32MP131FAE7, STM32MP131FAF7, STM32MP131FAG7, STM32MP133AAE3, STM32MP133AAF3, STM32MP133AAG3, STM32MP133CAE3, STM32MP133CAF3, STM32MP133CAG3, STM32MP133DAE7, STM32MP133DAF7, STM32MP133DAG7, STM32MP133FAE7, STM32MP133FAF7, STM32MP133FAG7, STM32MP135AAE3, STM32MP135AAF3, STM32MP135AAG3, STM32MP135CAE3, STM32MP135CAF3, STM32MP135CAG3, STM32MP135DAE7, STM32MP135DAF7, STM32MP135DAG7, STM32MP135F-DK, STM32MP135FAE7, STM32MP135FAF7, STM32MP135FAF7T, STM32MP135FAF7U, STM32MP135FAG7, STM32U031C6T6, STM32U031C6U6, STM32U031C8T6, STM32U031C8U6, STM32U031F4P6, STM32U031F6P6, STM32U031F8P6, STM32U031G6Y6TR, STM32U031G8Y6TR, STM32U031K4U6, STM32U031K6U6, STM32U031K8U6, STM32U031R6I6, STM32U031R6T6, STM32U031R8I6, STM32U031R8T6, STM32U073C8T6, STM32U073C8U6, STM32U073CBT6, STM32U073CBU6, STM32U073CCT6, STM32U073CCU6, STM32U073H8Y6TR, STM32U073HBY6TR, STM32U073HCY6TR, STM32U073K8U6, STM32U073KBU6, STM32U073KCU6, STM32U073M8I6, STM32U073M8T6, STM32U073MBI6, STM32U073MBT6, STM32U073MCI6, STM32U073MCT6, STM32U073R8I6, STM32U073R8T6, STM32U073RBI6, STM32U073RBT6, STM32U073RCI6, STM32U073RCT6, STM32U083C-DK, STM32U083CCT6, STM32U083CCU6, STM32U083HCY6TR, STM32U083KCU6, STM32U083MCI6, STM32U083MCT6, STM32U083RCI6, STM32U083RCT6, STM32U535CBT6, STM32U535CBT6Q, STM32U535CBU6, STM32U535CBU6Q, STM32U535CCT6, STM32U535CCT6Q, STM32U535CCU6, STM32U535CCU6Q, STM32U535CET6, STM32U535CET6Q, STM32U535CEU6, STM32U535CEU6Q, STM32U535JEY6QTR, STM32U535NCY6QTR, STM32U535NEY6QTR, STM32U535RBI6, STM32U535RBI6Q, STM32U535RBT6, STM32U535RBT6Q, STM32U535RCI6, STM32U535RCI6Q, STM32U535RCT6, STM32U535RCT6Q, STM32U535REI6, STM32U535REI6Q, STM32U535RET6, STM32U535RET6Q, STM32U535VCI6, STM32U535VCI6Q, STM32U535VCT6, STM32U535VCT6Q, STM32U535VEI6, STM32U535VEI6Q, STM32U535VET6, STM32U535VET6Q, STM32U545CET6, STM32U545CET6Q, STM32U545CEU6, STM32U545CEU6Q, STM32U545JEY6QTR, STM32U545NEY6QTR, STM32U545REI6, STM32U545REI6Q, STM32U545RET6, STM32U545RET6Q, STM32U545VEI6, STM32U545VEI6Q, STM32U545VET6, STM32U545VET6Q, STM32U595AIH6, STM32U595AIH6Q, STM32U595AJH6, STM32U595AJH6Q, STM32U595QII6, STM32U595QII6Q, STM32U595QJI6, STM32U595QJI6Q, STM32U595RIT6, STM32U595RIT6Q, STM32U595RJT6, STM32U595RJT6Q, STM32U595VIT6, STM32U595VIT6Q, STM32U595VJT6, STM32U595VJT6Q, STM32U595ZIT6, STM32U595ZIT6Q, STM32U595ZIY6QTR, STM32U595ZJT6, STM32U595ZJT6Q, STM32U595ZJY6QTR, STM32U599BJY6QTR, STM32U599NIH6Q, STM32U599NJH6Q, STM32U599VIT6Q, STM32U599VJT6, STM32U599VJT6Q, STM32U599ZIT6Q, STM32U599ZIY6QTR, STM32U599ZJT6Q, STM32U599ZJY6QTR, STM32U5A5AJH6, STM32U5A5AJH6Q, STM32U5A5QII3Q , STM32U5A5QJI6, STM32U5A5QJI6Q, STM32U5A5RJT6, STM32U5A5RJT6Q, STM32U5A5VJT6, STM32U5A5VJT6Q, STM32U5A5ZJT6, STM32U5A5ZJT6Q, STM32U5A5ZJY6QTR, STM32U5A9BJY6QTR, STM32U5A9J-DK, STM32U5A9NJH6Q, STM32U5A9VJT6Q, STM32U5A9ZJT6Q, STM32U5A9ZJY6QTR, STM32U5F7VIT6, STM32U5F7VIT6Q, STM32U5F7VJT6, STM32U5F7VJT6Q, STM32U5F9BJY6QTR, STM32U5F9NJH6Q, STM32U5F9VIT6Q, STM32U5F9VJT6Q, STM32U5F9ZIJ6QTR, STM32U5F9ZIT6Q, STM32U5F9ZJJ6QTR, STM32U5F9ZJT6Q, STM32U5G7VJT6, STM32U5G7VJT6Q, STM32U5G9BJY6QTR, STM32U5G9J-DK1, STM32U5G9J-DK2, STM32U5G9NJH6Q, STM32U5G9VJT6Q, STM32U5G9ZJJ6QTR, STM32U5G9ZJT6Q, STM32WB1MMCH6, STM32WBA50KEU6, STM32WBA50KEU6TR, STM32WBA50KGU6, STM32WBA50KGU6TR, STM32WBA52CEU6, STM32WBA52CEU6TR, STM32WBA52CEU7, STM32WBA52CEU7TR, STM32WBA52CGU6, STM32WBA52CGU6TR, STM32WBA52CGU6U, STM32WBA52CGU7, STM32WBA52CGU7TR, STM32WBA52KEU6, STM32WBA52KEU6TR, STM32WBA52KGU6, STM32WBA52KGU6TR, STM32WBA54CEU6, STM32WBA54CEU6TR, STM32WBA54CEU7, STM32WBA54CEU7TR, STM32WBA54CGU6, STM32WBA54CGU6TR, STM32WBA54CGU7, STM32WBA54CGU7TR, STM32WBA54KEU6, STM32WBA54KEU6TR, STM32WBA54KEU7, STM32WBA54KEU7TR, STM32WBA54KGU6, STM32WBA54KGU6TR, STM32WBA54KGU7, STM32WBA54KGU7TR, STM32WBA55CEU6, STM32WBA55CEU6TR, STM32WBA55CEU7, STM32WBA55CEU7TR, STM32WBA55CGU6, STM32WBA55CGU6TR, STM32WBA55CGU6U, STM32WBA55CGU7, STM32WBA55CGU7TR, STM32WBA55G-DK1, STM32WBA55HEF6, STM32WBA55HEF7, STM32WBA55HGF6, STM32WBA55HGF7, STM32WBA55UEI6, STM32WBA55UEI6TR, STM32WBA55UEI7, STM32WBA55UEI7TR, STM32WBA55UGI6, STM32WBA55UGI6TR, STM32WBA55UGI7, STM32WBA55UGI7TR, STM32WL5MOCH6, STM32WL5MOCH6TR]
2026-09-03 18:37:13,268 [INFO] DbMcus:218 - Found 5304 MCUs, 5116 are supported
2026-09-03 18:37:13,268 [INFO] ApiDb:423 - Load user favorites file C:\Users\kccistc/.stm32cubeide/favorites.mcus.txt: 0 item(s)
2026-09-03 18:37:13,268 [INFO] ApiDb:427 - User favorites MCUs=[]
2026-09-03 18:37:13,268 [INFO] DbMcus:224 - Set 0 / 0 favorites MCUs
2026-09-03 18:37:13,538 [INFO] ApiDb:448 - Save user favorites file C:\Users\kccistc/.stm32cubeide/favorites.boards.txt: 0 item(s)
2026-09-03 18:37:13,538 [INFO] ApiDb:452 - User favorites Boards=[]
2026-09-03 18:37:13,539 [INFO] ApiDb:581 - Connected to CubeFinder SQLite database (C:\Users\kccistc\.stmcufinder\plugins\mcufinder\mcu\cube-finder-db.db)
2026-09-03 18:37:13,589 [INFO] ApiDb:668 - CubeFinder database Data Model version=2.1
2026-09-03 18:37:13,589 [INFO] ApiDb:669 - CubeFinder database Configuration version=3.0.42
2026-09-03 18:37:13,589 [INFO] ApiDb:670 - CubeFinder database generation date=2026-08-04 (1785840812)
2026-09-03 18:37:13,589 [INFO] ApiDb:671 - CubeFinder database FW Pack versions=[FP-ATR-ASTRA1_V2.0.0, FP-SNS-FLIGHT1_V5.1.0, FP-SNS-MOTENV1_V5.1.0, FP-SNS-MOTENVWB1_V1.5.0, FP-SNS-SMARTAG2_V1.2.0, FP-SNS-STBOX1_V2.1.0, STM32Cube_FW_C0_V1.4.1, STM32Cube_FW_F4_V1.28.3, STM32Cube_FW_F7_V1.17.4, STM32Cube_FW_G0_V1.6.3, STM32Cube_FW_G4_V1.6.2, STM32Cube_FW_H5_V1.7.0, STM32Cube_FW_H7RS_V1.3.0, STM32Cube_FW_H7_V1.13.0, STM32Cube_FW_L0_V1.12.2, STM32Cube_FW_L4_V1.18.2, STM32Cube_FW_L5_V1.6.0, STM32Cube_FW_N6_V1.4.0, STM32Cube_FW_U0_V1.3.0, STM32Cube_FW_U3_V1.4.0, STM32Cube_FW_U5_V1.9.0, STM32Cube_FW_WB0_V1.5.0, STM32Cube_FW_WBA_V1.10.0, STM32Cube_FW_WB_V1.24.0, STM32Cube_FW_WL3_V1.5.0, STM32Cube_FW_WL_V1.6.0, X-CUBE-ALGOBUILD_V1.5.0, X-CUBE-ALS_V1.0.2, X-CUBE-AZRTOS-F4_V1.1.0, X-CUBE-AZRTOS-F7_V1.1.0, X-CUBE-AZRTOS-G0_V1.1.0, X-CUBE-AZRTOS-G4_V2.0.0, X-CUBE-AZRTOS-H7RS_V1.3.0, X-CUBE-AZRTOS-H7_V3.5.0, X-CUBE-AZRTOS-L4_V2.0.0, X-CUBE-AZRTOS-L5_V2.0.0, X-CUBE-AZRTOS-WB_V2.0.0, X-CUBE-AZRTOS-WL_V2.0.0, X-CUBE-BLE1_V7.1.0, X-CUBE-BLE2_V3.3.0, X-CUBE-BLEMGR_V4.2.0, X-CUBE-EEPRMA1_V5.2.0, X-CUBE-FREERTOS_V1.6.0, X-CUBE-GNSS1_V7.1.1, X-CUBE-MEMS1_V13.0.0, X-CUBE-NFC4_V3.0.0, X-CUBE-NFC7_V2.0.0, X-CUBE-SFXS2LP1_V4.0.0, X-CUBE-ST67W61_V1.3.0, X-CUBE-SUBG2_V5.0.0, X-CUBE-TOF1_V3.4.3]
2026-09-03 18:37:13,619 [INFO] DbBoardsSqlite:226 - include board P-NUCLEO-WB55-NUCLEO as a kit item of type 'Nucleo-64'
2026-09-03 18:37:13,619 [INFO] DbBoardsSqlite:226 - include board P-NUCLEO-WB55-USBDONGLE as a kit item of type 'Nucleo USB Dongle'
2026-09-03 18:37:13,619 [INFO] DbBoardsSqlite:226 - include board STEVAL-IDP005V1 as a kit item of type 'Evaluation Board'
2026-09-03 18:37:13,620 [INFO] DbBoardsSqlite:226 - include board STEVAL-IDP005V2 as a kit item of type 'Evaluation Board'
2026-09-03 18:37:13,662 [INFO] ApiDb:240 - Found 483 in-development CPN: [B-G473E-ZEST1S, B-WB1M-WPAN1, B-WL5M-SUBG1, NUCLEO-C031C6, NUCLEO-H503RB, NUCLEO-H533RE, NUCLEO-H563ZI, NUCLEO-H7S3L8, NUCLEO-U031R8, NUCLEO-U083RC, NUCLEO-U545RE-Q, NUCLEO-U5A5ZJ-Q, NUCLEO-WBA52CG, NUCLEO-WBA55CG, STEVAL-PROTEUS1, STEVAL-SMARTAG2, STEVAL-STWINBX1, STM320518-EVAL, STM32C0116-DK, STM32C011D6Y3TR, STM32C011D6Y6TR, STM32C011F4P3, STM32C011F4P6, STM32C011F4U3, STM32C011F4U6TR, STM32C011F6P3, STM32C011F6P6, STM32C011F6U3, STM32C011F6U6TR, STM32C011J4M3, STM32C011J4M6, STM32C011J6M3, STM32C011J6M6, STM32C0316-DK, STM32C031C4T3, STM32C031C4T6, STM32C031C4U3, STM32C031C4U6, STM32C031C6T3, STM32C031C6T6, STM32C031C6U3, STM32C031C6U6, STM32C031F4P3, STM32C031F4P6, STM32C031F6P3, STM32C031F6P6, STM32C031G4U3, STM32C031G4U6, STM32C031G6U3, STM32C031G6U6, STM32C031K4T3, STM32C031K4T6, STM32C031K4U3, STM32C031K4U6, STM32C031K6T3, STM32C031K6T6, STM32C031K6U3, STM32C031K6U6, STM32G071K8TXN, STM32G071K8UXN, STM32G081GBU6N, STM32G081KBT6N, STM32G081KBUXN, STM32G0B1CCT6N, STM32G0B1KCT6, STM32G0B1NEY6TR, STM32G0B1RCT6N, STM32G0C1CCT6, STM32G0C1CCT6N, STM32G0C1CCU6N, STM32G0C1CET6N, STM32G0C1CEU6N, STM32G0C1KCT6, STM32G0C1NEY6TR, STM32G0C1RCI6N, STM32G0C1RCT6N, STM32G0C1REI6N, STM32G0C1RET6N, STM32G0C1VCI6, STM32G0C1VEI6, STM32G471CCT6, STM32G471CCU6, STM32G471CET3, STM32G471CET6, STM32G471CEU3, STM32G471CEU6, STM32G471MCT6, STM32G471MET3, STM32G471MET6, STM32G471MEY6TR, STM32G471QCT6, STM32G471QET3, STM32G471RCT6, STM32G471RET3, STM32G471RET6, STM32G471VCH6, STM32G471VCI6, STM32G471VCT6, STM32G471VEH3, STM32G471VEH6, STM32G471VEI3, STM32G471VEI6, STM32G471VET3, STM32G471VET6, STM32G474CCT6, STM32H503CBT6, STM32H503CBU6, STM32H503EBY6TR, STM32H503KBU6, STM32H503RBT6, STM32H523CCT6, STM32H523CCU6, STM32H523CET6, STM32H523CEU6, STM32H523HEY6TR, STM32H523RCT6, STM32H523RET6, STM32H523VCI6, STM32H523VCT6, STM32H523VEI6, STM32H523VET6, STM32H523ZCJ6, STM32H523ZCT6, STM32H523ZEJ6, STM32H523ZET6, STM32H533CET6, STM32H533CEU6, STM32H533HEY6TR, STM32H533RET6, STM32H533VEI6, STM32H533VET6, STM32H533ZEJ6, STM32H533ZET6, STM32H562AGI6, STM32H562AII6, STM32H562IGK6, STM32H562IGT6, STM32H562IIK6, STM32H562IIT6, STM32H562RGT6, STM32H562RGV6, STM32H562RIT6, STM32H562RIV6, STM32H562VGT6, STM32H562VIT6, STM32H562ZGT6, STM32H562ZIT6, STM32H563AGI6, STM32H563AII3Q, STM32H563AII6, STM32H563IGK6, STM32H563IGT6, STM32H563IIK3Q, STM32H563IIK6, STM32H563IIT3Q, STM32H563IIT6, STM32H563MIY3QTR, STM32H563RGT6, STM32H563RGV6, STM32H563RIT6, STM32H563RIV6, STM32H563VGT6, STM32H563VIT3Q, STM32H563VIT6, STM32H563ZGT6, STM32H563ZIT3Q, STM32H563ZIT6, STM32H573AII3Q, STM32H573AII6, STM32H573I-DK, STM32H573IIK3Q, STM32H573IIK6, STM32H573IIT3Q, STM32H573IIT6, STM32H573MIY3QTR, STM32H573RIT6, STM32H573RIV6, STM32H573VIT3Q, STM32H573VIT6, STM32H573ZIT3Q, STM32H573ZIT6, STM32H7R3A8I6, STM32H7R3I8K6, STM32H7R3I8T6, STM32H7R3L8H6, STM32H7R3L8H6H, STM32H7R3R8V6, STM32H7R3V8H6, STM32H7R3V8T6, STM32H7R3V8Y6, STM32H7R3Z8J6, STM32H7R3Z8T6, STM32H7R7A8I6, STM32H7R7I8K6, STM32H7R7I8T6, STM32H7R7L8H6, STM32H7R7L8H6H, STM32H7R7Z8J6, STM32H7S3A8I6, STM32H7S3I8K6, STM32H7S3I8T6, STM32H7S3L8H6, STM32H7S3L8H6H, STM32H7S3R8V6, STM32H7S3V8H6, STM32H7S3V8T6, STM32H7S3V8Y6, STM32H7S3Z8J6, STM32H7S3Z8T6, STM32H7S78-DK, STM32H7S7A8I6, STM32H7S7I8K6, STM32H7S7I8T6, STM32H7S7L8H6, STM32H7S7L8H6H, STM32H7S7Z8J6, STM32L4R5QGI6STR, STM32MP131AAE3, STM32MP131AAF3, STM32MP131AAG3, STM32MP131CAE3, STM32MP131CAF3, STM32MP131CAG3, STM32MP131DAE7, STM32MP131DAF7, STM32MP131DAG7, STM32MP131FAE7, STM32MP131FAF7, STM32MP131FAG7, STM32MP133AAE3, STM32MP133AAF3, STM32MP133AAG3, STM32MP133CAE3, STM32MP133CAF3, STM32MP133CAG3, STM32MP133DAE7, STM32MP133DAF7, STM32MP133DAG7, STM32MP133FAE7, STM32MP133FAF7, STM32MP133FAG7, STM32MP135AAE3, STM32MP135AAF3, STM32MP135AAG3, STM32MP135CAE3, STM32MP135CAF3, STM32MP135CAG3, STM32MP135DAE7, STM32MP135DAF7, STM32MP135DAG7, STM32MP135F-DK, STM32MP135FAE7, STM32MP135FAF7, STM32MP135FAF7T, STM32MP135FAF7U, STM32MP135FAG7, STM32U031C6T6, STM32U031C6U6, STM32U031C8T6, STM32U031C8U6, STM32U031F4P6, STM32U031F6P6, STM32U031F8P6, STM32U031G6Y6TR, STM32U031G8Y6TR, STM32U031K4U6, STM32U031K6U6, STM32U031K8U6, STM32U031R6I6, STM32U031R6T6, STM32U031R8I6, STM32U031R8T6, STM32U073C8T6, STM32U073C8U6, STM32U073CBT6, STM32U073CBU6, STM32U073CCT6, STM32U073CCU6, STM32U073H8Y6TR, STM32U073HBY6TR, STM32U073HCY6TR, STM32U073K8U6, STM32U073KBU6, STM32U073KCU6, STM32U073M8I6, STM32U073M8T6, STM32U073MBI6, STM32U073MBT6, STM32U073MCI6, STM32U073MCT6, STM32U073R8I6, STM32U073R8T6, STM32U073RBI6, STM32U073RBT6, STM32U073RCI6, STM32U073RCT6, STM32U083C-DK, STM32U083CCT6, STM32U083CCU6, STM32U083HCY6TR, STM32U083KCU6, STM32U083MCI6, STM32U083MCT6, STM32U083RCI6, STM32U083RCT6, STM32U535CBT6, STM32U535CBT6Q, STM32U535CBU6, STM32U535CBU6Q, STM32U535CCT6, STM32U535CCT6Q, STM32U535CCU6, STM32U535CCU6Q, STM32U535CET6, STM32U535CET6Q, STM32U535CEU6, STM32U535CEU6Q, STM32U535JEY6QTR, STM32U535NCY6QTR, STM32U535NEY6QTR, STM32U535RBI6, STM32U535RBI6Q, STM32U535RBT6, STM32U535RBT6Q, STM32U535RCI6, STM32U535RCI6Q, STM32U535RCT6, STM32U535RCT6Q, STM32U535REI6, STM32U535REI6Q, STM32U535RET6, STM32U535RET6Q, STM32U535VCI6, STM32U535VCI6Q, STM32U535VCT6, STM32U535VCT6Q, STM32U535VEI6, STM32U535VEI6Q, STM32U535VET6, STM32U535VET6Q, STM32U545CET6, STM32U545CET6Q, STM32U545CEU6, STM32U545CEU6Q, STM32U545JEY6QTR, STM32U545NEY6QTR, STM32U545REI6, STM32U545REI6Q, STM32U545RET6, STM32U545RET6Q, STM32U545VEI6, STM32U545VEI6Q, STM32U545VET6, STM32U545VET6Q, STM32U595AIH6, STM32U595AIH6Q, STM32U595AJH6, STM32U595AJH6Q, STM32U595QII6, STM32U595QII6Q, STM32U595QJI6, STM32U595QJI6Q, STM32U595RIT6, STM32U595RIT6Q, STM32U595RJT6, STM32U595RJT6Q, STM32U595VIT6, STM32U595VIT6Q, STM32U595VJT6, STM32U595VJT6Q, STM32U595ZIT6, STM32U595ZIT6Q, STM32U595ZIY6QTR, STM32U595ZJT6, STM32U595ZJT6Q, STM32U595ZJY6QTR, STM32U599BJY6QTR, STM32U599NIH6Q, STM32U599NJH6Q, STM32U599VIT6Q, STM32U599VJT6, STM32U599VJT6Q, STM32U599ZIT6Q, STM32U599ZIY6QTR, STM32U599ZJT6Q, STM32U599ZJY6QTR, STM32U5A5AJH6, STM32U5A5AJH6Q, STM32U5A5QII3Q , STM32U5A5QJI6, STM32U5A5QJI6Q, STM32U5A5RJT6, STM32U5A5RJT6Q, STM32U5A5VJT6, STM32U5A5VJT6Q, STM32U5A5ZJT6, STM32U5A5ZJT6Q, STM32U5A5ZJY6QTR, STM32U5A9BJY6QTR, STM32U5A9J-DK, STM32U5A9NJH6Q, STM32U5A9VJT6Q, STM32U5A9ZJT6Q, STM32U5A9ZJY6QTR, STM32U5F7VIT6, STM32U5F7VIT6Q, STM32U5F7VJT6, STM32U5F7VJT6Q, STM32U5F9BJY6QTR, STM32U5F9NJH6Q, STM32U5F9VIT6Q, STM32U5F9VJT6Q, STM32U5F9ZIJ6QTR, STM32U5F9ZIT6Q, STM32U5F9ZJJ6QTR, STM32U5F9ZJT6Q, STM32U5G7VJT6, STM32U5G7VJT6Q, STM32U5G9BJY6QTR, STM32U5G9J-DK1, STM32U5G9J-DK2, STM32U5G9NJH6Q, STM32U5G9VJT6Q, STM32U5G9ZJJ6QTR, STM32U5G9ZJT6Q, STM32WB1MMCH6, STM32WBA50KEU6, STM32WBA50KEU6TR, STM32WBA50KGU6, STM32WBA50KGU6TR, STM32WBA52CEU6, STM32WBA52CEU6TR, STM32WBA52CEU7, STM32WBA52CEU7TR, STM32WBA52CGU6, STM32WBA52CGU6TR, STM32WBA52CGU6U, STM32WBA52CGU7, STM32WBA52CGU7TR, STM32WBA52KEU6, STM32WBA52KEU6TR, STM32WBA52KGU6, STM32WBA52KGU6TR, STM32WBA54CEU6, STM32WBA54CEU6TR, STM32WBA54CEU7, STM32WBA54CEU7TR, STM32WBA54CGU6, STM32WBA54CGU6TR, STM32WBA54CGU7, STM32WBA54CGU7TR, STM32WBA54KEU6, STM32WBA54KEU6TR, STM32WBA54KEU7, STM32WBA54KEU7TR, STM32WBA54KGU6, STM32WBA54KGU6TR, STM32WBA54KGU7, STM32WBA54KGU7TR, STM32WBA55CEU6, STM32WBA55CEU6TR, STM32WBA55CEU7, STM32WBA55CEU7TR, STM32WBA55CGU6, STM32WBA55CGU6TR, STM32WBA55CGU6U, STM32WBA55CGU7, STM32WBA55CGU7TR, STM32WBA55G-DK1, STM32WBA55HEF6, STM32WBA55HEF7, STM32WBA55HGF6, STM32WBA55HGF7, STM32WBA55UEI6, STM32WBA55UEI6TR, STM32WBA55UEI7, STM32WBA55UEI7TR, STM32WBA55UGI6, STM32WBA55UGI6TR, STM32WBA55UGI7, STM32WBA55UGI7TR, STM32WL5MOCH6, STM32WL5MOCH6TR]
2026-09-03 18:37:13,689 [INFO] BoardInfo:889 - No configuration file found for board B-WBA5M-WPAN
2026-09-03 18:37:13,689 [INFO] DbBoards:161 - Board is not supported: B-WBA5M-WPAN
2026-09-03 18:37:13,691 [INFO] BoardInfo:889 - No configuration file found for board NUCLEO-C051C8
2026-09-03 18:37:13,691 [INFO] DbBoards:161 - Board is not supported: NUCLEO-C051C8
2026-09-03 18:37:13,692 [INFO] BoardInfo:889 - No configuration file found for board NUCLEO-C071RB
2026-09-03 18:37:13,692 [INFO] DbBoards:161 - Board is not supported: NUCLEO-C071RB
2026-09-03 18:37:13,692 [INFO] BoardInfo:889 - No configuration file found for board NUCLEO-C092RC
2026-09-03 18:37:13,693 [INFO] DbBoards:161 - Board is not supported: NUCLEO-C092RC
2026-09-03 18:37:13,721 [INFO] BoardInfo:889 - No configuration file found for board NUCLEO-H553ZG
2026-09-03 18:37:13,721 [INFO] DbBoards:161 - Board is not supported: NUCLEO-H553ZG
2026-09-03 18:37:13,722 [INFO] BoardInfo:889 - No configuration file found for board NUCLEO-H5E5ZJ
2026-09-03 18:37:13,723 [INFO] DbBoards:161 - Board is not supported: NUCLEO-H5E5ZJ
2026-09-03 18:37:13,743 [INFO] BoardInfo:889 - No configuration file found for board NUCLEO-N657X0-Q
2026-09-03 18:37:13,743 [INFO] DbBoards:161 - Board is not supported: NUCLEO-N657X0-Q
2026-09-03 18:37:13,745 [INFO] BoardInfo:889 - No configuration file found for board NUCLEO-U385RG-Q
2026-09-03 18:37:13,745 [INFO] DbBoards:161 - Board is not supported: NUCLEO-U385RG-Q
2026-09-03 18:37:13,745 [INFO] BoardInfo:889 - No configuration file found for board NUCLEO-U3C5ZI-Q
2026-09-03 18:37:13,746 [INFO] DbBoards:161 - Board is not supported: NUCLEO-U3C5ZI-Q
2026-09-03 18:37:13,748 [INFO] BoardInfo:889 - No configuration file found for board NUCLEO-WB05KZ
2026-09-03 18:37:13,748 [INFO] DbBoards:161 - Board is not supported: NUCLEO-WB05KZ
2026-09-03 18:37:13,750 [INFO] BoardInfo:889 - No configuration file found for board NUCLEO-WB07CC
2026-09-03 18:37:13,750 [INFO] DbBoards:161 - Board is not supported: NUCLEO-WB07CC
2026-09-03 18:37:13,750 [INFO] BoardInfo:889 - No configuration file found for board NUCLEO-WB09KE
2026-09-03 18:37:13,750 [INFO] DbBoards:161 - Board is not supported: NUCLEO-WB09KE
2026-09-03 18:37:13,752 [INFO] BoardInfo:889 - No configuration file found for board NUCLEO-WBA25CE1
2026-09-03 18:37:13,752 [INFO] DbBoards:161 - Board is not supported: NUCLEO-WBA25CE1
2026-09-03 18:37:13,754 [INFO] BoardInfo:889 - No configuration file found for board NUCLEO-WBA65RI
2026-09-03 18:37:13,754 [INFO] DbBoards:161 - Board is not supported: NUCLEO-WBA65RI
2026-09-03 18:37:13,755 [INFO] BoardInfo:889 - No configuration file found for board NUCLEO-WL33CC1
2026-09-03 18:37:13,755 [INFO] DbBoards:161 - Board is not supported: NUCLEO-WL33CC1
2026-09-03 18:37:13,756 [INFO] BoardInfo:889 - No configuration file found for board NUCLEO-WL33CC2
2026-09-03 18:37:13,756 [INFO] DbBoards:161 - Board is not supported: NUCLEO-WL33CC2
2026-09-03 18:37:13,756 [INFO] BoardInfo:889 - No configuration file found for board NUCLEO-WL3RKB1
2026-09-03 18:37:13,756 [INFO] DbBoards:161 - Board is not supported: NUCLEO-WL3RKB1
2026-09-03 18:37:13,757 [INFO] BoardInfo:889 - No configuration file found for board NUCLEO-WL3RKB2
2026-09-03 18:37:13,757 [INFO] DbBoards:161 - Board is not supported: NUCLEO-WL3RKB2
2026-09-03 18:37:13,760 [INFO] BoardInfo:889 - No configuration file found for board P-NUCLEO-WB55
2026-09-03 18:37:13,761 [INFO] DbBoards:161 - Kit is not supported: P-NUCLEO-WB55
2026-09-03 18:37:13,763 [INFO] BoardInfo:889 - No configuration file found for board STEVAL-BFA001V1B
2026-09-03 18:37:13,763 [INFO] DbBoards:161 - Kit is not supported: STEVAL-BFA001V1B
2026-09-03 18:37:13,764 [INFO] BoardInfo:889 - No configuration file found for board STEVAL-BFA001V2B
2026-09-03 18:37:13,764 [INFO] DbBoards:161 - Kit is not supported: STEVAL-BFA001V2B
2026-09-03 18:37:13,807 [INFO] BoardInfo:889 - No configuration file found for board STM32H5F5J-DK
2026-09-03 18:37:13,807 [INFO] DbBoards:161 - Board is not supported: STM32H5F5J-DK
2026-09-03 18:37:13,831 [INFO] BoardInfo:889 - No configuration file found for board STM32MP215F-DK
2026-09-03 18:37:13,832 [INFO] DbBoards:161 - Board is not supported: STM32MP215F-DK
2026-09-03 18:37:13,832 [INFO] BoardInfo:889 - No configuration file found for board STM32MP257F-DK
2026-09-03 18:37:13,832 [INFO] DbBoards:161 - Board is not supported: STM32MP257F-DK
2026-09-03 18:37:13,833 [INFO] BoardInfo:889 - No configuration file found for board STM32MP257F-EV1
2026-09-03 18:37:13,833 [INFO] DbBoards:161 - Board is not supported: STM32MP257F-EV1
2026-09-03 18:37:13,834 [INFO] BoardInfo:889 - No configuration file found for board STM32N6570-DK
2026-09-03 18:37:13,834 [INFO] DbBoards:161 - Board is not supported: STM32N6570-DK
2026-09-03 18:37:13,840 [INFO] BoardInfo:889 - No configuration file found for board STM32WBA65I-DK1
2026-09-03 18:37:13,840 [INFO] DbBoards:161 - Board is not supported: STM32WBA65I-DK1
2026-09-03 18:37:13,840 [INFO] DbBoards:168 - Found 219 boards, 192 are supported
2026-09-03 18:37:13,840 [INFO] DbBoards:169 - Found 219 boards, 8 of them is supported for  Bsp
2026-09-03 18:37:13,841 [INFO] ApiDb:423 - Load user favorites file C:\Users\kccistc/.stm32cubeide/favorites.boards.txt: 0 item(s)
2026-09-03 18:37:13,841 [INFO] ApiDb:427 - User favorites Boards=[]
2026-09-03 18:37:13,841 [INFO] DbBoards:198 - Set 0 / 0 favorites Boards
2026-09-03 18:37:13,841 [ERROR] TargetSelectorAdapter:267 - Unable to refresh data
2026-09-03 18:37:13,866 [INFO] McuFinderGlobals:76 - Set McuFinderConnectedMode to true
2026-09-03 18:37:13,868 [INFO] MultiScanPanel:200 - Auto-refresh data requested => check proxy status ongoing
2026-09-03 18:37:13,868 [INFO] FinderPluginLoader:95 - Searching for filters in installed packs
2026-09-03 18:37:14,461 [INFO] LoadUrlFilesThread:185 - End of LoadServerUrlFiles without Thread
2026-09-03 18:37:14,462 [INFO] DetailPanel:341 - Set advertising image to C:/Users/kccistc/STM32Cube/Repository/\en.stm32h5cubemxbanner.png
2026-09-03 18:37:14,674 [INFO] MultiScanPanel:728 - adjusting invalid saved split location: -0.05
2026-09-03 18:37:14,855 [INFO] MultiScanPanel:728 - adjusting invalid saved split location: -0.05
2026-09-03 18:37:20,992 [INFO] MultiScanPanel:200 - Auto-refresh data requested => check proxy status ongoing
2026-09-03 18:37:21,026 [INFO] LoadUrlFilesThread:185 - End of LoadServerUrlFiles without Thread
2026-09-03 18:37:21,026 [INFO] DetailPanel:341 - Set advertising image to C:/Users/kccistc/STM32Cube/Repository/\en.stm32h5cubemxbanner.png
2026-09-03 18:37:21,029 [INFO] MultiScanPanel:728 - adjusting invalid saved split location: -0.07
2026-09-03 18:37:21,030 [INFO] DbBoards:642 - Loading board mini-images...
2026-09-03 18:37:21,329 [ERROR] DbBoards:659 - Image file not found for board NUCLEO-H553ZG: C:\Users\kccistc\.stmcufinder\plugins\mcufinder//mcu//boards_images/NUCLEO-H553ZG.jpg
2026-09-03 18:37:22,359 [INFO] DbBoards:665 - Loaded 218 board mini-images
2026-09-03 18:37:22,408 [INFO] MultiScanPanel:728 - adjusting invalid saved split location: -0.07
2026-09-03 18:37:22,408 [INFO] MultiScanPanel:728 - adjusting invalid saved split location: -0.07
2026-09-03 18:37:22,410 [INFO] MultiScanPanel:200 - Auto-refresh data requested => check proxy status ongoing
2026-09-03 18:37:22,412 [INFO] ApiDb:668 - CubeFinder database Data Model version=2.1
2026-09-03 18:37:22,412 [INFO] ApiDb:669 - CubeFinder database Configuration version=3.0.42
2026-09-03 18:37:22,412 [INFO] ApiDb:670 - CubeFinder database generation date=2026-08-04 (1785840812)
2026-09-03 18:37:22,412 [INFO] ApiDb:671 - CubeFinder database FW Pack versions=[FP-ATR-ASTRA1_V2.0.0, FP-SNS-FLIGHT1_V5.1.0, FP-SNS-MOTENV1_V5.1.0, FP-SNS-MOTENVWB1_V1.5.0, FP-SNS-SMARTAG2_V1.2.0, FP-SNS-STBOX1_V2.1.0, STM32Cube_FW_C0_V1.4.1, STM32Cube_FW_F4_V1.28.3, STM32Cube_FW_F7_V1.17.4, STM32Cube_FW_G0_V1.6.3, STM32Cube_FW_G4_V1.6.2, STM32Cube_FW_H5_V1.7.0, STM32Cube_FW_H7RS_V1.3.0, STM32Cube_FW_H7_V1.13.0, STM32Cube_FW_L0_V1.12.2, STM32Cube_FW_L4_V1.18.2, STM32Cube_FW_L5_V1.6.0, STM32Cube_FW_N6_V1.4.0, STM32Cube_FW_U0_V1.3.0, STM32Cube_FW_U3_V1.4.0, STM32Cube_FW_U5_V1.9.0, STM32Cube_FW_WB0_V1.5.0, STM32Cube_FW_WBA_V1.10.0, STM32Cube_FW_WB_V1.24.0, STM32Cube_FW_WL3_V1.5.0, STM32Cube_FW_WL_V1.6.0, X-CUBE-ALGOBUILD_V1.5.0, X-CUBE-ALS_V1.0.2, X-CUBE-AZRTOS-F4_V1.1.0, X-CUBE-AZRTOS-F7_V1.1.0, X-CUBE-AZRTOS-G0_V1.1.0, X-CUBE-AZRTOS-G4_V2.0.0, X-CUBE-AZRTOS-H7RS_V1.3.0, X-CUBE-AZRTOS-H7_V3.5.0, X-CUBE-AZRTOS-L4_V2.0.0, X-CUBE-AZRTOS-L5_V2.0.0, X-CUBE-AZRTOS-WB_V2.0.0, X-CUBE-AZRTOS-WL_V2.0.0, X-CUBE-BLE1_V7.1.0, X-CUBE-BLE2_V3.3.0, X-CUBE-BLEMGR_V4.2.0, X-CUBE-EEPRMA1_V5.2.0, X-CUBE-FREERTOS_V1.6.0, X-CUBE-GNSS1_V7.1.1, X-CUBE-MEMS1_V13.0.0, X-CUBE-NFC4_V3.0.0, X-CUBE-NFC7_V2.0.0, X-CUBE-SFXS2LP1_V4.0.0, X-CUBE-ST67W61_V1.3.0, X-CUBE-SUBG2_V5.0.0, X-CUBE-TOF1_V3.4.3]
2026-09-03 18:37:22,947 [ERROR] DbExamplesSqlite:437 - Missing JSON key: board_cpn
2026-09-03 18:37:22,947 [ERROR] DbExamplesSqlite:437 - Missing JSON key: board_cpn
2026-09-03 18:37:22,947 [ERROR] DbExamplesSqlite:437 - Missing JSON key: board_cpn
2026-09-03 18:37:22,947 [ERROR] DbExamplesSqlite:437 - Missing JSON key: board_cpn
2026-09-03 18:37:23,156 [ERROR] DbExamplesSqlite:437 - Missing JSON key: board_cpn
2026-09-03 18:37:23,156 [ERROR] DbExamplesSqlite:437 - Missing JSON key: board_cpn
2026-09-03 18:37:23,199 [INFO] DbExamplesSqlite:395 - Ignored 42 examples not supported by CubeIDE
2026-09-03 18:37:23,199 [INFO] DbExamplesSqlite:396 - Found 11319 examples active
2026-09-03 18:37:23,199 [INFO] DbExamplesSqlite:397 - Found 0 examples obsolete
2026-09-03 18:37:23,199 [INFO] DbExamplesSqlite:398 - Found 0 examples under development
2026-09-03 18:37:23,199 [INFO] DbExamplesSqlite:399 - Found 81 examples not building
2026-09-03 18:37:23,201 [INFO] DbExamples:125 - Found 11358 examples
2026-09-03 18:37:23,218 [ERROR] DbExamples:208 - Found 246 examples with invalid data (board or MCU)
2026-09-03 18:37:23,219 [INFO] DbExamples:222 - Found 141 boards with related examples
2026-09-03 18:37:23,219 [INFO] DbExamples:235 - Found 117 MCUs with related examples
2026-09-03 18:37:23,229 [INFO] ApiDb:423 - Load user favorites file C:\Users\kccistc/.stm32cubeide/favorites.examples.txt: 0 item(s)
2026-09-03 18:37:23,229 [INFO] ApiDb:427 - User favorites Examples=[]
2026-09-03 18:37:23,229 [INFO] DbExamples:250 - Set 0 / 0 favorites Examples
2026-09-03 18:37:23,797 [INFO] SoftwarePacks:127 - Download is needed for SW pack 'FP-ATR-ASTRA1_V2.0.0'
2026-09-03 18:37:23,797 [INFO] SoftwarePacks:127 - Download is needed for SW pack 'FP-SNS-FLIGHT1_V5.1.0'
2026-09-03 18:37:23,797 [INFO] SoftwarePacks:127 - Download is needed for SW pack 'FP-SNS-MOTENV1_V5.1.0'
2026-09-03 18:37:23,797 [INFO] SoftwarePacks:127 - Download is needed for SW pack 'FP-SNS-MOTENVWB1_V1.5.0'
2026-09-03 18:37:23,797 [INFO] SoftwarePacks:127 - Download is needed for SW pack 'FP-SNS-SMARTAG2_V1.2.0'
2026-09-03 18:37:23,797 [INFO] SoftwarePacks:127 - Download is needed for SW pack 'FP-SNS-STBOX1_V2.1.0'
2026-09-03 18:37:23,805 [INFO] SoftwarePacks:127 - Download is needed for SW pack 'STM32Cube_FW_C0_V1.4.1'
2026-09-03 18:37:23,808 [INFO] SoftwarePacks:131 - Found SW pack 'STM32Cube_FW_F4_V1.28.3' up-to-date on disk.
2026-09-03 18:37:23,812 [INFO] SoftwarePacks:127 - Download is needed for SW pack 'STM32Cube_FW_F7_V1.17.4'
2026-09-03 18:37:23,816 [INFO] SoftwarePacks:127 - Download is needed for SW pack 'STM32Cube_FW_G0_V1.6.3'
2026-09-03 18:37:23,819 [INFO] SoftwarePacks:127 - Download is needed for SW pack 'STM32Cube_FW_G4_V1.6.2'
2026-09-03 18:37:23,822 [INFO] SoftwarePacks:127 - Download is needed for SW pack 'STM32Cube_FW_H5_V1.7.0'
2026-09-03 18:37:23,825 [INFO] SoftwarePacks:127 - Download is needed for SW pack 'STM32Cube_FW_H7RS_V1.3.0'
2026-09-03 18:37:23,829 [INFO] SoftwarePacks:127 - Download is needed for SW pack 'STM32Cube_FW_H7_V1.13.0'
2026-09-03 18:37:23,832 [INFO] SoftwarePacks:127 - Download is needed for SW pack 'STM32Cube_FW_L0_V1.12.2'
2026-09-03 18:37:23,835 [INFO] SoftwarePacks:127 - Download is needed for SW pack 'STM32Cube_FW_L4_V1.18.2'
2026-09-03 18:37:23,839 [INFO] SoftwarePacks:127 - Download is needed for SW pack 'STM32Cube_FW_L5_V1.6.0'
2026-09-03 18:37:23,843 [INFO] SoftwarePacks:127 - Download is needed for SW pack 'STM32Cube_FW_N6_V1.4.0'
2026-09-03 18:37:23,846 [INFO] SoftwarePacks:127 - Download is needed for SW pack 'STM32Cube_FW_U0_V1.3.0'
2026-09-03 18:37:23,849 [INFO] SoftwarePacks:127 - Download is needed for SW pack 'STM32Cube_FW_U3_V1.4.0'
2026-09-03 18:37:23,852 [INFO] SoftwarePacks:127 - Download is needed for SW pack 'STM32Cube_FW_U5_V1.9.0'
2026-09-03 18:37:23,856 [INFO] SoftwarePacks:127 - Download is needed for SW pack 'STM32Cube_FW_WB0_V1.5.0'
2026-09-03 18:37:23,859 [INFO] SoftwarePacks:127 - Download is needed for SW pack 'STM32Cube_FW_WBA_V1.10.0'
2026-09-03 18:37:23,862 [INFO] SoftwarePacks:127 - Download is needed for SW pack 'STM32Cube_FW_WB_V1.24.0'
2026-09-03 18:37:23,865 [INFO] SoftwarePacks:127 - Download is needed for SW pack 'STM32Cube_FW_WL3_V1.5.0'
2026-09-03 18:37:23,868 [INFO] SoftwarePacks:127 - Download is needed for SW pack 'STM32Cube_FW_WL_V1.6.0'
2026-09-03 18:37:23,868 [INFO] SoftwarePacks:127 - Download is needed for SW pack 'X-CUBE-ALGOBUILD_V1.5.0'
2026-09-03 18:37:23,868 [INFO] SoftwarePacks:127 - Download is needed for SW pack 'X-CUBE-ALS_V1.0.2'
2026-09-03 18:37:23,868 [INFO] SoftwarePacks:127 - Download is needed for SW pack 'X-CUBE-AZRTOS-F4_V1.1.0'
2026-09-03 18:37:23,868 [INFO] SoftwarePacks:127 - Download is needed for SW pack 'X-CUBE-AZRTOS-F7_V1.1.0'
2026-09-03 18:37:23,869 [INFO] SoftwarePacks:127 - Download is needed for SW pack 'X-CUBE-AZRTOS-G0_V1.1.0'
2026-09-03 18:37:23,869 [INFO] SoftwarePacks:127 - Download is needed for SW pack 'X-CUBE-AZRTOS-G4_V2.0.0'
2026-09-03 18:37:23,869 [INFO] SoftwarePacks:127 - Download is needed for SW pack 'X-CUBE-AZRTOS-H7RS_V1.3.0'
2026-09-03 18:37:23,869 [INFO] SoftwarePacks:127 - Download is needed for SW pack 'X-CUBE-AZRTOS-H7_V3.5.0'
2026-09-03 18:37:23,869 [INFO] SoftwarePacks:127 - Download is needed for SW pack 'X-CUBE-AZRTOS-L4_V2.0.0'
2026-09-03 18:37:23,869 [INFO] SoftwarePacks:127 - Download is needed for SW pack 'X-CUBE-AZRTOS-L5_V2.0.0'
2026-09-03 18:37:23,869 [INFO] SoftwarePacks:127 - Download is needed for SW pack 'X-CUBE-AZRTOS-WB_V2.0.0'
2026-09-03 18:37:23,869 [INFO] SoftwarePacks:127 - Download is needed for SW pack 'X-CUBE-AZRTOS-WL_V2.0.0'
2026-09-03 18:37:23,869 [INFO] SoftwarePacks:127 - Download is needed for SW pack 'X-CUBE-BLE1_V7.1.0'
2026-09-03 18:37:23,869 [INFO] SoftwarePacks:127 - Download is needed for SW pack 'X-CUBE-BLE2_V3.3.0'
2026-09-03 18:37:23,869 [INFO] SoftwarePacks:127 - Download is needed for SW pack 'X-CUBE-BLEMGR_V4.2.0'
2026-09-03 18:37:23,869 [INFO] SoftwarePacks:127 - Download is needed for SW pack 'X-CUBE-EEPRMA1_V5.2.0'
2026-09-03 18:37:23,869 [INFO] SoftwarePacks:127 - Download is needed for SW pack 'X-CUBE-FREERTOS_V1.6.0'
2026-09-03 18:37:23,869 [INFO] SoftwarePacks:127 - Download is needed for SW pack 'X-CUBE-GNSS1_V7.1.1'
2026-09-03 18:37:23,869 [INFO] SoftwarePacks:127 - Download is needed for SW pack 'X-CUBE-MEMS1_V13.0.0'
2026-09-03 18:37:23,869 [INFO] SoftwarePacks:127 - Download is needed for SW pack 'X-CUBE-NFC4_V3.0.0'
2026-09-03 18:37:23,869 [INFO] SoftwarePacks:127 - Download is needed for SW pack 'X-CUBE-NFC7_V2.0.0'
2026-09-03 18:37:23,869 [INFO] SoftwarePacks:127 - Download is needed for SW pack 'X-CUBE-SFXS2LP1_V4.0.0'
2026-09-03 18:37:23,869 [INFO] SoftwarePacks:127 - Download is needed for SW pack 'X-CUBE-ST67W61_V1.3.0'
2026-09-03 18:37:23,869 [INFO] SoftwarePacks:127 - Download is needed for SW pack 'X-CUBE-SUBG2_V5.0.0'
2026-09-03 18:37:23,869 [INFO] SoftwarePacks:127 - Download is needed for SW pack 'X-CUBE-TOF1_V3.4.3'
2026-09-03 18:37:25,257 [INFO] LoadUrlFilesThread:185 - End of LoadServerUrlFiles without Thread
2026-09-03 18:37:25,257 [INFO] DetailPanel:341 - Set advertising image to C:/Users/kccistc/STM32Cube/Repository/\en.stm32h5cubemxbanner.png
2026-09-03 18:37:25,265 [ERROR] AppliInfo:139 - Unknown STM32CubeMX version: 6.13.0
2026-09-03 18:37:25,265 [ERROR] AppliInfo:139 - Unknown STM32CubeMX version: 6.13.0
2026-09-03 18:37:25,265 [ERROR] AppliInfo:139 - Unknown STM32CubeMX version: 6.13.0
2026-09-03 18:37:25,265 [ERROR] AppliInfo:139 - Unknown STM32CubeMX version: 6.13.0
2026-09-03 18:37:25,265 [ERROR] AppliInfo:139 - Unknown STM32CubeMX version: 6.13.0
2026-09-03 18:37:25,265 [ERROR] AppliInfo:139 - Unknown STM32CubeMX version: 6.13.0
2026-09-03 18:37:25,265 [ERROR] AppliInfo:139 - Unknown STM32CubeMX version: 6.13.0
2026-09-03 18:37:25,265 [ERROR] AppliInfo:139 - Unknown STM32CubeMX version: 6.13.0
2026-09-03 18:37:25,265 [ERROR] AppliInfo:139 - Unknown STM32CubeMX version: 6.15.0
2026-09-03 18:37:25,265 [ERROR] AppliInfo:139 - Unknown STM32CubeMX version: 6.15.0
2026-09-03 18:37:25,265 [ERROR] AppliInfo:139 - Unknown STM32CubeMX version: 6.15.0
2026-09-03 18:37:25,266 [ERROR] AppliInfo:139 - Unknown STM32CubeMX version: 6.15.0
2026-09-03 18:37:25,266 [ERROR] AppliInfo:139 - Unknown STM32CubeMX version: 6.15.0
2026-09-03 18:37:25,266 [ERROR] AppliInfo:139 - Unknown STM32CubeMX version: 6.15.0
2026-09-03 18:37:25,266 [ERROR] AppliInfo:139 - Unknown STM32CubeMX version: 6.16.1
2026-09-03 18:37:25,266 [ERROR] AppliInfo:139 - Unknown STM32CubeMX version: 6.16.1
2026-09-03 18:37:25,266 [ERROR] AppliInfo:139 - Unknown STM32CubeMX version: 6.14.1
2026-09-03 18:37:25,266 [ERROR] AppliInfo:139 - Unknown STM32CubeMX version: 6.14.1
2026-09-03 18:37:25,266 [ERROR] AppliInfo:139 - Unknown STM32CubeMX version: 6.14.1
2026-09-03 18:37:25,266 [ERROR] AppliInfo:139 - Unknown STM32CubeMX version: 6.14.1
2026-09-03 18:37:25,266 [ERROR] AppliInfo:139 - Unknown STM32CubeMX version: 6.14.1
2026-09-03 18:37:25,266 [ERROR] AppliInfo:139 - Unknown STM32CubeMX version: 6.14.1
2026-09-03 18:37:25,266 [ERROR] AppliInfo:139 - Unknown STM32CubeMX version: 6.14.1
2026-09-03 18:37:25,266 [ERROR] AppliInfo:139 - Unknown STM32CubeMX version: 6.14.1
2026-09-03 18:37:25,266 [ERROR] AppliInfo:139 - Unknown STM32CubeMX version: 6.14.1
2026-09-03 18:37:25,266 [ERROR] AppliInfo:139 - Unknown STM32CubeMX version: 6.14.1
2026-09-03 18:37:25,266 [ERROR] AppliInfo:139 - Unknown STM32CubeMX version: 6.14.1
2026-09-03 18:37:25,266 [ERROR] AppliInfo:139 - Unknown STM32CubeMX version: 6.14.1
2026-09-03 18:37:25,266 [ERROR] AppliInfo:139 - Unknown STM32CubeMX version: 6.14.1
2026-09-03 18:37:25,266 [ERROR] AppliInfo:139 - Unknown STM32CubeMX version: 6.14.1
2026-09-03 18:37:25,266 [ERROR] AppliInfo:139 - Unknown STM32CubeMX version: 6.12.0
2026-09-03 18:37:25,267 [ERROR] AppliInfo:139 - Unknown STM32CubeMX version: 6.12.0
2026-09-03 18:37:25,267 [ERROR] AppliInfo:139 - Unknown STM32CubeMX version: 6.12.0
2026-09-03 18:37:25,267 [ERROR] AppliInfo:139 - Unknown STM32CubeMX version: 6.12.0
2026-09-03 18:37:25,267 [ERROR] AppliInfo:139 - Unknown STM32CubeMX version: 6.12.0
2026-09-03 18:37:25,267 [ERROR] AppliInfo:139 - Unknown STM32CubeMX version: 6.12.0
2026-09-03 18:37:25,267 [ERROR] AppliInfo:139 - Unknown STM32CubeMX version: 6.12.0
2026-09-03 18:37:25,267 [ERROR] AppliInfo:139 - Unknown STM32CubeMX version: 6.12.0
2026-09-03 18:37:25,267 [ERROR] AppliInfo:139 - Unknown STM32CubeMX version: 6.12.0
2026-09-03 18:37:25,267 [ERROR] AppliInfo:139 - Unknown STM32CubeMX version: 6.12.0
2026-09-03 18:37:25,267 [ERROR] AppliInfo:139 - Unknown STM32CubeMX version: 6.12.0
2026-09-03 18:37:25,267 [ERROR] AppliInfo:139 - Unknown STM32CubeMX version: 6.12.0
2026-09-03 18:37:25,267 [ERROR] AppliInfo:139 - Unknown STM32CubeMX version: 6.12.0
2026-09-03 18:37:25,267 [ERROR] AppliInfo:139 - Unknown STM32CubeMX version: 6.12.0
2026-09-03 18:37:25,267 [ERROR] AppliInfo:139 - Unknown STM32CubeMX version: 6.12.0
2026-09-03 18:37:25,267 [ERROR] AppliInfo:139 - Unknown STM32CubeMX version: 6.12.0
2026-09-03 18:37:25,267 [ERROR] AppliInfo:139 - Unknown STM32CubeMX version: 6.12.0
2026-09-03 18:37:25,267 [ERROR] AppliInfo:139 - Unknown STM32CubeMX version: 6.12.0
2026-09-03 18:37:25,267 [ERROR] AppliInfo:139 - Unknown STM32CubeMX version: 6.12.0
2026-09-03 18:37:25,267 [ERROR] AppliInfo:139 - Unknown STM32CubeMX version: 6.12.0
2026-09-03 18:37:25,267 [ERROR] AppliInfo:139 - Unknown STM32CubeMX version: 6.12.0
2026-09-03 18:37:25,267 [ERROR] AppliInfo:139 - Unknown STM32CubeMX version: 6.12.0
2026-09-03 18:37:25,267 [ERROR] AppliInfo:139 - Unknown STM32CubeMX version: 6.12.0
2026-09-03 18:37:25,267 [ERROR] AppliInfo:139 - Unknown STM32CubeMX version: 6.12.0
2026-09-03 18:37:25,267 [ERROR] AppliInfo:139 - Unknown STM32CubeMX version: 6.12.0
2026-09-03 18:37:25,267 [ERROR] AppliInfo:139 - Unknown STM32CubeMX version: 6.12.0
2026-09-03 18:37:25,267 [ERROR] AppliInfo:139 - Unknown STM32CubeMX version: 6.12.0
2026-09-03 18:37:25,267 [ERROR] AppliInfo:139 - Unknown STM32CubeMX version: 6.12.0
2026-09-03 18:37:25,268 [ERROR] AppliInfo:139 - Unknown STM32CubeMX version: 6.12.0
2026-09-03 18:37:25,268 [ERROR] AppliInfo:139 - Unknown STM32CubeMX version: 6.12.0
2026-09-03 18:37:25,268 [ERROR] AppliInfo:139 - Unknown STM32CubeMX version: 6.12.0
2026-09-03 18:37:25,268 [ERROR] AppliInfo:139 - Unknown STM32CubeMX version: 6.12.0
2026-09-03 18:37:25,268 [ERROR] AppliInfo:139 - Unknown STM32CubeMX version: 6.12.0
2026-09-03 18:37:25,268 [ERROR] AppliInfo:139 - Unknown STM32CubeMX version: 6.12.0
2026-09-03 18:37:25,268 [ERROR] AppliInfo:139 - Unknown STM32CubeMX version: 6.12.0
2026-09-03 18:37:25,268 [ERROR] AppliInfo:139 - Unknown STM32CubeMX version: 6.12.0
2026-09-03 18:37:25,268 [ERROR] AppliInfo:139 - Unknown STM32CubeMX version: 6.12.0
2026-09-03 18:37:25,268 [ERROR] AppliInfo:139 - Unknown STM32CubeMX version: 6.12.0
2026-09-03 18:37:25,268 [ERROR] AppliInfo:139 - Unknown STM32CubeMX version: 6.12.0
2026-09-03 18:37:25,268 [ERROR] AppliInfo:139 - Unknown STM32CubeMX version: 6.12.0
2026-09-03 18:37:25,268 [ERROR] AppliInfo:139 - Unknown STM32CubeMX version: 6.12.0
2026-09-03 18:37:25,268 [ERROR] AppliInfo:139 - Unknown STM32CubeMX version: 6.12.0
2026-09-03 18:37:25,268 [ERROR] AppliInfo:139 - Unknown STM32CubeMX version: 6.12.0
2026-09-03 18:37:25,268 [ERROR] AppliInfo:139 - Unknown STM32CubeMX version: 6.12.0
2026-09-03 18:37:25,268 [ERROR] AppliInfo:139 - Unknown STM32CubeMX version: 6.12.0
2026-09-03 18:37:25,268 [ERROR] AppliInfo:139 - Unknown STM32CubeMX version: 6.12.0
2026-09-03 18:37:25,268 [ERROR] AppliInfo:139 - Unknown STM32CubeMX version: 6.12.0
2026-09-03 18:37:25,268 [ERROR] AppliInfo:139 - Unknown STM32CubeMX version: 6.12.0
2026-09-03 18:37:25,268 [ERROR] AppliInfo:139 - Unknown STM32CubeMX version: 6.12.0
2026-09-03 18:37:25,268 [ERROR] AppliInfo:139 - Unknown STM32CubeMX version: 6.12.0
2026-09-03 18:37:25,268 [ERROR] AppliInfo:139 - Unknown STM32CubeMX version: 6.12.0
2026-09-03 18:37:25,268 [ERROR] AppliInfo:139 - Unknown STM32CubeMX version: 6.12.0
2026-09-03 18:37:25,268 [ERROR] AppliInfo:139 - Unknown STM32CubeMX version: 6.12.0
2026-09-03 18:37:25,268 [ERROR] AppliInfo:139 - Unknown STM32CubeMX version: 6.12.0
2026-09-03 18:37:25,268 [ERROR] AppliInfo:139 - Unknown STM32CubeMX version: 6.12.0
2026-09-03 18:37:25,268 [ERROR] AppliInfo:139 - Unknown STM32CubeMX version: 6.12.0
2026-09-03 18:37:25,268 [ERROR] AppliInfo:139 - Unknown STM32CubeMX version: 6.12.0
2026-09-03 18:37:25,269 [ERROR] AppliInfo:139 - Unknown STM32CubeMX version: 6.12.0
2026-09-03 18:37:25,269 [ERROR] AppliInfo:139 - Unknown STM32CubeMX version: 6.12.0
2026-09-03 18:37:25,269 [ERROR] AppliInfo:139 - Unknown STM32CubeMX version: 6.12.0
2026-09-03 18:37:25,269 [ERROR] AppliInfo:139 - Unknown STM32CubeMX version: 6.12.0
2026-09-03 18:37:25,269 [ERROR] AppliInfo:139 - Unknown STM32CubeMX version: 6.12.0
2026-09-03 18:37:25,269 [ERROR] AppliInfo:139 - Unknown STM32CubeMX version: 6.12.0
2026-09-03 18:37:25,269 [ERROR] AppliInfo:139 - Unknown STM32CubeMX version: 6.12.0
2026-09-03 18:37:25,269 [ERROR] AppliInfo:139 - Unknown STM32CubeMX version: 6.12.0
2026-09-03 18:37:25,269 [ERROR] AppliInfo:139 - Unknown STM32CubeMX version: 6.12.0
2026-09-03 18:37:25,269 [ERROR] AppliInfo:139 - Unknown STM32CubeMX version: 6.12.0
2026-09-03 18:37:25,269 [ERROR] AppliInfo:139 - Unknown STM32CubeMX version: 6.12.0
2026-09-03 18:37:25,269 [ERROR] AppliInfo:139 - Unknown STM32CubeMX version: 6.12.0
2026-09-03 18:37:25,269 [ERROR] AppliInfo:139 - Unknown STM32CubeMX version: 6.12.0
2026-09-03 18:37:25,269 [ERROR] AppliInfo:139 - Unknown STM32CubeMX version: 6.12.0
2026-09-03 18:37:25,269 [ERROR] AppliInfo:139 - Unknown STM32CubeMX version: 6.12.0
2026-09-03 18:37:25,269 [ERROR] AppliInfo:139 - Unknown STM32CubeMX version: 6.12.0
2026-09-03 18:37:25,269 [ERROR] AppliInfo:139 - Unknown STM32CubeMX version: 6.12.0
2026-09-03 18:37:25,269 [ERROR] AppliInfo:139 - Unknown STM32CubeMX version: 6.12.0
2026-09-03 18:37:25,269 [ERROR] AppliInfo:139 - Unknown STM32CubeMX version: 6.12.0
2026-09-03 18:37:25,269 [ERROR] AppliInfo:139 - Unknown STM32CubeMX version: 6.12.0
2026-09-03 18:37:25,269 [ERROR] AppliInfo:139 - Unknown STM32CubeMX version: 6.12.0
2026-09-03 18:37:25,269 [ERROR] AppliInfo:139 - Unknown STM32CubeMX version: 6.12.0
2026-09-03 18:37:25,270 [ERROR] AppliInfo:139 - Unknown STM32CubeMX version: 6.12.0
2026-09-03 18:37:25,270 [ERROR] AppliInfo:139 - Unknown STM32CubeMX version: 6.12.0
2026-09-03 18:37:25,270 [ERROR] AppliInfo:139 - Unknown STM32CubeMX version: 6.12.0
2026-09-03 18:37:25,270 [ERROR] AppliInfo:139 - Unknown STM32CubeMX version: 6.12.0
2026-09-03 18:37:25,270 [ERROR] AppliInfo:139 - Unknown STM32CubeMX version: 6.12.0
2026-09-03 18:37:25,270 [ERROR] AppliInfo:139 - Unknown STM32CubeMX version: 6.12.0
2026-09-03 18:37:25,270 [ERROR] AppliInfo:139 - Unknown STM32CubeMX version: 6.12.0
2026-09-03 18:37:25,272 [ERROR] AppliInfo:139 - Unknown STM32CubeMX version: 6.12.0
2026-09-03 18:37:25,272 [ERROR] AppliInfo:139 - Unknown STM32CubeMX version: 6.12.0
2026-09-03 18:37:25,272 [ERROR] AppliInfo:139 - Unknown STM32CubeMX version: 6.12.0
2026-09-03 18:37:25,272 [ERROR] AppliInfo:139 - Unknown STM32CubeMX version: 6.12.0
2026-09-03 18:37:25,272 [ERROR] AppliInfo:139 - Unknown STM32CubeMX version: 6.12.0
2026-09-03 18:37:25,272 [ERROR] AppliInfo:139 - Unknown STM32CubeMX version: 6.12.0
2026-09-03 18:37:25,272 [ERROR] AppliInfo:139 - Unknown STM32CubeMX version: 6.12.0
2026-09-03 18:37:25,272 [ERROR] AppliInfo:139 - Unknown STM32CubeMX version: 6.12.0
2026-09-03 18:37:25,272 [ERROR] AppliInfo:139 - Unknown STM32CubeMX version: 6.12.0
2026-09-03 18:37:25,272 [ERROR] AppliInfo:139 - Unknown STM32CubeMX version: 6.12.0
2026-09-03 18:37:25,272 [ERROR] AppliInfo:139 - Unknown STM32CubeMX version: 6.12.0
2026-09-03 18:37:25,272 [ERROR] AppliInfo:139 - Unknown STM32CubeMX version: 6.12.0
2026-09-03 18:37:25,272 [ERROR] AppliInfo:139 - Unknown STM32CubeMX version: 6.12.0
2026-09-03 18:37:25,272 [ERROR] AppliInfo:139 - Unknown STM32CubeMX version: 6.12.0
2026-09-03 18:37:25,272 [ERROR] AppliInfo:139 - Unknown STM32CubeMX version: 6.12.0
2026-09-03 18:37:25,273 [ERROR] AppliInfo:139 - Unknown STM32CubeMX version: 6.12.0
2026-09-03 18:37:25,273 [ERROR] AppliInfo:139 - Unknown STM32CubeMX version: 6.12.0
2026-09-03 18:37:25,273 [ERROR] AppliInfo:139 - Unknown STM32CubeMX version: 6.12.0
2026-09-03 18:37:25,273 [ERROR] AppliInfo:139 - Unknown STM32CubeMX version: 6.12.0
2026-09-03 18:37:25,273 [ERROR] AppliInfo:139 - Unknown STM32CubeMX version: 6.12.0
2026-09-03 18:37:25,273 [ERROR] AppliInfo:139 - Unknown STM32CubeMX version: 6.12.0
2026-09-03 18:37:25,273 [ERROR] AppliInfo:139 - Unknown STM32CubeMX version: 6.12.0
2026-09-03 18:37:25,273 [ERROR] AppliInfo:139 - Unknown STM32CubeMX version: 6.12.0
2026-09-03 18:37:25,273 [ERROR] AppliInfo:139 - Unknown STM32CubeMX version: 6.12.0
2026-09-03 18:37:25,273 [ERROR] AppliInfo:139 - Unknown STM32CubeMX version: 6.12.0
2026-09-03 18:37:25,273 [ERROR] AppliInfo:139 - Unknown STM32CubeMX version: 6.12.0
2026-09-03 18:37:25,273 [ERROR] AppliInfo:139 - Unknown STM32CubeMX version: 6.12.0
2026-09-03 18:37:25,273 [ERROR] AppliInfo:139 - Unknown STM32CubeMX version: 6.12.0
2026-09-03 18:37:25,273 [ERROR] AppliInfo:139 - Unknown STM32CubeMX version: 6.12.0
2026-09-03 18:37:25,273 [ERROR] AppliInfo:139 - Unknown STM32CubeMX version: 6.12.0
2026-09-03 18:37:25,273 [ERROR] AppliInfo:139 - Unknown STM32CubeMX version: 6.12.0
2026-09-03 18:37:25,273 [ERROR] AppliInfo:139 - Unknown STM32CubeMX version: 6.12.0
2026-09-03 18:37:25,274 [ERROR] AppliInfo:139 - Unknown STM32CubeMX version: 6.12.0
2026-09-03 18:37:25,274 [ERROR] AppliInfo:139 - Unknown STM32CubeMX version: 6.12.0
2026-09-03 18:37:25,274 [ERROR] AppliInfo:139 - Unknown STM32CubeMX version: 6.12.0
2026-09-03 18:37:25,274 [ERROR] AppliInfo:139 - Unknown STM32CubeMX version: 6.12.0
2026-09-03 18:37:25,274 [ERROR] AppliInfo:139 - Unknown STM32CubeMX version: 6.12.0
2026-09-03 18:37:25,274 [ERROR] AppliInfo:139 - Unknown STM32CubeMX version: 6.12.0
2026-09-03 18:37:25,274 [ERROR] AppliInfo:139 - Unknown STM32CubeMX version: 6.12.0
2026-09-03 18:37:25,274 [ERROR] AppliInfo:139 - Unknown STM32CubeMX version: 6.12.0
2026-09-03 18:37:25,274 [ERROR] AppliInfo:139 - Unknown STM32CubeMX version: 6.12.0
2026-09-03 18:37:25,274 [ERROR] AppliInfo:139 - Unknown STM32CubeMX version: 6.12.0
2026-09-03 18:37:25,274 [ERROR] AppliInfo:139 - Unknown STM32CubeMX version: 6.12.0
2026-09-03 18:37:25,274 [ERROR] AppliInfo:139 - Unknown STM32CubeMX version: 6.12.0
2026-09-03 18:37:25,274 [ERROR] AppliInfo:139 - Unknown STM32CubeMX version: 6.12.0
2026-09-03 18:37:25,274 [ERROR] AppliInfo:139 - Unknown STM32CubeMX version: 6.12.0
2026-09-03 18:37:25,274 [ERROR] AppliInfo:139 - Unknown STM32CubeMX version: 6.12.0
2026-09-03 18:37:25,274 [ERROR] AppliInfo:139 - Unknown STM32CubeMX version: 6.12.0
2026-09-03 18:37:25,274 [ERROR] AppliInfo:139 - Unknown STM32CubeMX version: 6.12.0
2026-09-03 18:37:25,274 [ERROR] AppliInfo:139 - Unknown STM32CubeMX version: 6.12.0
2026-09-03 18:37:25,275 [ERROR] AppliInfo:139 - Unknown STM32CubeMX version: 6.12.0
2026-09-03 18:37:25,275 [ERROR] AppliInfo:139 - Unknown STM32CubeMX version: 6.12.0
2026-09-03 18:37:25,275 [ERROR] AppliInfo:139 - Unknown STM32CubeMX version: 6.12.0
2026-09-03 18:37:25,275 [ERROR] AppliInfo:139 - Unknown STM32CubeMX version: 6.12.0
2026-09-03 18:37:25,275 [ERROR] AppliInfo:139 - Unknown STM32CubeMX version: 6.12.0
2026-09-03 18:37:25,275 [ERROR] AppliInfo:139 - Unknown STM32CubeMX version: 6.12.0
2026-09-03 18:37:25,275 [ERROR] AppliInfo:139 - Unknown STM32CubeMX version: 6.12.0
2026-09-03 18:37:25,275 [ERROR] AppliInfo:139 - Unknown STM32CubeMX version: 6.12.0
2026-09-03 18:37:25,275 [ERROR] AppliInfo:139 - Unknown STM32CubeMX version: 6.12.0
2026-09-03 18:37:25,275 [ERROR] AppliInfo:139 - Unknown STM32CubeMX version: 6.12.0
2026-09-03 18:37:25,275 [ERROR] AppliInfo:139 - Unknown STM32CubeMX version: 6.12.0
2026-09-03 18:37:25,275 [ERROR] AppliInfo:139 - Unknown STM32CubeMX version: 6.12.0
2026-09-03 18:37:25,275 [ERROR] AppliInfo:139 - Unknown STM32CubeMX version: 6.12.0
2026-09-03 18:37:25,275 [ERROR] AppliInfo:139 - Unknown STM32CubeMX version: 6.12.0
2026-09-03 18:37:25,275 [ERROR] AppliInfo:139 - Unknown STM32CubeMX version: 6.12.0
2026-09-03 18:37:25,275 [ERROR] AppliInfo:139 - Unknown STM32CubeMX version: 6.12.0
2026-09-03 18:37:25,275 [ERROR] AppliInfo:139 - Unknown STM32CubeMX version: 6.12.0
2026-09-03 18:37:25,275 [ERROR] AppliInfo:139 - Unknown STM32CubeMX version: 6.12.0
2026-09-03 18:37:25,276 [ERROR] AppliInfo:139 - Unknown STM32CubeMX version: 6.12.0
2026-09-03 18:37:25,276 [ERROR] AppliInfo:139 - Unknown STM32CubeMX version: 6.12.0
2026-09-03 18:37:25,276 [ERROR] AppliInfo:139 - Unknown STM32CubeMX version: 6.12.0
2026-09-03 18:37:25,276 [ERROR] AppliInfo:139 - Unknown STM32CubeMX version: 6.12.0
2026-09-03 18:37:25,276 [ERROR] AppliInfo:139 - Unknown STM32CubeMX version: 6.12.0
2026-09-03 18:37:25,276 [ERROR] AppliInfo:139 - Unknown STM32CubeMX version: 6.12.0
2026-09-03 18:37:25,276 [ERROR] AppliInfo:139 - Unknown STM32CubeMX version: 6.12.0
2026-09-03 18:37:25,276 [ERROR] AppliInfo:139 - Unknown STM32CubeMX version: 6.12.0
2026-09-03 18:37:25,276 [ERROR] AppliInfo:139 - Unknown STM32CubeMX version: 6.12.0
2026-09-03 18:37:25,276 [ERROR] AppliInfo:139 - Unknown STM32CubeMX version: 6.12.0
2026-09-03 18:37:25,276 [ERROR] AppliInfo:139 - Unknown STM32CubeMX version: 6.12.0
2026-09-03 18:37:25,276 [ERROR] AppliInfo:139 - Unknown STM32CubeMX version: 6.12.0
2026-09-03 18:37:25,276 [ERROR] AppliInfo:139 - Unknown STM32CubeMX version: 6.12.0
2026-09-03 18:37:25,276 [ERROR] AppliInfo:139 - Unknown STM32CubeMX version: 6.12.0
2026-09-03 18:37:25,276 [ERROR] AppliInfo:139 - Unknown STM32CubeMX version: 6.12.0
2026-09-03 18:37:25,276 [ERROR] AppliInfo:139 - Unknown STM32CubeMX version: 6.12.0
2026-09-03 18:37:25,276 [ERROR] AppliInfo:139 - Unknown STM32CubeMX version: 6.12.0
2026-09-03 18:37:25,276 [ERROR] AppliInfo:139 - Unknown STM32CubeMX version: 6.12.0
2026-09-03 18:37:25,276 [ERROR] AppliInfo:139 - Unknown STM32CubeMX version: 6.13.0
2026-09-03 18:37:25,276 [ERROR] AppliInfo:139 - Unknown STM32CubeMX version: 6.13.0
2026-09-03 18:37:25,277 [ERROR] AppliInfo:139 - Unknown STM32CubeMX version: 6.13.0
2026-09-03 18:37:25,277 [ERROR] AppliInfo:139 - Unknown STM32CubeMX version: 6.13.0
2026-09-03 18:37:25,277 [ERROR] AppliInfo:139 - Unknown STM32CubeMX version: 6.13.0
2026-09-03 18:37:25,277 [ERROR] AppliInfo:139 - Unknown STM32CubeMX version: 6.13.0
2026-09-03 18:37:25,277 [ERROR] AppliInfo:139 - Unknown STM32CubeMX version: 6.13.0
2026-09-03 18:37:25,277 [ERROR] AppliInfo:139 - Unknown STM32CubeMX version: 6.13.0
2026-09-03 18:37:25,277 [ERROR] AppliInfo:139 - Unknown STM32CubeMX version: 6.13.0
2026-09-03 18:37:25,277 [ERROR] AppliInfo:139 - Unknown STM32CubeMX version: 6.13.0
2026-09-03 18:37:25,277 [ERROR] AppliInfo:139 - Unknown STM32CubeMX version: 6.13.0
2026-09-03 18:37:25,277 [ERROR] AppliInfo:139 - Unknown STM32CubeMX version: 6.13.0
2026-09-03 18:37:25,277 [ERROR] AppliInfo:139 - Unknown STM32CubeMX version: 6.13.0
2026-09-03 18:37:25,277 [ERROR] AppliInfo:139 - Unknown STM32CubeMX version: 6.13.0
2026-09-03 18:37:25,277 [ERROR] AppliInfo:139 - Unknown STM32CubeMX version: 6.13.0
2026-09-03 18:37:25,277 [ERROR] AppliInfo:139 - Unknown STM32CubeMX version: 6.13.0
2026-09-03 18:37:25,277 [ERROR] AppliInfo:139 - Unknown STM32CubeMX version: 6.13.0
2026-09-03 18:37:25,277 [ERROR] AppliInfo:139 - Unknown STM32CubeMX version: 6.13.0
2026-09-03 18:37:25,277 [ERROR] AppliInfo:139 - Unknown STM32CubeMX version: 6.13.0
2026-09-03 18:37:25,277 [ERROR] AppliInfo:139 - Unknown STM32CubeMX version: 6.13.0
2026-09-03 18:37:25,277 [ERROR] AppliInfo:139 - Unknown STM32CubeMX version: 6.13.0
2026-09-03 18:37:25,277 [ERROR] AppliInfo:139 - Unknown STM32CubeMX version: 6.13.0
2026-09-03 18:37:25,278 [ERROR] AppliInfo:139 - Unknown STM32CubeMX version: 6.13.0
2026-09-03 18:37:25,278 [ERROR] AppliInfo:139 - Unknown STM32CubeMX version: 6.13.0
2026-09-03 18:37:25,278 [ERROR] AppliInfo:139 - Unknown STM32CubeMX version: 6.13.0
2026-09-03 18:37:25,278 [ERROR] AppliInfo:139 - Unknown STM32CubeMX version: 6.13.0
2026-09-03 18:37:25,278 [ERROR] AppliInfo:139 - Unknown STM32CubeMX version: 6.13.0
2026-09-03 18:37:25,278 [ERROR] AppliInfo:139 - Unknown STM32CubeMX version: 6.13.0
2026-09-03 18:37:25,278 [ERROR] AppliInfo:139 - Unknown STM32CubeMX version: 6.15.0
2026-09-03 18:37:25,278 [ERROR] AppliInfo:139 - Unknown STM32CubeMX version: 6.15.0
2026-09-03 18:37:25,278 [ERROR] AppliInfo:139 - Unknown STM32CubeMX version: 6.15.0
2026-09-03 18:37:25,278 [ERROR] AppliInfo:139 - Unknown STM32CubeMX version: 6.15.0
2026-09-03 18:37:25,278 [ERROR] AppliInfo:139 - Unknown STM32CubeMX version: 6.15.0
2026-09-03 18:37:25,278 [ERROR] AppliInfo:139 - Unknown STM32CubeMX version: 6.15.0
2026-09-03 18:37:25,278 [ERROR] AppliInfo:139 - Unknown STM32CubeMX version: 6.15.0
2026-09-03 18:37:25,278 [ERROR] AppliInfo:139 - Unknown STM32CubeMX version: 6.13.0
2026-09-03 18:37:25,278 [ERROR] AppliInfo:139 - Unknown STM32CubeMX version: 6.13.0
2026-09-03 18:37:25,278 [ERROR] AppliInfo:139 - Unknown STM32CubeMX version: 6.13.0
2026-09-03 18:37:25,278 [ERROR] AppliInfo:139 - Unknown STM32CubeMX version: 6.13.0
2026-09-03 18:37:25,278 [ERROR] AppliInfo:139 - Unknown STM32CubeMX version: 6.13.0
2026-09-03 18:37:25,278 [ERROR] AppliInfo:139 - Unknown STM32CubeMX version: 6.13.0
2026-09-03 18:37:25,279 [ERROR] AppliInfo:139 - Unknown STM32CubeMX version: 6.13.0
2026-09-03 18:37:25,279 [ERROR] AppliInfo:139 - Unknown STM32CubeMX version: 6.13.0
2026-09-03 18:37:25,279 [ERROR] AppliInfo:139 - Unknown STM32CubeMX version: 6.13.0
2026-09-03 18:37:25,279 [ERROR] AppliInfo:139 - Unknown STM32CubeMX version: 6.13.0
2026-09-03 18:37:25,279 [ERROR] AppliInfo:139 - Unknown STM32CubeMX version: 6.13.0
2026-09-03 18:37:25,279 [ERROR] AppliInfo:139 - Unknown STM32CubeMX version: 6.13.0
2026-09-03 18:37:25,279 [ERROR] AppliInfo:139 - Unknown STM32CubeMX version: 6.13.0
2026-09-03 18:37:25,279 [ERROR] AppliInfo:139 - Unknown STM32CubeMX version: 6.13.0
2026-09-03 18:37:25,279 [ERROR] AppliInfo:139 - Unknown STM32CubeMX version: 6.13.0
2026-09-03 18:37:25,279 [ERROR] AppliInfo:139 - Unknown STM32CubeMX version: 6.13.0
2026-09-03 18:37:25,279 [ERROR] AppliInfo:139 - Unknown STM32CubeMX version: 6.13.0
2026-09-03 18:37:25,279 [ERROR] AppliInfo:139 - Unknown STM32CubeMX version: 6.13.0
2026-09-03 18:37:25,279 [ERROR] AppliInfo:139 - Unknown STM32CubeMX version: 6.13.0
2026-09-03 18:37:25,279 [ERROR] AppliInfo:139 - Unknown STM32CubeMX version: 6.13.0
2026-09-03 18:37:25,279 [ERROR] AppliInfo:139 - Unknown STM32CubeMX version: 6.13.0
2026-09-03 18:37:25,279 [ERROR] AppliInfo:139 - Unknown STM32CubeMX version: 6.13.0
2026-09-03 18:37:25,279 [ERROR] AppliInfo:139 - Unknown STM32CubeMX version: 6.13.0
2026-09-03 18:37:25,279 [ERROR] AppliInfo:139 - Unknown STM32CubeMX version: 6.13.0
2026-09-03 18:37:25,279 [ERROR] AppliInfo:139 - Unknown STM32CubeMX version: 6.14.0
2026-09-03 18:37:25,279 [ERROR] AppliInfo:139 - Unknown STM32CubeMX version: 6.14.0
2026-09-03 18:37:25,280 [ERROR] AppliInfo:139 - Unknown STM32CubeMX version: 6.14.0
2026-09-03 18:37:25,280 [ERROR] AppliInfo:139 - Unknown STM32CubeMX version: 6.14.0
2026-09-03 18:37:25,280 [ERROR] AppliInfo:139 - Unknown STM32CubeMX version: 6.14.0
2026-09-03 18:37:25,280 [ERROR] AppliInfo:139 - Unknown STM32CubeMX version: 6.14.0
2026-09-03 18:37:25,280 [ERROR] AppliInfo:139 - Unknown STM32CubeMX version: 6.14.0
2026-09-03 18:37:25,280 [ERROR] AppliInfo:139 - Unknown STM32CubeMX version: 6.14.0
2026-09-03 18:37:25,280 [ERROR] AppliInfo:139 - Unknown STM32CubeMX version: 6.14.0
2026-09-03 18:37:25,280 [ERROR] AppliInfo:139 - Unknown STM32CubeMX version: 6.14.0
2026-09-03 18:37:25,280 [ERROR] AppliInfo:139 - Unknown STM32CubeMX version: 6.14.0
2026-09-03 18:37:25,280 [ERROR] AppliInfo:139 - Unknown STM32CubeMX version: 6.14.0
2026-09-03 18:37:25,280 [ERROR] AppliInfo:139 - Unknown STM32CubeMX version: 6.14.0
2026-09-03 18:37:25,280 [ERROR] AppliInfo:139 - Unknown STM32CubeMX version: 6.14.0
2026-09-03 18:37:25,280 [ERROR] AppliInfo:139 - Unknown STM32CubeMX version: 6.14.0
2026-09-03 18:37:25,280 [ERROR] AppliInfo:139 - Unknown STM32CubeMX version: 6.14.0
2026-09-03 18:37:25,280 [ERROR] AppliInfo:139 - Unknown STM32CubeMX version: 6.14.0
2026-09-03 18:37:25,280 [ERROR] AppliInfo:139 - Unknown STM32CubeMX version: 6.14.0
2026-09-03 18:37:25,280 [ERROR] AppliInfo:139 - Unknown STM32CubeMX version: 6.14.0
2026-09-03 18:37:25,280 [ERROR] AppliInfo:139 - Unknown STM32CubeMX version: 6.14.0
2026-09-03 18:37:25,280 [ERROR] AppliInfo:139 - Unknown STM32CubeMX version: 6.14.0
2026-09-03 18:37:25,281 [ERROR] AppliInfo:139 - Unknown STM32CubeMX version: 6.14.0
2026-09-03 18:37:25,281 [ERROR] AppliInfo:139 - Unknown STM32CubeMX version: 6.14.0
2026-09-03 18:37:25,281 [ERROR] AppliInfo:139 - Unknown STM32CubeMX version: 6.14.0
2026-09-03 18:37:25,281 [ERROR] AppliInfo:139 - Unknown STM32CubeMX version: 6.14.0
2026-09-03 18:37:25,281 [ERROR] AppliInfo:139 - Unknown STM32CubeMX version: 6.14.0
2026-09-03 18:37:25,281 [ERROR] AppliInfo:139 - Unknown STM32CubeMX version: 6.14.0
2026-09-03 18:37:25,281 [ERROR] AppliInfo:139 - Unknown STM32CubeMX version: 6.14.0
2026-09-03 18:37:25,281 [ERROR] AppliInfo:139 - Unknown STM32CubeMX version: 6.14.0
2026-09-03 18:37:25,281 [ERROR] AppliInfo:139 - Unknown STM32CubeMX version: 6.14.0
2026-09-03 18:37:25,281 [ERROR] AppliInfo:139 - Unknown STM32CubeMX version: 6.14.0
2026-09-03 18:37:25,281 [ERROR] AppliInfo:139 - Unknown STM32CubeMX version: 6.14.0
2026-09-03 18:37:25,281 [ERROR] AppliInfo:139 - Unknown STM32CubeMX version: 6.14.0
2026-09-03 18:37:25,281 [ERROR] AppliInfo:139 - Unknown STM32CubeMX version: 6.14.0
2026-09-03 18:37:25,281 [ERROR] AppliInfo:139 - Unknown STM32CubeMX version: 6.14.0
2026-09-03 18:37:25,281 [ERROR] AppliInfo:139 - Unknown STM32CubeMX version: 6.14.0
2026-09-03 18:37:25,281 [ERROR] AppliInfo:139 - Unknown STM32CubeMX version: 6.14.0
2026-09-03 18:37:25,281 [ERROR] AppliInfo:139 - Unknown STM32CubeMX version: 6.14.0
2026-09-03 18:37:25,281 [ERROR] AppliInfo:139 - Unknown STM32CubeMX version: 6.14.0
2026-09-03 18:37:25,282 [ERROR] AppliInfo:139 - Unknown STM32CubeMX version: 6.14.0
2026-09-03 18:37:25,282 [ERROR] AppliInfo:139 - Unknown STM32CubeMX version: 6.14.0
2026-09-03 18:37:25,282 [ERROR] AppliInfo:139 - Unknown STM32CubeMX version: 6.14.0
2026-09-03 18:37:25,282 [ERROR] AppliInfo:139 - Unknown STM32CubeMX version: 6.14.0
2026-09-03 18:37:25,282 [ERROR] AppliInfo:139 - Unknown STM32CubeMX version: 6.14.0
2026-09-03 18:37:25,282 [ERROR] AppliInfo:139 - Unknown STM32CubeMX version: 6.14.0
2026-09-03 18:37:25,282 [ERROR] AppliInfo:139 - Unknown STM32CubeMX version: 6.14.0
2026-09-03 18:37:25,282 [ERROR] AppliInfo:139 - Unknown STM32CubeMX version: 6.14.0
2026-09-03 18:37:25,282 [ERROR] AppliInfo:139 - Unknown STM32CubeMX version: 6.14.0
2026-09-03 18:37:25,282 [ERROR] AppliInfo:139 - Unknown STM32CubeMX version: 6.14.0
2026-09-03 18:37:25,282 [ERROR] AppliInfo:139 - Unknown STM32CubeMX version: 6.14.0
2026-09-03 18:37:25,282 [ERROR] AppliInfo:139 - Unknown STM32CubeMX version: 6.14.0
2026-09-03 18:37:25,282 [ERROR] AppliInfo:139 - Unknown STM32CubeMX version: 6.14.0
2026-09-03 18:37:25,282 [ERROR] AppliInfo:139 - Unknown STM32CubeMX version: 6.14.0
2026-09-03 18:37:25,282 [ERROR] AppliInfo:139 - Unknown STM32CubeMX version: 6.14.0
2026-09-03 18:37:25,283 [ERROR] AppliInfo:139 - Unknown STM32CubeMX version: 6.14.0
2026-09-03 18:37:25,283 [ERROR] AppliInfo:139 - Unknown STM32CubeMX version: 6.14.0
2026-09-03 18:37:25,283 [ERROR] AppliInfo:139 - Unknown STM32CubeMX version: 6.14.0
2026-09-03 18:37:25,283 [ERROR] AppliInfo:139 - Unknown STM32CubeMX version: 6.14.0
2026-09-03 18:37:25,283 [ERROR] AppliInfo:139 - Unknown STM32CubeMX version: 6.14.0
2026-09-03 18:37:25,283 [ERROR] AppliInfo:139 - Unknown STM32CubeMX version: 6.12.0
2026-09-03 18:37:25,283 [ERROR] AppliInfo:139 - Unknown STM32CubeMX version: 6.13.0
2026-09-03 18:37:25,283 [ERROR] AppliInfo:139 - Unknown STM32CubeMX version: 6.17.0
2026-09-03 18:37:25,283 [ERROR] AppliInfo:139 - Unknown STM32CubeMX version: 6.12.0
2026-09-03 18:37:25,406 [ERROR] AppliInfo:139 - Unknown STM32CubeMX version: 6.15.0
2026-09-03 18:37:25,406 [ERROR] AppliInfo:139 - Unknown STM32CubeMX version: 6.15.0
2026-09-03 18:37:25,407 [ERROR] AppliInfo:139 - Unknown STM32CubeMX version: 6.15.0
2026-09-03 18:37:25,407 [ERROR] AppliInfo:139 - Unknown STM32CubeMX version: 6.15.0
2026-09-03 18:37:25,465 [ERROR] AppliInfo:139 - Unknown STM32CubeMX version: 6.12.0
2026-09-03 18:37:25,512 [ERROR] AppliInfo:139 - Unknown STM32CubeMX version: 6.12.0
2026-09-03 18:37:25,512 [ERROR] AppliInfo:139 - Unknown STM32CubeMX version: 6.12.0
2026-09-03 18:37:25,515 [ERROR] AppliInfo:139 - Unknown STM32CubeMX version: 6.15.0
2026-09-03 18:37:25,515 [ERROR] AppliInfo:139 - Unknown STM32CubeMX version: 6.15.0
2026-09-03 18:37:25,515 [ERROR] AppliInfo:139 - Unknown STM32CubeMX version: 6.15.0
2026-09-03 18:37:25,516 [ERROR] AppliInfo:139 - Unknown STM32CubeMX version: 6.15.0
2026-09-03 18:37:25,537 [ERROR] AppliInfo:139 - Unknown STM32CubeMX version: 6.15.0
2026-09-03 18:37:25,537 [ERROR] AppliInfo:139 - Unknown STM32CubeMX version: 6.15.0
2026-09-03 18:37:25,541 [ERROR] AppliInfo:139 - Unknown STM32CubeMX version: 6.18.0
2026-09-03 18:37:25,544 [ERROR] AppliInfo:139 - Unknown STM32CubeMX version: 6.14.0
2026-09-03 18:37:25,545 [ERROR] AppliInfo:139 - Unknown STM32CubeMX version: 6.14.0
2026-09-03 18:37:25,545 [ERROR] AppliInfo:139 - Unknown STM32CubeMX version: 6.14.0
2026-09-03 18:37:25,545 [ERROR] AppliInfo:139 - Unknown STM32CubeMX version: 6.14.0
2026-09-03 18:37:25,545 [ERROR] AppliInfo:139 - Unknown STM32CubeMX version: 6.18.0
2026-09-03 18:37:25,545 [ERROR] AppliInfo:139 - Unknown STM32CubeMX version: 6.18.0
2026-09-03 18:37:25,546 [ERROR] AppliInfo:139 - Unknown STM32CubeMX version: 6.14.0
2026-09-03 18:37:25,547 [ERROR] AppliInfo:139 - Unknown STM32CubeMX version: 6.18.0
2026-09-03 18:37:25,547 [ERROR] AppliInfo:139 - Unknown STM32CubeMX version: 6.18.0
2026-09-03 18:37:25,547 [ERROR] AppliInfo:139 - Unknown STM32CubeMX version: 6.18.0
2026-09-03 18:37:25,548 [ERROR] AppliInfo:139 - Unknown STM32CubeMX version: 6.18.0
2026-09-03 18:37:25,548 [ERROR] AppliInfo:139 - Unknown STM32CubeMX version: 6.18.0
2026-09-03 18:37:25,548 [ERROR] AppliInfo:139 - Unknown STM32CubeMX version: 6.18.0
2026-09-03 18:37:25,548 [ERROR] AppliInfo:139 - Unknown STM32CubeMX version: 6.18.0
2026-09-03 18:37:25,548 [ERROR] AppliInfo:139 - Unknown STM32CubeMX version: 6.18.0
2026-09-03 18:37:25,549 [ERROR] AppliInfo:139 - Unknown STM32CubeMX version: 6.14.0
2026-09-03 18:37:25,552 [ERROR] AppliInfo:139 - Unknown STM32CubeMX version: 6.14.0
2026-09-03 18:37:25,552 [ERROR] AppliInfo:139 - Unknown STM32CubeMX version: 6.14.0
2026-09-03 18:37:25,553 [ERROR] AppliInfo:139 - Unknown STM32CubeMX version: 6.18.0
2026-09-03 18:37:25,553 [ERROR] AppliInfo:139 - Unknown STM32CubeMX version: 6.18.0
2026-09-03 18:37:25,555 [ERROR] AppliInfo:139 - Unknown STM32CubeMX version: 6.18.0
2026-09-03 18:37:25,555 [ERROR] AppliInfo:139 - Unknown STM32CubeMX version: 6.18.0
2026-09-03 18:37:25,555 [ERROR] AppliInfo:139 - Unknown STM32CubeMX version: 6.18.0
2026-09-03 18:37:25,555 [ERROR] AppliInfo:139 - Unknown STM32CubeMX version: 6.18.0
2026-09-03 18:37:25,555 [ERROR] AppliInfo:139 - Unknown STM32CubeMX version: 6.18.0
2026-09-03 18:37:25,555 [ERROR] AppliInfo:139 - Unknown STM32CubeMX version: 6.18.0
2026-09-03 18:37:25,556 [ERROR] AppliInfo:139 - Unknown STM32CubeMX version: 6.18.0
2026-09-03 18:37:25,556 [ERROR] AppliInfo:139 - Unknown STM32CubeMX version: 6.18.0
2026-09-03 18:37:25,556 [ERROR] AppliInfo:139 - Unknown STM32CubeMX version: 6.18.0
2026-09-03 18:37:25,556 [ERROR] AppliInfo:139 - Unknown STM32CubeMX version: 6.18.0
2026-09-03 18:37:25,556 [ERROR] AppliInfo:139 - Unknown STM32CubeMX version: 6.18.0
2026-09-03 18:37:25,556 [ERROR] AppliInfo:139 - Unknown STM32CubeMX version: 6.18.0
2026-09-03 18:37:25,556 [ERROR] AppliInfo:139 - Unknown STM32CubeMX version: 6.18.0
2026-09-03 18:37:25,557 [ERROR] AppliInfo:139 - Unknown STM32CubeMX version: 6.18.0
2026-09-03 18:37:25,557 [ERROR] AppliInfo:139 - Unknown STM32CubeMX version: 6.18.0
2026-09-03 18:37:25,557 [ERROR] AppliInfo:139 - Unknown STM32CubeMX version: 6.18.0
2026-09-03 18:37:25,557 [ERROR] AppliInfo:139 - Unknown STM32CubeMX version: 6.18.0
2026-09-03 18:37:25,557 [ERROR] AppliInfo:139 - Unknown STM32CubeMX version: 6.18.0
2026-09-03 18:37:25,558 [ERROR] AppliInfo:139 - Unknown STM32CubeMX version: 6.18.0
2026-09-03 18:37:25,558 [ERROR] AppliInfo:139 - Unknown STM32CubeMX version: 6.18.0
2026-09-03 18:37:25,558 [ERROR] AppliInfo:139 - Unknown STM32CubeMX version: 6.18.0
2026-09-03 18:37:25,560 [ERROR] AppliInfo:139 - Unknown STM32CubeMX version: 6.14.0
2026-09-03 18:37:25,560 [ERROR] AppliInfo:139 - Unknown STM32CubeMX version: 6.14.0
2026-09-03 18:37:25,560 [ERROR] AppliInfo:139 - Unknown STM32CubeMX version: 6.14.0
2026-09-03 18:37:25,569 [ERROR] AppliInfo:139 - Unknown STM32CubeMX version: 6.18.0
2026-09-03 18:37:25,569 [ERROR] AppliInfo:139 - Unknown STM32CubeMX version: 6.18.0
2026-09-03 18:37:25,569 [ERROR] AppliInfo:139 - Unknown STM32CubeMX version: 6.18.0
2026-09-03 18:37:25,570 [ERROR] AppliInfo:139 - Unknown STM32CubeMX version: 6.18.0
2026-09-03 18:37:25,570 [ERROR] AppliInfo:139 - Unknown STM32CubeMX version: 6.14.0
2026-09-03 18:37:25,570 [ERROR] AppliInfo:139 - Unknown STM32CubeMX version: 6.18.0
2026-09-03 18:37:25,571 [ERROR] AppliInfo:139 - Unknown STM32CubeMX version: 6.18.0
2026-09-03 18:37:25,571 [ERROR] AppliInfo:139 - Unknown STM32CubeMX version: 6.17.0
2026-09-03 18:37:25,572 [ERROR] AppliInfo:139 - Unknown STM32CubeMX version: 6.18.0
2026-09-03 18:37:25,572 [ERROR] AppliInfo:139 - Unknown STM32CubeMX version: 6.18.0
2026-09-03 18:37:25,573 [ERROR] AppliInfo:139 - Unknown STM32CubeMX version: 6.18.0
2026-09-03 18:37:25,573 [ERROR] AppliInfo:139 - Unknown STM32CubeMX version: 6.13.0
2026-09-03 18:37:25,575 [ERROR] AppliInfo:139 - Unknown STM32CubeMX version: 6.18.0
2026-09-03 18:37:25,576 [ERROR] AppliInfo:139 - Unknown STM32CubeMX version: 6.17.0
2026-09-03 18:37:25,576 [ERROR] AppliInfo:139 - Unknown STM32CubeMX version: 6.12.0
2026-09-03 18:37:25,576 [ERROR] AppliInfo:139 - Unknown STM32CubeMX version: 6.12.0
2026-09-03 18:37:25,576 [ERROR] AppliInfo:139 - Unknown STM32CubeMX version: 6.12.0
2026-09-03 18:37:25,578 [ERROR] AppliInfo:139 - Unknown STM32CubeMX version: 6.13.0
2026-09-03 18:37:25,579 [ERROR] AppliInfo:139 - Unknown STM32CubeMX version: 6.18.0
2026-09-03 18:37:25,579 [ERROR] AppliInfo:139 - Unknown STM32CubeMX version: 6.18.0
2026-09-03 18:37:25,579 [ERROR] AppliInfo:139 - Unknown STM32CubeMX version: 6.18.0
2026-09-03 18:37:25,579 [ERROR] AppliInfo:139 - Unknown STM32CubeMX version: 6.18.0
2026-09-03 18:37:25,579 [ERROR] AppliInfo:139 - Unknown STM32CubeMX version: 6.13.0
2026-09-03 18:37:25,579 [ERROR] AppliInfo:139 - Unknown STM32CubeMX version: 6.13.0
2026-09-03 18:37:25,579 [ERROR] AppliInfo:139 - Unknown STM32CubeMX version: 6.18.0
2026-09-03 18:37:25,580 [ERROR] AppliInfo:139 - Unknown STM32CubeMX version: 6.17.0
2026-09-03 18:37:25,580 [ERROR] AppliInfo:139 - Unknown STM32CubeMX version: 6.17.0
2026-09-03 18:37:25,580 [ERROR] AppliInfo:139 - Unknown STM32CubeMX version: 6.17.0
2026-09-03 18:37:25,580 [ERROR] AppliInfo:139 - Unknown STM32CubeMX version: 6.17.0
2026-09-03 18:37:25,580 [ERROR] AppliInfo:139 - Unknown STM32CubeMX version: 6.17.0
2026-09-03 18:37:25,580 [ERROR] AppliInfo:139 - Unknown STM32CubeMX version: 6.18.0
2026-09-03 18:37:25,580 [ERROR] AppliInfo:139 - Unknown STM32CubeMX version: 6.18.0
2026-09-03 18:37:25,580 [ERROR] AppliInfo:139 - Unknown STM32CubeMX version: 6.18.0
2026-09-03 18:37:25,580 [ERROR] AppliInfo:139 - Unknown STM32CubeMX version: 6.17.0
2026-09-03 18:37:25,580 [ERROR] AppliInfo:139 - Unknown STM32CubeMX version: 6.17.0
2026-09-03 18:37:25,580 [ERROR] AppliInfo:139 - Unknown STM32CubeMX version: 6.17.0
2026-09-03 18:37:25,581 [ERROR] AppliInfo:139 - Unknown STM32CubeMX version: 6.17.0
2026-09-03 18:37:25,581 [ERROR] AppliInfo:139 - Unknown STM32CubeMX version: 6.17.0
2026-09-03 18:37:25,581 [ERROR] AppliInfo:139 - Unknown STM32CubeMX version: 6.17.0
2026-09-03 18:37:25,581 [ERROR] AppliInfo:139 - Unknown STM32CubeMX version: 6.17.0
2026-09-03 18:37:25,581 [ERROR] AppliInfo:139 - Unknown STM32CubeMX version: 6.17.0
2026-09-03 18:37:25,581 [ERROR] AppliInfo:139 - Unknown STM32CubeMX version: 6.17.0
2026-09-03 18:37:25,581 [ERROR] AppliInfo:139 - Unknown STM32CubeMX version: 6.17.0
2026-09-03 18:37:25,581 [ERROR] AppliInfo:139 - Unknown STM32CubeMX version: 6.17.0
2026-09-03 18:37:25,581 [ERROR] AppliInfo:139 - Unknown STM32CubeMX version: 6.17.0
2026-09-03 18:37:25,581 [ERROR] AppliInfo:139 - Unknown STM32CubeMX version: 6.17.0
2026-09-03 18:37:25,581 [ERROR] AppliInfo:139 - Unknown STM32CubeMX version: 6.17.0
2026-09-03 18:37:25,582 [ERROR] AppliInfo:139 - Unknown STM32CubeMX version: 6.17.0
2026-09-03 18:37:25,582 [ERROR] AppliInfo:139 - Unknown STM32CubeMX version: 6.17.0
2026-09-03 18:37:25,582 [ERROR] AppliInfo:139 - Unknown STM32CubeMX version: 6.17.0
2026-09-03 18:37:25,582 [ERROR] AppliInfo:139 - Unknown STM32CubeMX version: 6.17.0
2026-09-03 18:37:25,582 [ERROR] AppliInfo:139 - Unknown STM32CubeMX version: 6.17.0
2026-09-03 18:37:25,583 [ERROR] AppliInfo:139 - Unknown STM32CubeMX version: 6.17.0
2026-09-03 18:37:25,583 [ERROR] AppliInfo:139 - Unknown STM32CubeMX version: 6.17.0
2026-09-03 18:37:25,583 [ERROR] AppliInfo:139 - Unknown STM32CubeMX version: 6.17.0
2026-09-03 18:37:25,583 [ERROR] AppliInfo:139 - Unknown STM32CubeMX version: 6.17.0
2026-09-03 18:37:25,583 [ERROR] AppliInfo:139 - Unknown STM32CubeMX version: 6.17.0
2026-09-03 18:37:25,583 [ERROR] AppliInfo:139 - Unknown STM32CubeMX version: 6.17.0
2026-09-03 18:37:25,583 [ERROR] AppliInfo:139 - Unknown STM32CubeMX version: 6.17.0
2026-09-03 18:37:25,583 [ERROR] AppliInfo:139 - Unknown STM32CubeMX version: 6.17.0
2026-09-03 18:37:25,583 [ERROR] AppliInfo:139 - Unknown STM32CubeMX version: 6.17.0
2026-09-03 18:37:25,584 [ERROR] AppliInfo:139 - Unknown STM32CubeMX version: 6.17.0
2026-09-03 18:37:25,584 [ERROR] AppliInfo:139 - Unknown STM32CubeMX version: 6.17.0
2026-09-03 18:37:25,584 [ERROR] AppliInfo:139 - Unknown STM32CubeMX version: 6.17.0
2026-09-03 18:37:25,584 [ERROR] AppliInfo:139 - Unknown STM32CubeMX version: 6.17.0
2026-09-03 18:37:25,584 [ERROR] AppliInfo:139 - Unknown STM32CubeMX version: 6.17.0
2026-09-03 18:37:25,584 [ERROR] AppliInfo:139 - Unknown STM32CubeMX version: 6.17.0
2026-09-03 18:37:25,584 [ERROR] AppliInfo:139 - Unknown STM32CubeMX version: 6.18.0
2026-09-03 18:37:25,585 [ERROR] AppliInfo:139 - Unknown STM32CubeMX version: 6.18.0
2026-09-03 18:37:25,593 [ERROR] AppliInfo:139 - Unknown STM32CubeMX version: 6.18.0
2026-09-03 18:37:25,593 [ERROR] AppliInfo:139 - Unknown STM32CubeMX version: 6.18.0
2026-09-03 18:37:25,594 [ERROR] AppliInfo:139 - Unknown STM32CubeMX version: 6.18.0
2026-09-03 18:37:25,594 [ERROR] AppliInfo:139 - Unknown STM32CubeMX version: 6.18.0
2026-09-03 18:37:25,594 [ERROR] AppliInfo:139 - Unknown STM32CubeMX version: 6.18.0
2026-09-03 18:37:25,594 [ERROR] AppliInfo:139 - Unknown STM32CubeMX version: 6.18.0
2026-09-03 18:37:25,594 [ERROR] AppliInfo:139 - Unknown STM32CubeMX version: 6.17.0
2026-09-03 18:37:25,594 [ERROR] AppliInfo:139 - Unknown STM32CubeMX version: 6.17.0
2026-09-03 18:37:25,594 [ERROR] AppliInfo:139 - Unknown STM32CubeMX version: 6.17.0
2026-09-03 18:37:25,594 [ERROR] AppliInfo:139 - Unknown STM32CubeMX version: 6.17.0
2026-09-03 18:37:25,594 [ERROR] AppliInfo:139 - Unknown STM32CubeMX version: 6.17.0
2026-09-03 18:37:25,595 [ERROR] AppliInfo:139 - Unknown STM32CubeMX version: 6.17.0
2026-09-03 18:37:25,595 [ERROR] AppliInfo:139 - Unknown STM32CubeMX version: 6.17.0
2026-09-03 18:37:25,595 [ERROR] AppliInfo:139 - Unknown STM32CubeMX version: 6.17.0
2026-09-03 18:37:25,595 [ERROR] AppliInfo:139 - Unknown STM32CubeMX version: 6.18.0
2026-09-03 18:37:25,595 [ERROR] AppliInfo:139 - Unknown STM32CubeMX version: 6.17.0
2026-09-03 18:37:25,595 [ERROR] AppliInfo:139 - Unknown STM32CubeMX version: 6.17.0
2026-09-03 18:37:25,595 [ERROR] AppliInfo:139 - Unknown STM32CubeMX version: 6.17.0
2026-09-03 18:37:25,595 [ERROR] AppliInfo:139 - Unknown STM32CubeMX version: 6.17.0
2026-09-03 18:37:25,595 [ERROR] AppliInfo:139 - Unknown STM32CubeMX version: 6.17.0
2026-09-03 18:37:25,595 [ERROR] AppliInfo:139 - Unknown STM32CubeMX version: 6.17.0
2026-09-03 18:37:25,595 [ERROR] AppliInfo:139 - Unknown STM32CubeMX version: 6.17.0
2026-09-03 18:37:25,596 [ERROR] AppliInfo:139 - Unknown STM32CubeMX version: 6.17.0
2026-09-03 18:37:25,596 [ERROR] AppliInfo:139 - Unknown STM32CubeMX version: 6.17.0
2026-09-03 18:37:25,596 [ERROR] AppliInfo:139 - Unknown STM32CubeMX version: 6.17.0
2026-09-03 18:37:25,596 [ERROR] AppliInfo:139 - Unknown STM32CubeMX version: 6.17.0
2026-09-03 18:37:25,596 [ERROR] AppliInfo:139 - Unknown STM32CubeMX version: 6.17.0
2026-09-03 18:37:25,596 [ERROR] AppliInfo:139 - Unknown STM32CubeMX version: 6.17.0
2026-09-03 18:37:25,596 [ERROR] AppliInfo:139 - Unknown STM32CubeMX version: 6.17.0
2026-09-03 18:37:25,596 [ERROR] AppliInfo:139 - Unknown STM32CubeMX version: 6.17.0
2026-09-03 18:37:25,596 [ERROR] AppliInfo:139 - Unknown STM32CubeMX version: 6.18.0
2026-09-03 18:37:25,597 [ERROR] AppliInfo:139 - Unknown STM32CubeMX version: 6.18.0
2026-09-03 18:37:25,597 [ERROR] AppliInfo:139 - Unknown STM32CubeMX version: 6.18.0
2026-09-03 18:37:25,597 [ERROR] AppliInfo:139 - Unknown STM32CubeMX version: 6.18.0
2026-09-03 18:37:25,597 [ERROR] AppliInfo:139 - Unknown STM32CubeMX version: 6.18.0
2026-09-03 18:37:25,597 [ERROR] AppliInfo:139 - Unknown STM32CubeMX version: 6.18.0
2026-09-03 18:37:25,597 [ERROR] AppliInfo:139 - Unknown STM32CubeMX version: 6.18.0
2026-09-03 18:37:25,597 [ERROR] AppliInfo:139 - Unknown STM32CubeMX version: 6.18.0
2026-09-03 18:37:25,597 [ERROR] AppliInfo:139 - Unknown STM32CubeMX version: 6.18.0
2026-09-03 18:37:25,597 [ERROR] AppliInfo:139 - Unknown STM32CubeMX version: 6.18.0
2026-09-03 18:37:25,597 [ERROR] AppliInfo:139 - Unknown STM32CubeMX version: 6.18.0
2026-09-03 18:37:25,597 [ERROR] AppliInfo:139 - Unknown STM32CubeMX version: 6.18.0
2026-09-03 18:37:25,597 [ERROR] AppliInfo:139 - Unknown STM32CubeMX version: 6.18.0
2026-09-03 18:37:25,598 [ERROR] AppliInfo:139 - Unknown STM32CubeMX version: 6.18.0
2026-09-03 18:37:25,598 [ERROR] AppliInfo:139 - Unknown STM32CubeMX version: 6.18.0
2026-09-03 18:37:25,598 [ERROR] AppliInfo:139 - Unknown STM32CubeMX version: 6.18.0
2026-09-03 18:37:25,598 [ERROR] AppliInfo:139 - Unknown STM32CubeMX version: 6.18.0
2026-09-03 18:37:25,598 [ERROR] AppliInfo:139 - Unknown STM32CubeMX version: 6.18.0
2026-09-03 18:37:25,598 [ERROR] AppliInfo:139 - Unknown STM32CubeMX version: 6.18.0
2026-09-03 18:37:25,599 [ERROR] AppliInfo:139 - Unknown STM32CubeMX version: 6.18.0
2026-09-03 18:37:25,599 [ERROR] AppliInfo:139 - Unknown STM32CubeMX version: 6.18.0
2026-09-03 18:37:25,599 [ERROR] AppliInfo:139 - Unknown STM32CubeMX version: 6.18.0
2026-09-03 18:37:25,599 [ERROR] AppliInfo:139 - Unknown STM32CubeMX version: 6.18.0
2026-09-03 18:37:25,599 [ERROR] AppliInfo:139 - Unknown STM32CubeMX version: 6.18.0
2026-09-03 18:37:25,680 [ERROR] AppliInfo:139 - Unknown STM32CubeMX version: 6.14.0
2026-09-03 18:37:25,681 [ERROR] AppliInfo:139 - Unknown STM32CubeMX version: 6.14.0
2026-09-03 18:37:25,681 [ERROR] AppliInfo:139 - Unknown STM32CubeMX version: 6.14.0
2026-09-03 18:37:25,681 [ERROR] AppliInfo:139 - Unknown STM32CubeMX version: 6.16.0
2026-09-03 18:37:25,681 [ERROR] AppliInfo:139 - Unknown STM32CubeMX version: 6.16.0
2026-09-03 18:37:25,681 [ERROR] AppliInfo:139 - Unknown STM32CubeMX version: 6.16.0
2026-09-03 18:37:25,681 [ERROR] AppliInfo:139 - Unknown STM32CubeMX version: 6.16.0
2026-09-03 18:37:25,681 [ERROR] AppliInfo:139 - Unknown STM32CubeMX version: 6.16.0
2026-09-03 18:37:25,681 [ERROR] AppliInfo:139 - Unknown STM32CubeMX version: 6.14.0
2026-09-03 18:37:25,681 [ERROR] AppliInfo:139 - Unknown STM32CubeMX version: 6.14.0
2026-09-03 18:37:25,682 [ERROR] AppliInfo:139 - Unknown STM32CubeMX version: 6.14.0
2026-09-03 18:37:25,682 [ERROR] AppliInfo:139 - Unknown STM32CubeMX version: 6.14.0
2026-09-03 18:37:25,683 [ERROR] AppliInfo:139 - Unknown STM32CubeMX version: 6.15.0
2026-09-03 18:37:25,683 [ERROR] AppliInfo:139 - Unknown STM32CubeMX version: 6.15.0
2026-09-03 18:37:25,683 [ERROR] AppliInfo:139 - Unknown STM32CubeMX version: 6.15.0
2026-09-03 18:37:25,683 [ERROR] AppliInfo:139 - Unknown STM32CubeMX version: 6.15.0
2026-09-03 18:37:25,683 [ERROR] AppliInfo:139 - Unknown STM32CubeMX version: 6.15.0
2026-09-03 18:37:25,684 [ERROR] AppliInfo:139 - Unknown STM32CubeMX version: 6.15.0
2026-09-03 18:37:25,684 [ERROR] AppliInfo:139 - Unknown STM32CubeMX version: 6.15.0
2026-09-03 18:37:25,696 [ERROR] AppliInfo:139 - Unknown STM32CubeMX version: 6.12.0
2026-09-03 18:37:25,697 [ERROR] AppliInfo:139 - Unknown STM32CubeMX version: 6.15.0
2026-09-03 18:37:25,700 [ERROR] AppliInfo:139 - Unknown STM32CubeMX version: 6.14.0
2026-09-03 18:37:25,700 [ERROR] AppliInfo:139 - Unknown STM32CubeMX version: 6.14.0
2026-09-03 18:37:25,700 [ERROR] AppliInfo:139 - Unknown STM32CubeMX version: 6.14.0
2026-09-03 18:37:25,700 [ERROR] AppliInfo:139 - Unknown STM32CubeMX version: 6.14.0
2026-09-03 18:37:25,700 [ERROR] AppliInfo:139 - Unknown STM32CubeMX version: 6.14.0
2026-09-03 18:37:25,700 [ERROR] AppliInfo:139 - Unknown STM32CubeMX version: 6.14.0
2026-09-03 18:37:25,700 [ERROR] AppliInfo:139 - Unknown STM32CubeMX version: 6.14.0
2026-09-03 18:37:25,701 [ERROR] AppliInfo:139 - Unknown STM32CubeMX version: 6.14.0
2026-09-03 18:37:25,701 [ERROR] AppliInfo:139 - Unknown STM32CubeMX version: 6.14.0
2026-09-03 18:37:25,702 [ERROR] AppliInfo:139 - Unknown STM32CubeMX version: 6.13.0
2026-09-03 18:37:25,702 [ERROR] AppliInfo:139 - Unknown STM32CubeMX version: 6.13.0
2026-09-03 18:37:25,702 [ERROR] AppliInfo:139 - Unknown STM32CubeMX version: 6.13.0
2026-09-03 18:37:25,702 [ERROR] AppliInfo:139 - Unknown STM32CubeMX version: 6.13.0
2026-09-03 18:37:25,703 [ERROR] AppliInfo:139 - Unknown STM32CubeMX version: 6.16.0
2026-09-03 18:37:25,703 [ERROR] AppliInfo:139 - Unknown STM32CubeMX version: 6.16.0
2026-09-03 18:37:25,703 [ERROR] AppliInfo:139 - Unknown STM32CubeMX version: 6.16.0
2026-09-03 18:37:25,704 [ERROR] AppliInfo:139 - Unknown STM32CubeMX version: 6.14.0
2026-09-03 18:37:25,704 [ERROR] AppliInfo:139 - Unknown STM32CubeMX version: 6.14.0
2026-09-03 18:37:25,704 [ERROR] AppliInfo:139 - Unknown STM32CubeMX version: 6.16.0
2026-09-03 18:37:25,705 [ERROR] AppliInfo:139 - Unknown STM32CubeMX version: 6.12.0
2026-09-03 18:37:25,705 [ERROR] AppliInfo:139 - Unknown STM32CubeMX version: 6.12.0
2026-09-03 18:37:25,705 [ERROR] AppliInfo:139 - Unknown STM32CubeMX version: 6.12.0
2026-09-03 18:37:25,705 [ERROR] AppliInfo:139 - Unknown STM32CubeMX version: 6.12.0
2026-09-03 18:37:25,705 [ERROR] AppliInfo:139 - Unknown STM32CubeMX version: 6.12.0
2026-09-03 18:37:25,705 [ERROR] AppliInfo:139 - Unknown STM32CubeMX version: 6.12.0
2026-09-03 18:37:25,705 [ERROR] AppliInfo:139 - Unknown STM32CubeMX version: 6.12.0
2026-09-03 18:37:25,706 [ERROR] AppliInfo:139 - Unknown STM32CubeMX version: 6.12.0
2026-09-03 18:37:25,706 [ERROR] AppliInfo:139 - Unknown STM32CubeMX version: 6.13.0
2026-09-03 18:37:25,706 [ERROR] AppliInfo:139 - Unknown STM32CubeMX version: 6.12.0
2026-09-03 18:37:25,706 [ERROR] AppliInfo:139 - Unknown STM32CubeMX version: 6.12.0
2026-09-03 18:37:25,706 [ERROR] AppliInfo:139 - Unknown STM32CubeMX version: 6.12.0
2026-09-03 18:37:25,706 [ERROR] AppliInfo:139 - Unknown STM32CubeMX version: 6.12.0
2026-09-03 18:37:25,706 [ERROR] AppliInfo:139 - Unknown STM32CubeMX version: 6.13.0
2026-09-03 18:37:25,855 [ERROR] AppliInfo:139 - Unknown STM32CubeMX version: 6.16.0
2026-09-03 18:37:25,857 [ERROR] AppliInfo:139 - Unknown STM32CubeMX version: 6.16.0
2026-09-03 18:37:25,881 [ERROR] AppliInfo:139 - Unknown STM32CubeMX version: 6.16.0
2026-09-03 18:37:25,882 [ERROR] AppliInfo:139 - Unknown STM32CubeMX version: 6.18.0
2026-09-03 18:37:25,883 [ERROR] AppliInfo:139 - Unknown STM32CubeMX version: 6.18.0
2026-09-03 18:37:25,883 [ERROR] AppliInfo:139 - Unknown STM32CubeMX version: 6.18.0
2026-09-03 18:37:25,883 [ERROR] AppliInfo:139 - Unknown STM32CubeMX version: 6.18.0
2026-09-03 18:37:25,883 [ERROR] AppliInfo:139 - Unknown STM32CubeMX version: 6.18.0
2026-09-03 18:37:25,883 [ERROR] AppliInfo:139 - Unknown STM32CubeMX version: 6.18.0
2026-09-03 18:37:25,883 [ERROR] AppliInfo:139 - Unknown STM32CubeMX version: 6.18.0
2026-09-03 18:37:25,883 [ERROR] AppliInfo:139 - Unknown STM32CubeMX version: 6.18.0
2026-09-03 18:37:25,883 [ERROR] AppliInfo:139 - Unknown STM32CubeMX version: 6.18.0
2026-09-03 18:37:25,883 [ERROR] AppliInfo:139 - Unknown STM32CubeMX version: 6.18.0
2026-09-03 18:37:25,883 [ERROR] AppliInfo:139 - Unknown STM32CubeMX version: 6.18.0
2026-09-03 18:37:25,884 [ERROR] AppliInfo:139 - Unknown STM32CubeMX version: 6.18.0
2026-09-03 18:37:25,884 [ERROR] AppliInfo:139 - Unknown STM32CubeMX version: 6.18.0
2026-09-03 18:37:25,884 [ERROR] AppliInfo:139 - Unknown STM32CubeMX version: 6.18.0
2026-09-03 18:37:25,884 [ERROR] AppliInfo:139 - Unknown STM32CubeMX version: 6.18.0
2026-09-03 18:37:25,884 [ERROR] AppliInfo:139 - Unknown STM32CubeMX version: 6.17.0
2026-09-03 18:37:25,884 [ERROR] AppliInfo:139 - Unknown STM32CubeMX version: 6.13.0
2026-09-03 18:37:25,884 [ERROR] AppliInfo:139 - Unknown STM32CubeMX version: 6.15.0
2026-09-03 18:37:25,884 [ERROR] AppliInfo:139 - Unknown STM32CubeMX version: 6.13.0
2026-09-03 18:37:25,884 [ERROR] AppliInfo:139 - Unknown STM32CubeMX version: 6.16.0
2026-09-03 18:37:25,884 [ERROR] AppliInfo:139 - Unknown STM32CubeMX version: 6.14.0
2026-09-03 18:37:25,884 [ERROR] AppliInfo:139 - Unknown STM32CubeMX version: 6.13.0
2026-09-03 18:37:25,884 [ERROR] AppliInfo:139 - Unknown STM32CubeMX version: 6.13.0
2026-09-03 18:37:25,885 [ERROR] AppliInfo:139 - Unknown STM32CubeMX version: 6.13.0
2026-09-03 18:37:25,885 [ERROR] AppliInfo:139 - Unknown STM32CubeMX version: 6.13.0
2026-09-03 18:37:25,885 [ERROR] AppliInfo:139 - Unknown STM32CubeMX version: 6.13.0
2026-09-03 18:37:25,885 [ERROR] AppliInfo:139 - Unknown STM32CubeMX version: 6.13.0
2026-09-03 18:37:25,885 [ERROR] AppliInfo:139 - Unknown STM32CubeMX version: 6.13.0
2026-09-03 18:37:25,885 [ERROR] AppliInfo:139 - Unknown STM32CubeMX version: 6.15.0
2026-09-03 18:37:25,885 [ERROR] AppliInfo:139 - Unknown STM32CubeMX version: 6.13.0
2026-09-03 18:37:25,885 [ERROR] AppliInfo:139 - Unknown STM32CubeMX version: 6.13.0
2026-09-03 18:37:25,885 [ERROR] AppliInfo:139 - Unknown STM32CubeMX version: 6.13.0
2026-09-03 18:37:25,885 [ERROR] AppliInfo:139 - Unknown STM32CubeMX version: 6.16.0
2026-09-03 18:37:25,885 [ERROR] AppliInfo:139 - Unknown STM32CubeMX version: 6.13.0
2026-09-03 18:37:25,885 [ERROR] AppliInfo:139 - Unknown STM32CubeMX version: 6.13.0
2026-09-03 18:37:25,885 [ERROR] AppliInfo:139 - Unknown STM32CubeMX version: 6.16.0
2026-09-03 18:37:25,885 [ERROR] AppliInfo:139 - Unknown STM32CubeMX version: 6.13.0
2026-09-03 18:37:25,886 [ERROR] AppliInfo:139 - Unknown STM32CubeMX version: 6.15.0
2026-09-03 18:37:25,886 [ERROR] AppliInfo:139 - Unknown STM32CubeMX version: 6.13.0
2026-09-03 18:37:25,886 [ERROR] AppliInfo:139 - Unknown STM32CubeMX version: 6.13.0
2026-09-03 18:37:25,886 [ERROR] AppliInfo:139 - Unknown STM32CubeMX version: 6.15.0
2026-09-03 18:37:25,886 [ERROR] AppliInfo:139 - Unknown STM32CubeMX version: 6.13.0
2026-09-03 18:37:25,886 [ERROR] AppliInfo:139 - Unknown STM32CubeMX version: 6.13.0
2026-09-03 18:37:25,886 [ERROR] AppliInfo:139 - Unknown STM32CubeMX version: 6.13.0
2026-09-03 18:37:25,886 [ERROR] AppliInfo:139 - Unknown STM32CubeMX version: 6.13.0
2026-09-03 18:37:25,886 [ERROR] AppliInfo:139 - Unknown STM32CubeMX version: 6.13.0
2026-09-03 18:37:25,886 [ERROR] AppliInfo:139 - Unknown STM32CubeMX version: 6.16.0
2026-09-03 18:37:25,886 [ERROR] AppliInfo:139 - Unknown STM32CubeMX version: 6.13.0
2026-09-03 18:37:25,887 [ERROR] AppliInfo:139 - Unknown STM32CubeMX version: 6.13.0
2026-09-03 18:37:25,887 [ERROR] AppliInfo:139 - Unknown STM32CubeMX version: 6.13.0
2026-09-03 18:37:25,887 [ERROR] AppliInfo:139 - Unknown STM32CubeMX version: 6.13.0
2026-09-03 18:37:25,887 [ERROR] AppliInfo:139 - Unknown STM32CubeMX version: 6.16.0
2026-09-03 18:37:25,887 [ERROR] AppliInfo:139 - Unknown STM32CubeMX version: 6.16.0
2026-09-03 18:37:25,887 [ERROR] AppliInfo:139 - Unknown STM32CubeMX version: 6.16.0
2026-09-03 18:37:25,887 [ERROR] AppliInfo:139 - Unknown STM32CubeMX version: 6.13.0
2026-09-03 18:37:25,887 [ERROR] AppliInfo:139 - Unknown STM32CubeMX version: 6.14.0
2026-09-03 18:37:25,887 [ERROR] AppliInfo:139 - Unknown STM32CubeMX version: 6.13.0
2026-09-03 18:37:25,887 [ERROR] AppliInfo:139 - Unknown STM32CubeMX version: 6.13.0
2026-09-03 18:37:25,887 [ERROR] AppliInfo:139 - Unknown STM32CubeMX version: 6.13.0
2026-09-03 18:37:25,887 [ERROR] AppliInfo:139 - Unknown STM32CubeMX version: 6.13.0
2026-09-03 18:37:25,887 [ERROR] AppliInfo:139 - Unknown STM32CubeMX version: 6.13.0
2026-09-03 18:37:25,887 [ERROR] AppliInfo:139 - Unknown STM32CubeMX version: 6.15.0
2026-09-03 18:37:25,888 [ERROR] AppliInfo:139 - Unknown STM32CubeMX version: 6.15.0
2026-09-03 18:37:25,888 [ERROR] AppliInfo:139 - Unknown STM32CubeMX version: 6.13.0
2026-09-03 18:37:25,888 [ERROR] AppliInfo:139 - Unknown STM32CubeMX version: 6.13.0
2026-09-03 18:37:25,888 [ERROR] AppliInfo:139 - Unknown STM32CubeMX version: 6.13.0
2026-09-03 18:37:25,888 [ERROR] AppliInfo:139 - Unknown STM32CubeMX version: 6.13.0
2026-09-03 18:37:25,888 [ERROR] AppliInfo:139 - Unknown STM32CubeMX version: 6.13.0
2026-09-03 18:37:25,888 [ERROR] AppliInfo:139 - Unknown STM32CubeMX version: 6.13.0
2026-09-03 18:37:25,888 [ERROR] AppliInfo:139 - Unknown STM32CubeMX version: 6.13.0
2026-09-03 18:37:25,888 [ERROR] AppliInfo:139 - Unknown STM32CubeMX version: 6.13.0
2026-09-03 18:37:25,888 [ERROR] AppliInfo:139 - Unknown STM32CubeMX version: 6.13.0
2026-09-03 18:37:25,888 [ERROR] AppliInfo:139 - Unknown STM32CubeMX version: 6.13.0
2026-09-03 18:37:25,888 [ERROR] AppliInfo:139 - Unknown STM32CubeMX version: 6.13.0
2026-09-03 18:37:25,888 [ERROR] AppliInfo:139 - Unknown STM32CubeMX version: 6.13.0
2026-09-03 18:37:25,888 [ERROR] AppliInfo:139 - Unknown STM32CubeMX version: 6.15.0
2026-09-03 18:37:25,888 [ERROR] AppliInfo:139 - Unknown STM32CubeMX version: 6.13.0
2026-09-03 18:37:25,888 [ERROR] AppliInfo:139 - Unknown STM32CubeMX version: 6.15.0
2026-09-03 18:37:25,888 [ERROR] AppliInfo:139 - Unknown STM32CubeMX version: 6.15.0
2026-09-03 18:37:25,888 [ERROR] AppliInfo:139 - Unknown STM32CubeMX version: 6.13.0
2026-09-03 18:37:25,889 [ERROR] AppliInfo:139 - Unknown STM32CubeMX version: 6.13.0
2026-09-03 18:37:25,889 [ERROR] AppliInfo:139 - Unknown STM32CubeMX version: 6.13.0
2026-09-03 18:37:25,889 [ERROR] AppliInfo:139 - Unknown STM32CubeMX version: 6.13.0
2026-09-03 18:37:25,889 [ERROR] AppliInfo:139 - Unknown STM32CubeMX version: 6.13.0
2026-09-03 18:37:25,889 [ERROR] AppliInfo:139 - Unknown STM32CubeMX version: 6.16.0
2026-09-03 18:37:25,889 [ERROR] AppliInfo:139 - Unknown STM32CubeMX version: 6.13.0
2026-09-03 18:37:25,889 [ERROR] AppliInfo:139 - Unknown STM32CubeMX version: 6.13.0
2026-09-03 18:37:25,889 [ERROR] AppliInfo:139 - Unknown STM32CubeMX version: 6.13.0
2026-09-03 18:37:25,889 [ERROR] AppliInfo:139 - Unknown STM32CubeMX version: 6.16.0
2026-09-03 18:37:25,889 [ERROR] AppliInfo:139 - Unknown STM32CubeMX version: 6.13.0
2026-09-03 18:37:25,889 [ERROR] AppliInfo:139 - Unknown STM32CubeMX version: 6.18.0
2026-09-03 18:37:25,889 [ERROR] AppliInfo:139 - Unknown STM32CubeMX version: 6.18.0
2026-09-03 18:37:25,890 [ERROR] AppliInfo:139 - Unknown STM32CubeMX version: 6.18.0
2026-09-03 18:37:25,890 [ERROR] AppliInfo:139 - Unknown STM32CubeMX version: 6.18.0
2026-09-03 18:37:25,890 [ERROR] AppliInfo:139 - Unknown STM32CubeMX version: 6.18.0
2026-09-03 18:37:25,890 [ERROR] AppliInfo:139 - Unknown STM32CubeMX version: 6.18.0
2026-09-03 18:37:25,890 [ERROR] AppliInfo:139 - Unknown STM32CubeMX version: 6.18.0
2026-09-03 18:37:25,890 [ERROR] AppliInfo:139 - Unknown STM32CubeMX version: 6.18.0
2026-09-03 18:37:25,891 [ERROR] AppliInfo:139 - Unknown STM32CubeMX version: 6.13.0
2026-09-03 18:37:25,891 [ERROR] AppliInfo:139 - Unknown STM32CubeMX version: 6.13.0
2026-09-03 18:37:25,891 [ERROR] AppliInfo:139 - Unknown STM32CubeMX version: 6.13.0
2026-09-03 18:37:25,891 [ERROR] AppliInfo:139 - Unknown STM32CubeMX version: 6.13.0
2026-09-03 18:37:25,891 [ERROR] AppliInfo:139 - Unknown STM32CubeMX version: 6.13.0
2026-09-03 18:37:25,891 [ERROR] AppliInfo:139 - Unknown STM32CubeMX version: 6.14.0
2026-09-03 18:37:25,891 [ERROR] AppliInfo:139 - Unknown STM32CubeMX version: 6.16.0
2026-09-03 18:37:25,891 [ERROR] AppliInfo:139 - Unknown STM32CubeMX version: 6.16.0
2026-09-03 18:37:25,891 [ERROR] AppliInfo:139 - Unknown STM32CubeMX version: 6.15.0
2026-09-03 18:37:25,891 [ERROR] AppliInfo:139 - Unknown STM32CubeMX version: 6.13.0
2026-09-03 18:37:25,891 [ERROR] AppliInfo:139 - Unknown STM32CubeMX version: 6.13.0
2026-09-03 18:37:25,892 [ERROR] AppliInfo:139 - Unknown STM32CubeMX version: 6.13.0
2026-09-03 18:37:25,892 [ERROR] AppliInfo:139 - Unknown STM32CubeMX version: 6.15.0
2026-09-03 18:37:25,892 [ERROR] AppliInfo:139 - Unknown STM32CubeMX version: 6.14.0
2026-09-03 18:37:25,892 [ERROR] AppliInfo:139 - Unknown STM32CubeMX version: 6.17.0
2026-09-03 18:37:25,892 [ERROR] AppliInfo:139 - Unknown STM32CubeMX version: 6.17.0
2026-09-03 18:37:25,892 [ERROR] AppliInfo:139 - Unknown STM32CubeMX version: 6.17.0
2026-09-03 18:37:25,892 [ERROR] AppliInfo:139 - Unknown STM32CubeMX version: 6.15.0
2026-09-03 18:37:25,892 [ERROR] AppliInfo:139 - Unknown STM32CubeMX version: 6.15.0
2026-09-03 18:37:25,892 [ERROR] AppliInfo:139 - Unknown STM32CubeMX version: 6.15.0
2026-09-03 18:37:25,893 [ERROR] AppliInfo:139 - Unknown STM32CubeMX version: 6.13.0
2026-09-03 18:37:25,893 [ERROR] AppliInfo:139 - Unknown STM32CubeMX version: 6.13.0
2026-09-03 18:37:25,893 [ERROR] AppliInfo:139 - Unknown STM32CubeMX version: 6.16.0
2026-09-03 18:37:25,893 [ERROR] AppliInfo:139 - Unknown STM32CubeMX version: 6.16.0
2026-09-03 18:37:25,893 [ERROR] AppliInfo:139 - Unknown STM32CubeMX version: 6.13.0
2026-09-03 18:37:25,893 [ERROR] AppliInfo:139 - Unknown STM32CubeMX version: 6.13.0
2026-09-03 18:37:25,893 [ERROR] AppliInfo:139 - Unknown STM32CubeMX version: 6.13.0
2026-09-03 18:37:25,893 [ERROR] AppliInfo:139 - Unknown STM32CubeMX version: 6.14.0
2026-09-03 18:37:25,893 [ERROR] AppliInfo:139 - Unknown STM32CubeMX version: 6.13.0
2026-09-03 18:37:25,893 [ERROR] AppliInfo:139 - Unknown STM32CubeMX version: 6.13.0
2026-09-03 18:37:25,893 [ERROR] AppliInfo:139 - Unknown STM32CubeMX version: 6.13.0
2026-09-03 18:37:25,893 [ERROR] AppliInfo:139 - Unknown STM32CubeMX version: 6.16.0
2026-09-03 18:37:25,894 [ERROR] AppliInfo:139 - Unknown STM32CubeMX version: 6.18.0
2026-09-03 18:37:25,894 [ERROR] AppliInfo:139 - Unknown STM32CubeMX version: 6.18.0
2026-09-03 18:37:25,894 [ERROR] AppliInfo:139 - Unknown STM32CubeMX version: 6.18.0
2026-09-03 18:37:25,894 [ERROR] AppliInfo:139 - Unknown STM32CubeMX version: 6.13.0
2026-09-03 18:37:25,894 [ERROR] AppliInfo:139 - Unknown STM32CubeMX version: 6.16.0
2026-09-03 18:37:25,894 [ERROR] AppliInfo:139 - Unknown STM32CubeMX version: 6.14.0
2026-09-03 18:37:25,894 [ERROR] AppliInfo:139 - Unknown STM32CubeMX version: 6.13.0
2026-09-03 18:37:25,895 [ERROR] AppliInfo:139 - Unknown STM32CubeMX version: 6.14.0
2026-09-03 18:37:25,895 [ERROR] AppliInfo:139 - Unknown STM32CubeMX version: 6.13.0
2026-09-03 18:37:25,895 [ERROR] AppliInfo:139 - Unknown STM32CubeMX version: 6.13.0
2026-09-03 18:37:25,895 [ERROR] AppliInfo:139 - Unknown STM32CubeMX version: 6.14.0
2026-09-03 18:37:25,895 [ERROR] AppliInfo:139 - Unknown STM32CubeMX version: 6.14.0
2026-09-03 18:37:25,895 [ERROR] AppliInfo:139 - Unknown STM32CubeMX version: 6.14.0
2026-09-03 18:37:25,895 [ERROR] AppliInfo:139 - Unknown STM32CubeMX version: 6.14.0
2026-09-03 18:37:25,895 [ERROR] AppliInfo:139 - Unknown STM32CubeMX version: 6.13.0
2026-09-03 18:37:25,895 [ERROR] AppliInfo:139 - Unknown STM32CubeMX version: 6.14.0
2026-09-03 18:37:25,895 [ERROR] AppliInfo:139 - Unknown STM32CubeMX version: 6.16.0
2026-09-03 18:37:25,896 [ERROR] AppliInfo:139 - Unknown STM32CubeMX version: 6.16.0
2026-09-03 18:37:25,896 [ERROR] AppliInfo:139 - Unknown STM32CubeMX version: 6.16.0
2026-09-03 18:37:25,896 [ERROR] AppliInfo:139 - Unknown STM32CubeMX version: 6.14.0
2026-09-03 18:37:25,896 [ERROR] AppliInfo:139 - Unknown STM32CubeMX version: 6.14.0
2026-09-03 18:37:25,896 [ERROR] AppliInfo:139 - Unknown STM32CubeMX version: 6.16.0
2026-09-03 18:37:25,896 [ERROR] AppliInfo:139 - Unknown STM32CubeMX version: 6.14.0
2026-09-03 18:37:25,896 [ERROR] AppliInfo:139 - Unknown STM32CubeMX version: 6.14.0
2026-09-03 18:37:25,896 [ERROR] AppliInfo:139 - Unknown STM32CubeMX version: 6.14.0
2026-09-03 18:37:25,896 [ERROR] AppliInfo:139 - Unknown STM32CubeMX version: 6.13.0
2026-09-03 18:37:25,896 [ERROR] AppliInfo:139 - Unknown STM32CubeMX version: 6.13.0
2026-09-03 18:37:25,897 [ERROR] AppliInfo:139 - Unknown STM32CubeMX version: 6.13.0
2026-09-03 18:37:25,897 [ERROR] AppliInfo:139 - Unknown STM32CubeMX version: 6.13.0
2026-09-03 18:37:25,897 [ERROR] AppliInfo:139 - Unknown STM32CubeMX version: 6.14.0
2026-09-03 18:37:25,897 [ERROR] AppliInfo:139 - Unknown STM32CubeMX version: 6.13.0
2026-09-03 18:37:25,897 [ERROR] AppliInfo:139 - Unknown STM32CubeMX version: 6.14.0
2026-09-03 18:37:25,897 [ERROR] AppliInfo:139 - Unknown STM32CubeMX version: 6.17.0
2026-09-03 18:37:25,897 [ERROR] AppliInfo:139 - Unknown STM32CubeMX version: 6.18.0
2026-09-03 18:37:25,897 [ERROR] AppliInfo:139 - Unknown STM32CubeMX version: 6.18.0
2026-09-03 18:37:25,900 [ERROR] AppliInfo:139 - Unknown STM32CubeMX version: 6.13.0
2026-09-03 18:37:25,900 [ERROR] AppliInfo:139 - Unknown STM32CubeMX version: 6.13.0
2026-09-03 18:37:25,900 [ERROR] AppliInfo:139 - Unknown STM32CubeMX version: 6.13.0
2026-09-03 18:37:25,900 [ERROR] AppliInfo:139 - Unknown STM32CubeMX version: 6.13.0
2026-09-03 18:37:25,916 [ERROR] AppliInfo:139 - Unknown STM32CubeMX version: 6.12.0
2026-09-03 18:37:25,918 [ERROR] AppliInfo:139 - Unknown STM32CubeMX version: 6.13.0
2026-09-03 18:37:25,918 [ERROR] AppliInfo:139 - Unknown STM32CubeMX version: 6.13.0
2026-09-03 18:37:25,918 [ERROR] AppliInfo:139 - Unknown STM32CubeMX version: 6.13.0
2026-09-03 18:37:25,918 [ERROR] AppliInfo:139 - Unknown STM32CubeMX version: 6.13.0
2026-09-03 18:37:25,919 [ERROR] AppliInfo:139 - Unknown STM32CubeMX version: 6.13.0
2026-09-03 18:37:25,919 [ERROR] AppliInfo:139 - Unknown STM32CubeMX version: 6.13.0
2026-09-03 18:37:25,919 [ERROR] AppliInfo:139 - Unknown STM32CubeMX version: 6.12.0
2026-09-03 18:37:25,919 [ERROR] AppliInfo:139 - Unknown STM32CubeMX version: 6.12.0
2026-09-03 18:37:25,919 [ERROR] AppliInfo:139 - Unknown STM32CubeMX version: 6.12.0
2026-09-03 18:37:25,919 [ERROR] AppliInfo:139 - Unknown STM32CubeMX version: 6.12.0
2026-09-03 18:37:25,919 [ERROR] AppliInfo:139 - Unknown STM32CubeMX version: 6.12.0
2026-09-03 18:37:25,919 [ERROR] AppliInfo:139 - Unknown STM32CubeMX version: 6.12.0
2026-09-03 18:37:25,919 [ERROR] AppliInfo:139 - Unknown STM32CubeMX version: 6.12.0
2026-09-03 18:37:25,919 [ERROR] AppliInfo:139 - Unknown STM32CubeMX version: 6.12.0
2026-09-03 18:37:25,920 [ERROR] AppliInfo:139 - Unknown STM32CubeMX version: 6.12.0
2026-09-03 18:37:25,920 [ERROR] AppliInfo:139 - Unknown STM32CubeMX version: 6.12.0
2026-09-03 18:37:25,920 [ERROR] AppliInfo:139 - Unknown STM32CubeMX version: 6.12.0
2026-09-03 18:37:25,920 [ERROR] AppliInfo:139 - Unknown STM32CubeMX version: 6.12.0
2026-09-03 18:37:25,920 [ERROR] AppliInfo:139 - Unknown STM32CubeMX version: 6.12.0
2026-09-03 18:37:25,920 [ERROR] AppliInfo:139 - Unknown STM32CubeMX version: 6.12.0
2026-09-03 18:37:25,920 [ERROR] AppliInfo:139 - Unknown STM32CubeMX version: 6.12.0
2026-09-03 18:37:25,920 [ERROR] AppliInfo:139 - Unknown STM32CubeMX version: 6.12.0
2026-09-03 18:37:25,920 [ERROR] AppliInfo:139 - Unknown STM32CubeMX version: 6.12.0
2026-09-03 18:37:25,920 [ERROR] AppliInfo:139 - Unknown STM32CubeMX version: 6.12.0
2026-09-03 18:37:25,920 [ERROR] AppliInfo:139 - Unknown STM32CubeMX version: 6.12.0
2026-09-03 18:37:25,920 [ERROR] AppliInfo:139 - Unknown STM32CubeMX version: 6.12.0
2026-09-03 18:37:25,920 [ERROR] AppliInfo:139 - Unknown STM32CubeMX version: 6.12.0
2026-09-03 18:37:25,920 [ERROR] AppliInfo:139 - Unknown STM32CubeMX version: 6.12.0
2026-09-03 18:37:25,921 [ERROR] AppliInfo:139 - Unknown STM32CubeMX version: 6.12.0
2026-09-03 18:37:25,921 [ERROR] AppliInfo:139 - Unknown STM32CubeMX version: 6.12.0
2026-09-03 18:37:25,921 [ERROR] AppliInfo:139 - Unknown STM32CubeMX version: 6.12.0
2026-09-03 18:37:25,921 [ERROR] AppliInfo:139 - Unknown STM32CubeMX version: 6.12.0
2026-09-03 18:37:25,921 [ERROR] AppliInfo:139 - Unknown STM32CubeMX version: 6.12.0
2026-09-03 18:37:25,921 [ERROR] AppliInfo:139 - Unknown STM32CubeMX version: 6.12.0
2026-09-03 18:37:25,922 [ERROR] AppliInfo:139 - Unknown STM32CubeMX version: 6.18.0
2026-09-03 18:37:25,923 [ERROR] AppliInfo:139 - Unknown STM32CubeMX version: 6.18.0
2026-09-03 18:37:25,923 [ERROR] AppliInfo:139 - Unknown STM32CubeMX version: 6.18.0
2026-09-03 18:37:25,923 [ERROR] AppliInfo:139 - Unknown STM32CubeMX version: 6.13.0
2026-09-03 18:37:25,923 [ERROR] AppliInfo:139 - Unknown STM32CubeMX version: 6.13.0
2026-09-03 18:37:25,923 [ERROR] AppliInfo:139 - Unknown STM32CubeMX version: 6.13.0
2026-09-03 18:37:25,923 [ERROR] AppliInfo:139 - Unknown STM32CubeMX version: 6.13.0
2026-09-03 18:37:25,923 [ERROR] AppliInfo:139 - Unknown STM32CubeMX version: 6.13.0
2026-09-03 18:37:25,924 [ERROR] AppliInfo:139 - Unknown STM32CubeMX version: 6.13.0
2026-09-03 18:37:25,924 [ERROR] AppliInfo:139 - Unknown STM32CubeMX version: 6.13.0
2026-09-03 18:37:25,924 [ERROR] AppliInfo:139 - Unknown STM32CubeMX version: 6.14.0
2026-09-03 18:37:25,924 [ERROR] AppliInfo:139 - Unknown STM32CubeMX version: 6.13.0
2026-09-03 18:37:25,924 [ERROR] AppliInfo:139 - Unknown STM32CubeMX version: 6.13.0
2026-09-03 18:37:25,924 [ERROR] AppliInfo:139 - Unknown STM32CubeMX version: 6.13.0
2026-09-03 18:37:25,924 [ERROR] AppliInfo:139 - Unknown STM32CubeMX version: 6.13.0
2026-09-03 18:37:25,924 [ERROR] AppliInfo:139 - Unknown STM32CubeMX version: 6.13.0
2026-09-03 18:37:25,924 [ERROR] AppliInfo:139 - Unknown STM32CubeMX version: 6.13.0
2026-09-03 18:37:25,924 [ERROR] AppliInfo:139 - Unknown STM32CubeMX version: 6.13.0
2026-09-03 18:37:25,924 [ERROR] AppliInfo:139 - Unknown STM32CubeMX version: 6.13.0
2026-09-03 18:37:25,925 [ERROR] AppliInfo:139 - Unknown STM32CubeMX version: 6.13.0
2026-09-03 18:37:25,925 [ERROR] AppliInfo:139 - Unknown STM32CubeMX version: 6.13.0
2026-09-03 18:37:25,925 [ERROR] AppliInfo:139 - Unknown STM32CubeMX version: 6.13.0
2026-09-03 18:37:25,925 [ERROR] AppliInfo:139 - Unknown STM32CubeMX version: 6.13.0
2026-09-03 18:37:25,925 [ERROR] AppliInfo:139 - Unknown STM32CubeMX version: 6.13.0
2026-09-03 18:37:25,925 [ERROR] AppliInfo:139 - Unknown STM32CubeMX version: 6.13.0
2026-09-03 18:37:25,925 [ERROR] AppliInfo:139 - Unknown STM32CubeMX version: 6.13.0
2026-09-03 18:37:25,925 [ERROR] AppliInfo:139 - Unknown STM32CubeMX version: 6.13.0
2026-09-03 18:37:25,926 [ERROR] AppliInfo:139 - Unknown STM32CubeMX version: 6.13.0
2026-09-03 18:37:25,926 [ERROR] AppliInfo:139 - Unknown STM32CubeMX version: 6.13.0
2026-09-03 18:37:25,926 [ERROR] AppliInfo:139 - Unknown STM32CubeMX version: 6.13.0
2026-09-03 18:37:25,926 [ERROR] AppliInfo:139 - Unknown STM32CubeMX version: 6.13.0
2026-09-03 18:37:25,926 [ERROR] AppliInfo:139 - Unknown STM32CubeMX version: 6.13.0
2026-09-03 18:37:25,926 [ERROR] AppliInfo:139 - Unknown STM32CubeMX version: 6.13.0
2026-09-03 18:37:25,926 [ERROR] AppliInfo:139 - Unknown STM32CubeMX version: 6.13.0
2026-09-03 18:37:25,926 [ERROR] AppliInfo:139 - Unknown STM32CubeMX version: 6.13.0
2026-09-03 18:37:25,926 [ERROR] AppliInfo:139 - Unknown STM32CubeMX version: 6.13.0
2026-09-03 18:37:25,926 [ERROR] AppliInfo:139 - Unknown STM32CubeMX version: 6.13.0
2026-09-03 18:37:25,926 [ERROR] AppliInfo:139 - Unknown STM32CubeMX version: 6.13.0
2026-09-03 18:37:25,926 [ERROR] AppliInfo:139 - Unknown STM32CubeMX version: 6.13.0
2026-09-03 18:37:25,926 [ERROR] AppliInfo:139 - Unknown STM32CubeMX version: 6.13.0
2026-09-03 18:37:25,926 [ERROR] AppliInfo:139 - Unknown STM32CubeMX version: 6.13.0
2026-09-03 18:37:25,927 [ERROR] AppliInfo:139 - Unknown STM32CubeMX version: 6.13.0
2026-09-03 18:37:25,927 [ERROR] AppliInfo:139 - Unknown STM32CubeMX version: 6.13.0
2026-09-03 18:37:25,927 [ERROR] AppliInfo:139 - Unknown STM32CubeMX version: 6.13.0
2026-09-03 18:37:25,927 [ERROR] AppliInfo:139 - Unknown STM32CubeMX version: 6.13.0
2026-09-03 18:37:25,927 [ERROR] AppliInfo:139 - Unknown STM32CubeMX version: 6.13.0
2026-09-03 18:37:25,927 [ERROR] AppliInfo:139 - Unknown STM32CubeMX version: 6.13.0
2026-09-03 18:37:25,927 [ERROR] AppliInfo:139 - Unknown STM32CubeMX version: 6.13.0
2026-09-03 18:37:25,927 [ERROR] AppliInfo:139 - Unknown STM32CubeMX version: 6.13.0
2026-09-03 18:37:25,927 [ERROR] AppliInfo:139 - Unknown STM32CubeMX version: 6.13.0
2026-09-03 18:37:25,927 [ERROR] AppliInfo:139 - Unknown STM32CubeMX version: 6.13.0
2026-09-03 18:37:25,927 [ERROR] AppliInfo:139 - Unknown STM32CubeMX version: 6.13.0
2026-09-03 18:37:25,927 [ERROR] AppliInfo:139 - Unknown STM32CubeMX version: 6.13.0
2026-09-03 18:37:25,927 [ERROR] AppliInfo:139 - Unknown STM32CubeMX version: 6.13.0
2026-09-03 18:37:25,928 [ERROR] AppliInfo:139 - Unknown STM32CubeMX version: 6.13.0
2026-09-03 18:37:25,928 [ERROR] AppliInfo:139 - Unknown STM32CubeMX version: 6.14.0
2026-09-03 18:37:25,928 [ERROR] AppliInfo:139 - Unknown STM32CubeMX version: 6.13.0
2026-09-03 18:37:25,928 [ERROR] AppliInfo:139 - Unknown STM32CubeMX version: 6.13.0
2026-09-03 18:37:25,928 [ERROR] AppliInfo:139 - Unknown STM32CubeMX version: 6.14.0
2026-09-03 18:37:25,928 [ERROR] AppliInfo:139 - Unknown STM32CubeMX version: 6.14.0
2026-09-03 18:37:25,928 [ERROR] AppliInfo:139 - Unknown STM32CubeMX version: 6.13.0
2026-09-03 18:37:25,928 [ERROR] AppliInfo:139 - Unknown STM32CubeMX version: 6.13.0
2026-09-03 18:37:25,928 [ERROR] AppliInfo:139 - Unknown STM32CubeMX version: 6.13.0
2026-09-03 18:37:25,928 [ERROR] AppliInfo:139 - Unknown STM32CubeMX version: 6.13.0
2026-09-03 18:37:25,929 [ERROR] AppliInfo:139 - Unknown STM32CubeMX version: 6.13.0
2026-09-03 18:37:25,929 [ERROR] AppliInfo:139 - Unknown STM32CubeMX version: 6.13.0
2026-09-03 18:37:25,932 [ERROR] AppliInfo:139 - Unknown STM32CubeMX version: 6.17.0
2026-09-03 18:37:25,932 [ERROR] AppliInfo:139 - Unknown STM32CubeMX version: 6.13.0
2026-09-03 18:37:25,932 [ERROR] AppliInfo:139 - Unknown STM32CubeMX version: 6.13.0
2026-09-03 18:37:25,932 [ERROR] AppliInfo:139 - Unknown STM32CubeMX version: 6.13.0
2026-09-03 18:37:25,932 [ERROR] AppliInfo:139 - Unknown STM32CubeMX version: 6.13.0
2026-09-03 18:37:25,933 [ERROR] AppliInfo:139 - Unknown STM32CubeMX version: 6.13.0
2026-09-03 18:37:25,933 [ERROR] AppliInfo:139 - Unknown STM32CubeMX version: 6.17.0
2026-09-03 18:37:25,933 [ERROR] AppliInfo:139 - Unknown STM32CubeMX version: 6.17.0
2026-09-03 18:37:25,933 [ERROR] AppliInfo:139 - Unknown STM32CubeMX version: 6.13.0
2026-09-03 18:37:25,933 [ERROR] AppliInfo:139 - Unknown STM32CubeMX version: 6.13.0
2026-09-03 18:37:25,933 [ERROR] AppliInfo:139 - Unknown STM32CubeMX version: 6.18.0
2026-09-03 18:37:25,933 [ERROR] AppliInfo:139 - Unknown STM32CubeMX version: 6.17.0
2026-09-03 18:37:25,933 [ERROR] AppliInfo:139 - Unknown STM32CubeMX version: 6.13.0
2026-09-03 18:37:25,934 [ERROR] AppliInfo:139 - Unknown STM32CubeMX version: 6.13.0
2026-09-03 18:37:25,934 [ERROR] AppliInfo:139 - Unknown STM32CubeMX version: 6.13.0
2026-09-03 18:37:25,934 [ERROR] AppliInfo:139 - Unknown STM32CubeMX version: 6.13.0
2026-09-03 18:37:25,934 [ERROR] AppliInfo:139 - Unknown STM32CubeMX version: 6.13.0
2026-09-03 18:37:25,934 [ERROR] AppliInfo:139 - Unknown STM32CubeMX version: 6.17.0
2026-09-03 18:37:25,934 [ERROR] AppliInfo:139 - Unknown STM32CubeMX version: 6.13.0
2026-09-03 18:37:25,934 [ERROR] AppliInfo:139 - Unknown STM32CubeMX version: 6.17.0
2026-09-03 18:37:25,934 [ERROR] AppliInfo:139 - Unknown STM32CubeMX version: 6.17.0
2026-09-03 18:37:25,934 [ERROR] AppliInfo:139 - Unknown STM32CubeMX version: 6.13.0
2026-09-03 18:37:25,934 [ERROR] AppliInfo:139 - Unknown STM32CubeMX version: 6.13.0
2026-09-03 18:37:25,935 [ERROR] AppliInfo:139 - Unknown STM32CubeMX version: 6.17.0
2026-09-03 18:37:25,935 [ERROR] AppliInfo:139 - Unknown STM32CubeMX version: 6.17.0
2026-09-03 18:37:25,935 [ERROR] AppliInfo:139 - Unknown STM32CubeMX version: 6.17.0
2026-09-03 18:37:25,935 [ERROR] AppliInfo:139 - Unknown STM32CubeMX version: 6.13.0
2026-09-03 18:37:25,935 [ERROR] AppliInfo:139 - Unknown STM32CubeMX version: 6.13.0
2026-09-03 18:37:25,935 [ERROR] AppliInfo:139 - Unknown STM32CubeMX version: 6.13.0
2026-09-03 18:37:25,935 [ERROR] AppliInfo:139 - Unknown STM32CubeMX version: 6.13.0
2026-09-03 18:37:25,935 [ERROR] AppliInfo:139 - Unknown STM32CubeMX version: 6.13.0
2026-09-03 18:37:25,935 [ERROR] AppliInfo:139 - Unknown STM32CubeMX version: 6.17.0
2026-09-03 18:37:25,935 [ERROR] AppliInfo:139 - Unknown STM32CubeMX version: 6.13.0
2026-09-03 18:37:25,935 [ERROR] AppliInfo:139 - Unknown STM32CubeMX version: 6.17.0
2026-09-03 18:37:25,936 [ERROR] AppliInfo:139 - Unknown STM32CubeMX version: 6.17.0
2026-09-03 18:37:25,936 [ERROR] AppliInfo:139 - Unknown STM32CubeMX version: 6.17.0
2026-09-03 18:37:25,936 [ERROR] AppliInfo:139 - Unknown STM32CubeMX version: 6.13.0
2026-09-03 18:37:25,936 [ERROR] AppliInfo:139 - Unknown STM32CubeMX version: 6.13.0
2026-09-03 18:37:25,936 [ERROR] AppliInfo:139 - Unknown STM32CubeMX version: 6.13.0
2026-09-03 18:37:25,936 [ERROR] AppliInfo:139 - Unknown STM32CubeMX version: 6.13.0
2026-09-03 18:37:25,936 [ERROR] AppliInfo:139 - Unknown STM32CubeMX version: 6.13.0
2026-09-03 18:37:25,936 [ERROR] AppliInfo:139 - Unknown STM32CubeMX version: 6.13.0
2026-09-03 18:37:25,936 [ERROR] AppliInfo:139 - Unknown STM32CubeMX version: 6.13.0
2026-09-03 18:37:25,936 [ERROR] AppliInfo:139 - Unknown STM32CubeMX version: 6.13.0
2026-09-03 18:37:25,936 [ERROR] AppliInfo:139 - Unknown STM32CubeMX version: 6.13.0
2026-09-03 18:37:25,937 [ERROR] AppliInfo:139 - Unknown STM32CubeMX version: 6.13.0
2026-09-03 18:37:25,937 [ERROR] AppliInfo:139 - Unknown STM32CubeMX version: 6.13.0
2026-09-03 18:37:25,937 [ERROR] AppliInfo:139 - Unknown STM32CubeMX version: 6.13.0
2026-09-03 18:37:25,937 [ERROR] AppliInfo:139 - Unknown STM32CubeMX version: 6.13.0
2026-09-03 18:37:25,937 [ERROR] AppliInfo:139 - Unknown STM32CubeMX version: 6.13.0
2026-09-03 18:37:25,937 [ERROR] AppliInfo:139 - Unknown STM32CubeMX version: 6.13.0
2026-09-03 18:37:25,937 [ERROR] AppliInfo:139 - Unknown STM32CubeMX version: 6.13.0
2026-09-03 18:37:25,937 [ERROR] AppliInfo:139 - Unknown STM32CubeMX version: 6.13.0
2026-09-03 18:37:25,937 [ERROR] AppliInfo:139 - Unknown STM32CubeMX version: 6.17.0
2026-09-03 18:37:25,937 [ERROR] AppliInfo:139 - Unknown STM32CubeMX version: 6.13.0
2026-09-03 18:37:25,937 [ERROR] AppliInfo:139 - Unknown STM32CubeMX version: 6.13.0
2026-09-03 18:37:25,938 [ERROR] AppliInfo:139 - Unknown STM32CubeMX version: 6.13.0
2026-09-03 18:37:25,938 [ERROR] AppliInfo:139 - Unknown STM32CubeMX version: 6.17.0
2026-09-03 18:37:25,938 [ERROR] AppliInfo:139 - Unknown STM32CubeMX version: 6.14.0
2026-09-03 18:37:25,938 [ERROR] AppliInfo:139 - Unknown STM32CubeMX version: 6.17.0
2026-09-03 18:37:25,938 [ERROR] AppliInfo:139 - Unknown STM32CubeMX version: 6.13.0
2026-09-03 18:37:25,938 [ERROR] AppliInfo:139 - Unknown STM32CubeMX version: 6.18.0
2026-09-03 18:37:25,938 [ERROR] AppliInfo:139 - Unknown STM32CubeMX version: 6.13.0
2026-09-03 18:37:25,938 [ERROR] AppliInfo:139 - Unknown STM32CubeMX version: 6.13.0
2026-09-03 18:37:25,938 [ERROR] AppliInfo:139 - Unknown STM32CubeMX version: 6.13.0
2026-09-03 18:37:25,938 [ERROR] AppliInfo:139 - Unknown STM32CubeMX version: 6.13.0
2026-09-03 18:37:25,938 [ERROR] AppliInfo:139 - Unknown STM32CubeMX version: 6.13.0
2026-09-03 18:37:25,939 [ERROR] AppliInfo:139 - Unknown STM32CubeMX version: 6.13.0
2026-09-03 18:37:25,939 [ERROR] AppliInfo:139 - Unknown STM32CubeMX version: 6.13.0
2026-09-03 18:37:25,939 [ERROR] AppliInfo:139 - Unknown STM32CubeMX version: 6.13.0
2026-09-03 18:37:25,939 [ERROR] AppliInfo:139 - Unknown STM32CubeMX version: 6.13.0
2026-09-03 18:37:25,939 [ERROR] AppliInfo:139 - Unknown STM32CubeMX version: 6.13.0
2026-09-03 18:37:25,939 [ERROR] AppliInfo:139 - Unknown STM32CubeMX version: 6.13.0
2026-09-03 18:37:25,939 [ERROR] AppliInfo:139 - Unknown STM32CubeMX version: 6.13.0
2026-09-03 18:37:25,939 [ERROR] AppliInfo:139 - Unknown STM32CubeMX version: 6.13.0
2026-09-03 18:37:25,939 [ERROR] AppliInfo:139 - Unknown STM32CubeMX version: 6.13.0
2026-09-03 18:37:25,939 [ERROR] AppliInfo:139 - Unknown STM32CubeMX version: 6.13.0
2026-09-03 18:37:25,939 [ERROR] AppliInfo:139 - Unknown STM32CubeMX version: 6.13.0
2026-09-03 18:37:25,939 [ERROR] AppliInfo:139 - Unknown STM32CubeMX version: 6.14.0
2026-09-03 18:37:25,940 [ERROR] AppliInfo:139 - Unknown STM32CubeMX version: 6.14.0
2026-09-03 18:37:25,940 [ERROR] AppliInfo:139 - Unknown STM32CubeMX version: 6.13.0
2026-09-03 18:37:25,940 [ERROR] AppliInfo:139 - Unknown STM32CubeMX version: 6.13.0
2026-09-03 18:37:25,940 [ERROR] AppliInfo:139 - Unknown STM32CubeMX version: 6.13.0
2026-09-03 18:37:25,940 [ERROR] AppliInfo:139 - Unknown STM32CubeMX version: 6.13.0
2026-09-03 18:37:25,940 [ERROR] AppliInfo:139 - Unknown STM32CubeMX version: 6.13.0
2026-09-03 18:37:25,940 [ERROR] AppliInfo:139 - Unknown STM32CubeMX version: 6.13.0
2026-09-03 18:37:25,940 [ERROR] AppliInfo:139 - Unknown STM32CubeMX version: 6.13.0
2026-09-03 18:37:25,941 [ERROR] AppliInfo:139 - Unknown STM32CubeMX version: 6.13.0
2026-09-03 18:37:25,941 [ERROR] AppliInfo:139 - Unknown STM32CubeMX version: 6.13.0
2026-09-03 18:37:25,941 [ERROR] AppliInfo:139 - Unknown STM32CubeMX version: 6.13.0
2026-09-03 18:37:25,941 [ERROR] AppliInfo:139 - Unknown STM32CubeMX version: 6.13.0
2026-09-03 18:37:25,941 [ERROR] AppliInfo:139 - Unknown STM32CubeMX version: 6.13.0
2026-09-03 18:37:25,941 [ERROR] AppliInfo:139 - Unknown STM32CubeMX version: 6.13.0
2026-09-03 18:37:25,941 [ERROR] AppliInfo:139 - Unknown STM32CubeMX version: 6.13.0
2026-09-03 18:37:25,941 [ERROR] AppliInfo:139 - Unknown STM32CubeMX version: 6.18.0
2026-09-03 18:37:25,941 [ERROR] AppliInfo:139 - Unknown STM32CubeMX version: 6.13.0
2026-09-03 18:37:25,941 [ERROR] AppliInfo:139 - Unknown STM32CubeMX version: 6.13.0
2026-09-03 18:37:25,942 [ERROR] AppliInfo:139 - Unknown STM32CubeMX version: 6.13.0
2026-09-03 18:37:25,942 [ERROR] AppliInfo:139 - Unknown STM32CubeMX version: 6.13.0
2026-09-03 18:37:25,942 [ERROR] AppliInfo:139 - Unknown STM32CubeMX version: 6.13.0
2026-09-03 18:37:25,942 [ERROR] AppliInfo:139 - Unknown STM32CubeMX version: 6.13.0
2026-09-03 18:37:25,942 [ERROR] AppliInfo:139 - Unknown STM32CubeMX version: 6.13.0
2026-09-03 18:37:25,942 [ERROR] AppliInfo:139 - Unknown STM32CubeMX version: 6.13.0
2026-09-03 18:37:25,942 [ERROR] AppliInfo:139 - Unknown STM32CubeMX version: 6.13.0
2026-09-03 18:37:25,942 [ERROR] AppliInfo:139 - Unknown STM32CubeMX version: 6.13.0
2026-09-03 18:37:25,942 [ERROR] AppliInfo:139 - Unknown STM32CubeMX version: 6.13.0
2026-09-03 18:37:25,942 [ERROR] AppliInfo:139 - Unknown STM32CubeMX version: 6.13.0
2026-09-03 18:37:25,943 [ERROR] AppliInfo:139 - Unknown STM32CubeMX version: 6.13.0
2026-09-03 18:37:25,943 [ERROR] AppliInfo:139 - Unknown STM32CubeMX version: 6.13.0
2026-09-03 18:37:25,943 [ERROR] AppliInfo:139 - Unknown STM32CubeMX version: 6.13.0
2026-09-03 18:37:25,943 [ERROR] AppliInfo:139 - Unknown STM32CubeMX version: 6.13.0
2026-09-03 18:37:25,943 [ERROR] AppliInfo:139 - Unknown STM32CubeMX version: 6.13.0
2026-09-03 18:37:25,943 [ERROR] AppliInfo:139 - Unknown STM32CubeMX version: 6.13.0
2026-09-03 18:37:25,943 [ERROR] AppliInfo:139 - Unknown STM32CubeMX version: 6.13.0
2026-09-03 18:37:25,943 [ERROR] AppliInfo:139 - Unknown STM32CubeMX version: 6.13.0
2026-09-03 18:37:25,943 [ERROR] AppliInfo:139 - Unknown STM32CubeMX version: 6.13.0
2026-09-03 18:37:25,944 [ERROR] AppliInfo:139 - Unknown STM32CubeMX version: 6.13.0
2026-09-03 18:37:25,944 [ERROR] AppliInfo:139 - Unknown STM32CubeMX version: 6.13.0
2026-09-03 18:37:25,944 [ERROR] AppliInfo:139 - Unknown STM32CubeMX version: 6.13.0
2026-09-03 18:37:25,944 [ERROR] AppliInfo:139 - Unknown STM32CubeMX version: 6.13.0
2026-09-03 18:37:25,944 [ERROR] AppliInfo:139 - Unknown STM32CubeMX version: 6.13.0
2026-09-03 18:37:25,944 [ERROR] AppliInfo:139 - Unknown STM32CubeMX version: 6.13.0
2026-09-03 18:37:25,944 [ERROR] AppliInfo:139 - Unknown STM32CubeMX version: 6.13.0
2026-09-03 18:37:25,944 [ERROR] AppliInfo:139 - Unknown STM32CubeMX version: 6.13.0
2026-09-03 18:37:25,944 [ERROR] AppliInfo:139 - Unknown STM32CubeMX version: 6.13.0
2026-09-03 18:37:25,945 [ERROR] AppliInfo:139 - Unknown STM32CubeMX version: 6.14.0
2026-09-03 18:37:25,945 [ERROR] AppliInfo:139 - Unknown STM32CubeMX version: 6.13.0
2026-09-03 18:37:25,945 [ERROR] AppliInfo:139 - Unknown STM32CubeMX version: 6.14.0
2026-09-03 18:37:25,945 [ERROR] AppliInfo:139 - Unknown STM32CubeMX version: 6.13.0
2026-09-03 18:37:25,945 [ERROR] AppliInfo:139 - Unknown STM32CubeMX version: 6.14.0
2026-09-03 18:37:25,945 [ERROR] AppliInfo:139 - Unknown STM32CubeMX version: 6.13.0
2026-09-03 18:37:25,945 [ERROR] AppliInfo:139 - Unknown STM32CubeMX version: 6.13.0
2026-09-03 18:37:25,945 [ERROR] AppliInfo:139 - Unknown STM32CubeMX version: 6.13.0
2026-09-03 18:37:25,945 [ERROR] AppliInfo:139 - Unknown STM32CubeMX version: 6.13.0
2026-09-03 18:37:25,945 [ERROR] AppliInfo:139 - Unknown STM32CubeMX version: 6.13.0
2026-09-03 18:37:25,946 [ERROR] AppliInfo:139 - Unknown STM32CubeMX version: 6.13.0
2026-09-03 18:37:25,946 [ERROR] AppliInfo:139 - Unknown STM32CubeMX version: 6.13.0
2026-09-03 18:37:25,946 [ERROR] AppliInfo:139 - Unknown STM32CubeMX version: 6.13.0
2026-09-03 18:37:25,946 [ERROR] AppliInfo:139 - Unknown STM32CubeMX version: 6.13.0
2026-09-03 18:37:25,946 [ERROR] AppliInfo:139 - Unknown STM32CubeMX version: 6.13.0
2026-09-03 18:37:25,946 [ERROR] AppliInfo:139 - Unknown STM32CubeMX version: 6.13.0
2026-09-03 18:37:25,946 [ERROR] AppliInfo:139 - Unknown STM32CubeMX version: 6.13.0
2026-09-03 18:37:25,946 [ERROR] AppliInfo:139 - Unknown STM32CubeMX version: 6.13.0
2026-09-03 18:37:25,946 [ERROR] AppliInfo:139 - Unknown STM32CubeMX version: 6.13.0
2026-09-03 18:37:25,946 [ERROR] AppliInfo:139 - Unknown STM32CubeMX version: 6.13.0
2026-09-03 18:37:25,947 [ERROR] AppliInfo:139 - Unknown STM32CubeMX version: 6.13.0
2026-09-03 18:37:25,947 [ERROR] AppliInfo:139 - Unknown STM32CubeMX version: 6.13.0
2026-09-03 18:37:25,947 [ERROR] AppliInfo:139 - Unknown STM32CubeMX version: 6.13.0
2026-09-03 18:37:25,947 [ERROR] AppliInfo:139 - Unknown STM32CubeMX version: 6.13.0
2026-09-03 18:37:25,947 [ERROR] AppliInfo:139 - Unknown STM32CubeMX version: 6.13.0
2026-09-03 18:37:25,947 [ERROR] AppliInfo:139 - Unknown STM32CubeMX version: 6.13.0
2026-09-03 18:37:25,947 [ERROR] AppliInfo:139 - Unknown STM32CubeMX version: 6.13.0
2026-09-03 18:37:25,947 [ERROR] AppliInfo:139 - Unknown STM32CubeMX version: 6.13.0
2026-09-03 18:37:25,948 [ERROR] AppliInfo:139 - Unknown STM32CubeMX version: 6.13.0
2026-09-03 18:37:25,948 [ERROR] AppliInfo:139 - Unknown STM32CubeMX version: 6.13.0
2026-09-03 18:37:25,948 [ERROR] AppliInfo:139 - Unknown STM32CubeMX version: 6.13.0
2026-09-03 18:37:25,948 [ERROR] AppliInfo:139 - Unknown STM32CubeMX version: 6.13.0
2026-09-03 18:37:25,948 [ERROR] AppliInfo:139 - Unknown STM32CubeMX version: 6.13.0
2026-09-03 18:37:25,948 [ERROR] AppliInfo:139 - Unknown STM32CubeMX version: 6.13.0
2026-09-03 18:37:25,948 [ERROR] AppliInfo:139 - Unknown STM32CubeMX version: 6.13.0
2026-09-03 18:37:25,948 [ERROR] AppliInfo:139 - Unknown STM32CubeMX version: 6.13.0
2026-09-03 18:37:25,948 [ERROR] AppliInfo:139 - Unknown STM32CubeMX version: 6.13.0
2026-09-03 18:37:25,948 [ERROR] AppliInfo:139 - Unknown STM32CubeMX version: 6.13.0
2026-09-03 18:37:25,949 [ERROR] AppliInfo:139 - Unknown STM32CubeMX version: 6.13.0
2026-09-03 18:37:25,949 [ERROR] AppliInfo:139 - Unknown STM32CubeMX version: 6.13.0
2026-09-03 18:37:25,949 [ERROR] AppliInfo:139 - Unknown STM32CubeMX version: 6.13.0
2026-09-03 18:37:25,949 [ERROR] AppliInfo:139 - Unknown STM32CubeMX version: 6.13.0
2026-09-03 18:37:25,949 [ERROR] AppliInfo:139 - Unknown STM32CubeMX version: 6.13.0
2026-09-03 18:37:25,949 [ERROR] AppliInfo:139 - Unknown STM32CubeMX version: 6.13.0
2026-09-03 18:37:25,949 [ERROR] AppliInfo:139 - Unknown STM32CubeMX version: 6.13.0
2026-09-03 18:37:25,949 [ERROR] AppliInfo:139 - Unknown STM32CubeMX version: 6.13.0
2026-09-03 18:37:25,950 [ERROR] AppliInfo:139 - Unknown STM32CubeMX version: 6.13.0
2026-09-03 18:37:25,950 [ERROR] AppliInfo:139 - Unknown STM32CubeMX version: 6.13.0
2026-09-03 18:37:25,950 [ERROR] AppliInfo:139 - Unknown STM32CubeMX version: 6.13.0
2026-09-03 18:37:25,950 [ERROR] AppliInfo:139 - Unknown STM32CubeMX version: 6.13.0
2026-09-03 18:37:25,950 [ERROR] AppliInfo:139 - Unknown STM32CubeMX version: 6.13.0
2026-09-03 18:37:25,950 [ERROR] AppliInfo:139 - Unknown STM32CubeMX version: 6.13.0
2026-09-03 18:37:25,950 [ERROR] AppliInfo:139 - Unknown STM32CubeMX version: 6.13.0
2026-09-03 18:37:25,950 [ERROR] AppliInfo:139 - Unknown STM32CubeMX version: 6.13.0
2026-09-03 18:37:25,950 [ERROR] AppliInfo:139 - Unknown STM32CubeMX version: 6.13.0
2026-09-03 18:37:25,953 [ERROR] AppliInfo:139 - Unknown STM32CubeMX version: 6.18.0
2026-09-03 18:37:25,953 [ERROR] AppliInfo:139 - Unknown STM32CubeMX version: 6.18.0
2026-09-03 18:37:25,953 [ERROR] AppliInfo:139 - Unknown STM32CubeMX version: 6.18.0
2026-09-03 18:37:25,953 [ERROR] AppliInfo:139 - Unknown STM32CubeMX version: 6.18.0
2026-09-03 18:37:25,953 [ERROR] AppliInfo:139 - Unknown STM32CubeMX version: 6.18.0
2026-09-03 18:37:25,953 [ERROR] AppliInfo:139 - Unknown STM32CubeMX version: 6.18.0
2026-09-03 18:37:25,953 [ERROR] AppliInfo:139 - Unknown STM32CubeMX version: 6.13.0
2026-09-03 18:37:25,953 [ERROR] AppliInfo:139 - Unknown STM32CubeMX version: 6.13.0
2026-09-03 18:37:25,953 [ERROR] AppliInfo:139 - Unknown STM32CubeMX version: 6.13.0
2026-09-03 18:37:25,953 [ERROR] AppliInfo:139 - Unknown STM32CubeMX version: 6.14.0
2026-09-03 18:37:25,954 [ERROR] AppliInfo:139 - Unknown STM32CubeMX version: 6.17.0
2026-09-03 18:37:25,954 [ERROR] AppliInfo:139 - Unknown STM32CubeMX version: 6.13.0
2026-09-03 18:37:25,954 [ERROR] AppliInfo:139 - Unknown STM32CubeMX version: 6.15.0
2026-09-03 18:37:25,954 [ERROR] AppliInfo:139 - Unknown STM32CubeMX version: 6.15.0
2026-09-03 18:37:25,955 [ERROR] AppliInfo:139 - Unknown STM32CubeMX version: 6.14.0
2026-09-03 18:37:25,955 [ERROR] AppliInfo:139 - Unknown STM32CubeMX version: 6.18.0
2026-09-03 18:37:25,955 [ERROR] AppliInfo:139 - Unknown STM32CubeMX version: 6.18.0
2026-09-03 18:37:25,955 [ERROR] AppliInfo:139 - Unknown STM32CubeMX version: 6.18.0
2026-09-03 18:37:25,955 [ERROR] AppliInfo:139 - Unknown STM32CubeMX version: 6.18.0
2026-09-03 18:37:25,955 [ERROR] AppliInfo:139 - Unknown STM32CubeMX version: 6.18.0
2026-09-03 18:37:25,955 [ERROR] AppliInfo:139 - Unknown STM32CubeMX version: 6.18.0
2026-09-03 18:37:25,955 [ERROR] AppliInfo:139 - Unknown STM32CubeMX version: 6.13.0
2026-09-03 18:37:25,956 [ERROR] AppliInfo:139 - Unknown STM32CubeMX version: 6.17.0
2026-09-03 18:37:25,956 [ERROR] AppliInfo:139 - Unknown STM32CubeMX version: 6.17.0
2026-09-03 18:37:25,956 [ERROR] AppliInfo:139 - Unknown STM32CubeMX version: 6.17.0
2026-09-03 18:37:25,956 [ERROR] AppliInfo:139 - Unknown STM32CubeMX version: 6.17.0
2026-09-03 18:37:25,956 [ERROR] AppliInfo:139 - Unknown STM32CubeMX version: 6.17.0
2026-09-03 18:37:25,956 [ERROR] AppliInfo:139 - Unknown STM32CubeMX version: 6.17.0
2026-09-03 18:37:25,956 [ERROR] AppliInfo:139 - Unknown STM32CubeMX version: 6.17.0
2026-09-03 18:37:25,956 [ERROR] AppliInfo:139 - Unknown STM32CubeMX version: 6.17.0
2026-09-03 18:37:25,957 [ERROR] AppliInfo:139 - Unknown STM32CubeMX version: 6.17.0
2026-09-03 18:37:25,957 [ERROR] AppliInfo:139 - Unknown STM32CubeMX version: 6.17.0
2026-09-03 18:37:25,957 [ERROR] AppliInfo:139 - Unknown STM32CubeMX version: 6.17.0
2026-09-03 18:37:25,957 [ERROR] AppliInfo:139 - Unknown STM32CubeMX version: 6.17.0
2026-09-03 18:37:25,957 [ERROR] AppliInfo:139 - Unknown STM32CubeMX version: 6.17.0
2026-09-03 18:37:25,957 [ERROR] AppliInfo:139 - Unknown STM32CubeMX version: 6.17.0
2026-09-03 18:37:25,957 [ERROR] AppliInfo:139 - Unknown STM32CubeMX version: 6.17.0
2026-09-03 18:37:25,957 [ERROR] AppliInfo:139 - Unknown STM32CubeMX version: 6.17.0
2026-09-03 18:37:25,957 [ERROR] AppliInfo:139 - Unknown STM32CubeMX version: 6.17.0
2026-09-03 18:37:25,957 [ERROR] AppliInfo:139 - Unknown STM32CubeMX version: 6.17.0
2026-09-03 18:37:25,958 [ERROR] AppliInfo:139 - Unknown STM32CubeMX version: 6.17.0
2026-09-03 18:37:25,958 [ERROR] AppliInfo:139 - Unknown STM32CubeMX version: 6.17.0
2026-09-03 18:37:25,962 [ERROR] AppliInfo:139 - Unknown STM32CubeMX version: 6.17.0
2026-09-03 18:37:25,962 [ERROR] AppliInfo:139 - Unknown STM32CubeMX version: 6.17.0
2026-09-03 18:37:25,962 [ERROR] AppliInfo:139 - Unknown STM32CubeMX version: 6.17.0
2026-09-03 18:37:25,962 [ERROR] AppliInfo:139 - Unknown STM32CubeMX version: 6.17.0
2026-09-03 18:37:25,962 [ERROR] AppliInfo:139 - Unknown STM32CubeMX version: 6.17.0
2026-09-03 18:37:25,963 [ERROR] AppliInfo:139 - Unknown STM32CubeMX version: 6.17.0
2026-09-03 18:37:25,963 [ERROR] AppliInfo:139 - Unknown STM32CubeMX version: 6.17.0
2026-09-03 18:37:25,963 [ERROR] AppliInfo:139 - Unknown STM32CubeMX version: 6.17.0
2026-09-03 18:37:25,963 [ERROR] AppliInfo:139 - Unknown STM32CubeMX version: 6.17.0
2026-09-03 18:37:25,963 [ERROR] AppliInfo:139 - Unknown STM32CubeMX version: 6.17.0
2026-09-03 18:37:25,963 [ERROR] AppliInfo:139 - Unknown STM32CubeMX version: 6.17.0
2026-09-03 18:37:25,963 [ERROR] AppliInfo:139 - Unknown STM32CubeMX version: 6.17.0
2026-09-03 18:37:25,963 [ERROR] AppliInfo:139 - Unknown STM32CubeMX version: 6.17.0
2026-09-03 18:37:25,963 [ERROR] AppliInfo:139 - Unknown STM32CubeMX version: 6.17.0
2026-09-03 18:37:25,964 [ERROR] AppliInfo:139 - Unknown STM32CubeMX version: 6.17.0
2026-09-03 18:37:25,964 [ERROR] AppliInfo:139 - Unknown STM32CubeMX version: 6.18.0
2026-09-03 18:37:25,964 [ERROR] AppliInfo:139 - Unknown STM32CubeMX version: 6.17.0
2026-09-03 18:37:25,964 [ERROR] AppliInfo:139 - Unknown STM32CubeMX version: 6.17.0
2026-09-03 18:37:25,964 [ERROR] AppliInfo:139 - Unknown STM32CubeMX version: 6.17.0
2026-09-03 18:37:25,964 [ERROR] AppliInfo:139 - Unknown STM32CubeMX version: 6.17.0
2026-09-03 18:37:25,964 [ERROR] AppliInfo:139 - Unknown STM32CubeMX version: 6.17.0
2026-09-03 18:37:25,964 [ERROR] AppliInfo:139 - Unknown STM32CubeMX version: 6.17.0
2026-09-03 18:37:25,964 [ERROR] AppliInfo:139 - Unknown STM32CubeMX version: 6.17.0
2026-09-03 18:37:25,964 [ERROR] AppliInfo:139 - Unknown STM32CubeMX version: 6.17.0
2026-09-03 18:37:25,965 [ERROR] AppliInfo:139 - Unknown STM32CubeMX version: 6.18.0
2026-09-03 18:37:25,965 [ERROR] AppliInfo:139 - Unknown STM32CubeMX version: 6.18.0
2026-09-03 18:37:25,965 [ERROR] AppliInfo:139 - Unknown STM32CubeMX version: 6.18.0
2026-09-03 18:37:25,965 [ERROR] AppliInfo:139 - Unknown STM32CubeMX version: 6.18.0
2026-09-03 18:37:25,965 [ERROR] AppliInfo:139 - Unknown STM32CubeMX version: 6.18.0
2026-09-03 18:37:25,965 [ERROR] AppliInfo:139 - Unknown STM32CubeMX version: 6.18.0
2026-09-03 18:37:25,965 [ERROR] AppliInfo:139 - Unknown STM32CubeMX version: 6.18.0
2026-09-03 18:37:25,965 [ERROR] AppliInfo:139 - Unknown STM32CubeMX version: 6.18.0
2026-09-03 18:37:25,965 [ERROR] AppliInfo:139 - Unknown STM32CubeMX version: 6.18.0
2026-09-03 18:37:25,965 [ERROR] AppliInfo:139 - Unknown STM32CubeMX version: 6.18.0
2026-09-03 18:37:25,966 [ERROR] AppliInfo:139 - Unknown STM32CubeMX version: 6.18.0
2026-09-03 18:37:25,966 [ERROR] AppliInfo:139 - Unknown STM32CubeMX version: 6.18.0
2026-09-03 18:37:25,966 [ERROR] AppliInfo:139 - Unknown STM32CubeMX version: 6.18.0
2026-09-03 18:37:25,966 [ERROR] AppliInfo:139 - Unknown STM32CubeMX version: 6.18.0
2026-09-03 18:37:25,966 [ERROR] AppliInfo:139 - Unknown STM32CubeMX version: 6.18.0
2026-09-03 18:37:25,966 [ERROR] AppliInfo:139 - Unknown STM32CubeMX version: 6.18.0
2026-09-03 18:37:25,966 [ERROR] AppliInfo:139 - Unknown STM32CubeMX version: 6.18.0
2026-09-03 18:37:25,966 [ERROR] AppliInfo:139 - Unknown STM32CubeMX version: 6.18.0
2026-09-03 18:37:25,967 [ERROR] AppliInfo:139 - Unknown STM32CubeMX version: 6.18.0
2026-09-03 18:37:25,967 [ERROR] AppliInfo:139 - Unknown STM32CubeMX version: 6.18.0
2026-09-03 18:37:25,967 [ERROR] AppliInfo:139 - Unknown STM32CubeMX version: 6.18.0
2026-09-03 18:37:25,967 [ERROR] AppliInfo:139 - Unknown STM32CubeMX version: 6.18.0
2026-09-03 18:37:25,967 [ERROR] AppliInfo:139 - Unknown STM32CubeMX version: 6.18.0
2026-09-03 18:37:25,967 [ERROR] AppliInfo:139 - Unknown STM32CubeMX version: 6.18.0
2026-09-03 18:37:25,967 [ERROR] AppliInfo:139 - Unknown STM32CubeMX version: 6.18.0
2026-09-03 18:37:25,967 [ERROR] AppliInfo:139 - Unknown STM32CubeMX version: 6.18.0
2026-09-03 18:37:25,967 [ERROR] AppliInfo:139 - Unknown STM32CubeMX version: 6.18.0
2026-09-03 18:37:25,967 [ERROR] AppliInfo:139 - Unknown STM32CubeMX version: 6.18.0
2026-09-03 18:37:25,968 [ERROR] AppliInfo:139 - Unknown STM32CubeMX version: 6.18.0
2026-09-03 18:37:25,968 [ERROR] AppliInfo:139 - Unknown STM32CubeMX version: 6.18.0
2026-09-03 18:37:25,968 [ERROR] AppliInfo:139 - Unknown STM32CubeMX version: 6.18.0
2026-09-03 18:37:25,968 [ERROR] AppliInfo:139 - Unknown STM32CubeMX version: 6.18.0
2026-09-03 18:37:25,968 [ERROR] AppliInfo:139 - Unknown STM32CubeMX version: 6.18.0
2026-09-03 18:37:25,968 [ERROR] AppliInfo:139 - Unknown STM32CubeMX version: 6.18.0
2026-09-03 18:37:25,968 [ERROR] AppliInfo:139 - Unknown STM32CubeMX version: 6.18.0
2026-09-03 18:37:25,968 [ERROR] AppliInfo:139 - Unknown STM32CubeMX version: 6.18.0
2026-09-03 18:37:25,968 [ERROR] AppliInfo:139 - Unknown STM32CubeMX version: 6.18.0
2026-09-03 18:37:25,969 [ERROR] AppliInfo:139 - Unknown STM32CubeMX version: 6.18.0
2026-09-03 18:37:25,969 [ERROR] AppliInfo:139 - Unknown STM32CubeMX version: 6.18.0
2026-09-03 18:37:25,969 [ERROR] AppliInfo:139 - Unknown STM32CubeMX version: 6.18.0
2026-09-03 18:37:25,969 [ERROR] AppliInfo:139 - Unknown STM32CubeMX version: 6.18.0
2026-09-03 18:37:25,969 [ERROR] AppliInfo:139 - Unknown STM32CubeMX version: 6.18.0
2026-09-03 18:37:25,969 [ERROR] AppliInfo:139 - Unknown STM32CubeMX version: 6.18.0
2026-09-03 18:37:25,969 [ERROR] AppliInfo:139 - Unknown STM32CubeMX version: 6.18.0
2026-09-03 18:37:25,969 [ERROR] AppliInfo:139 - Unknown STM32CubeMX version: 6.18.0
2026-09-03 18:37:25,969 [ERROR] AppliInfo:139 - Unknown STM32CubeMX version: 6.18.0
2026-09-03 18:37:25,969 [ERROR] AppliInfo:139 - Unknown STM32CubeMX version: 6.18.0
2026-09-03 18:37:25,969 [ERROR] AppliInfo:139 - Unknown STM32CubeMX version: 6.18.0
2026-09-03 18:37:25,970 [ERROR] AppliInfo:139 - Unknown STM32CubeMX version: 6.18.0
2026-09-03 18:37:25,970 [ERROR] AppliInfo:139 - Unknown STM32CubeMX version: 6.18.0
2026-09-03 18:37:25,983 [ERROR] AppliInfo:139 - Unknown STM32CubeMX version: 6.14.0
2026-09-03 18:37:25,986 [ERROR] AppliInfo:139 - Unknown STM32CubeMX version: 6.18.0
2026-09-03 18:37:25,986 [ERROR] AppliInfo:139 - Unknown STM32CubeMX version: 6.18.0
2026-09-03 18:37:25,986 [ERROR] AppliInfo:139 - Unknown STM32CubeMX version: 6.18.0
2026-09-03 18:37:25,986 [ERROR] AppliInfo:139 - Unknown STM32CubeMX version: 6.18.0
2026-09-03 18:37:25,991 [ERROR] AppliInfo:139 - Unknown STM32CubeMX version: 6.18.0
2026-09-03 18:37:25,991 [ERROR] AppliInfo:139 - Unknown STM32CubeMX version: 6.18.0
2026-09-03 18:37:25,991 [ERROR] AppliInfo:139 - Unknown STM32CubeMX version: 6.18.0
2026-09-03 18:37:25,992 [ERROR] AppliInfo:139 - Unknown STM32CubeMX version: 6.18.0
2026-09-03 18:37:25,992 [ERROR] AppliInfo:139 - Unknown STM32CubeMX version: 6.18.0
2026-09-03 18:37:25,992 [ERROR] AppliInfo:139 - Unknown STM32CubeMX version: 6.18.0
2026-09-03 18:37:25,992 [ERROR] AppliInfo:139 - Unknown STM32CubeMX version: 6.18.0
2026-09-03 18:37:25,993 [ERROR] AppliInfo:139 - Unknown STM32CubeMX version: 6.13.0
2026-09-03 18:37:25,993 [ERROR] AppliInfo:139 - Unknown STM32CubeMX version: 6.18.0
2026-09-03 18:37:25,993 [ERROR] AppliInfo:139 - Unknown STM32CubeMX version: 6.18.0
2026-09-03 18:37:25,993 [ERROR] AppliInfo:139 - Unknown STM32CubeMX version: 6.18.0
2026-09-03 18:37:25,993 [ERROR] AppliInfo:139 - Unknown STM32CubeMX version: 6.18.0
2026-09-03 18:37:25,994 [ERROR] AppliInfo:139 - Unknown STM32CubeMX version: 6.18.0
2026-09-03 18:37:25,995 [ERROR] AppliInfo:139 - Unknown STM32CubeMX version: 6.18.0
2026-09-03 18:37:25,995 [ERROR] AppliInfo:139 - Unknown STM32CubeMX version: 6.18.0
2026-09-03 18:37:25,995 [ERROR] AppliInfo:139 - Unknown STM32CubeMX version: 6.18.0
2026-09-03 18:37:25,995 [ERROR] AppliInfo:139 - Unknown STM32CubeMX version: 6.18.0
2026-09-03 18:37:25,995 [ERROR] AppliInfo:139 - Unknown STM32CubeMX version: 6.18.0
2026-09-03 18:37:25,995 [ERROR] AppliInfo:139 - Unknown STM32CubeMX version: 6.18.0
2026-09-03 18:37:25,995 [ERROR] AppliInfo:139 - Unknown STM32CubeMX version: 6.18.0
2026-09-03 18:37:25,995 [ERROR] AppliInfo:139 - Unknown STM32CubeMX version: 6.18.0
2026-09-03 18:37:25,995 [ERROR] AppliInfo:139 - Unknown STM32CubeMX version: 6.18.0
2026-09-03 18:37:25,996 [ERROR] AppliInfo:139 - Unknown STM32CubeMX version: 6.18.0
2026-09-03 18:37:25,996 [ERROR] AppliInfo:139 - Unknown STM32CubeMX version: 6.18.0
2026-09-03 18:37:25,996 [ERROR] AppliInfo:139 - Unknown STM32CubeMX version: 6.18.0
2026-09-03 18:37:25,996 [ERROR] AppliInfo:139 - Unknown STM32CubeMX version: 6.18.0
2026-09-03 18:37:25,996 [ERROR] AppliInfo:139 - Unknown STM32CubeMX version: 6.18.0
2026-09-03 18:37:25,997 [ERROR] AppliInfo:139 - Unknown STM32CubeMX version: 6.18.0
2026-09-03 18:37:25,997 [ERROR] AppliInfo:139 - Unknown STM32CubeMX version: 6.18.0
2026-09-03 18:37:25,997 [ERROR] AppliInfo:139 - Unknown STM32CubeMX version: 6.18.0
2026-09-03 18:37:25,997 [ERROR] AppliInfo:139 - Unknown STM32CubeMX version: 6.18.0
2026-09-03 18:37:25,997 [ERROR] AppliInfo:139 - Unknown STM32CubeMX version: 6.18.0
2026-09-03 18:37:25,999 [ERROR] AppliInfo:139 - Unknown STM32CubeMX version: 6.18.0
2026-09-03 18:37:25,999 [ERROR] AppliInfo:139 - Unknown STM32CubeMX version: 6.13.0
2026-09-03 18:37:25,999 [ERROR] AppliInfo:139 - Unknown STM32CubeMX version: 6.18.0
2026-09-03 18:37:25,999 [ERROR] AppliInfo:139 - Unknown STM32CubeMX version: 6.18.0
2026-09-03 18:37:25,999 [ERROR] AppliInfo:139 - Unknown STM32CubeMX version: 6.18.0
2026-09-03 18:37:25,999 [ERROR] AppliInfo:139 - Unknown STM32CubeMX version: 6.18.0
2026-09-03 18:37:26,000 [ERROR] AppliInfo:139 - Unknown STM32CubeMX version: 6.18.0
2026-09-03 18:37:26,000 [ERROR] AppliInfo:139 - Unknown STM32CubeMX version: 6.18.0
2026-09-03 18:37:26,000 [ERROR] AppliInfo:139 - Unknown STM32CubeMX version: 6.18.0
2026-09-03 18:37:26,000 [ERROR] AppliInfo:139 - Unknown STM32CubeMX version: 6.18.0
2026-09-03 18:37:26,000 [ERROR] AppliInfo:139 - Unknown STM32CubeMX version: 6.18.0
2026-09-03 18:37:26,001 [ERROR] AppliInfo:139 - Unknown STM32CubeMX version: 6.18.0
2026-09-03 18:37:26,001 [ERROR] AppliInfo:139 - Unknown STM32CubeMX version: 6.18.0
2026-09-03 18:37:26,002 [ERROR] AppliInfo:139 - Unknown STM32CubeMX version: 6.18.0
2026-09-03 18:37:26,002 [ERROR] AppliInfo:139 - Unknown STM32CubeMX version: 6.18.0
2026-09-03 18:37:26,002 [ERROR] AppliInfo:139 - Unknown STM32CubeMX version: 6.18.0
2026-09-03 18:37:26,002 [ERROR] AppliInfo:139 - Unknown STM32CubeMX version: 6.18.0
2026-09-03 18:37:26,002 [ERROR] AppliInfo:139 - Unknown STM32CubeMX version: 6.18.0
2026-09-03 18:37:26,002 [ERROR] AppliInfo:139 - Unknown STM32CubeMX version: 6.13.0
2026-09-03 18:37:26,003 [ERROR] AppliInfo:139 - Unknown STM32CubeMX version: 6.16.0
2026-09-03 18:37:26,005 [ERROR] AppliInfo:139 - Unknown STM32CubeMX version: 6.13.0
2026-09-03 18:37:26,011 [ERROR] AppliInfo:139 - Unknown STM32CubeMX version: 6.14.0
2026-09-03 18:37:26,011 [ERROR] AppliInfo:139 - Unknown STM32CubeMX version: 6.13.0
2026-09-03 18:37:26,011 [ERROR] AppliInfo:139 - Unknown STM32CubeMX version: 6.13.0
2026-09-03 18:37:26,017 [ERROR] AppliInfo:139 - Unknown STM32CubeMX version: 6.16.0
2026-09-03 18:37:26,017 [ERROR] AppliInfo:139 - Unknown STM32CubeMX version: 6.16.0
2026-09-03 18:37:26,017 [ERROR] AppliInfo:139 - Unknown STM32CubeMX version: 6.16.0
2026-09-03 18:37:26,017 [ERROR] AppliInfo:139 - Unknown STM32CubeMX version: 6.16.0
2026-09-03 18:37:26,018 [ERROR] AppliInfo:139 - Unknown STM32CubeMX version: 6.16.0
2026-09-03 18:37:26,018 [ERROR] AppliInfo:139 - Unknown STM32CubeMX version: 6.16.0
2026-09-03 18:37:26,019 [ERROR] AppliInfo:139 - Unknown STM32CubeMX version: 6.13.0
2026-09-03 18:37:26,024 [ERROR] AppliInfo:139 - Unknown STM32CubeMX version: 6.13.0
2026-09-03 18:37:26,054 [ERROR] AppliInfo:139 - Unknown STM32CubeMX version: 6.14.0
2026-09-03 18:37:26,054 [ERROR] AppliInfo:139 - Unknown STM32CubeMX version: 6.14.0
2026-09-03 18:37:26,055 [ERROR] AppliInfo:139 - Unknown STM32CubeMX version: 6.14.0
2026-09-03 18:37:26,055 [ERROR] AppliInfo:139 - Unknown STM32CubeMX version: 6.12.1
2026-09-03 18:37:26,055 [ERROR] AppliInfo:139 - Unknown STM32CubeMX version: 6.16.0
2026-09-03 18:37:26,055 [ERROR] AppliInfo:139 - Unknown STM32CubeMX version: 6.16.0
2026-09-03 18:37:26,055 [ERROR] AppliInfo:139 - Unknown STM32CubeMX version: 6.16.0
2026-09-03 18:37:26,055 [ERROR] AppliInfo:139 - Unknown STM32CubeMX version: 6.16.0
2026-09-03 18:37:26,056 [ERROR] AppliInfo:139 - Unknown STM32CubeMX version: 6.16.0
2026-09-03 18:37:26,056 [ERROR] AppliInfo:139 - Unknown STM32CubeMX version: 6.16.0
2026-09-03 18:37:26,056 [ERROR] AppliInfo:139 - Unknown STM32CubeMX version: 6.16.0
2026-09-03 18:37:26,056 [ERROR] AppliInfo:139 - Unknown STM32CubeMX version: 6.16.0
2026-09-03 18:37:26,056 [ERROR] AppliInfo:139 - Unknown STM32CubeMX version: 6.16.0
2026-09-03 18:37:26,056 [ERROR] AppliInfo:139 - Unknown STM32CubeMX version: 6.16.0
2026-09-03 18:37:26,056 [ERROR] AppliInfo:139 - Unknown STM32CubeMX version: 6.16.0
2026-09-03 18:37:26,056 [ERROR] AppliInfo:139 - Unknown STM32CubeMX version: 6.16.0
2026-09-03 18:37:26,056 [ERROR] AppliInfo:139 - Unknown STM32CubeMX version: 6.16.0
2026-09-03 18:37:26,056 [ERROR] AppliInfo:139 - Unknown STM32CubeMX version: 6.16.0
2026-09-03 18:37:26,057 [ERROR] AppliInfo:139 - Unknown STM32CubeMX version: 6.16.0
2026-09-03 18:37:26,057 [ERROR] AppliInfo:139 - Unknown STM32CubeMX version: 6.16.0
2026-09-03 18:37:26,057 [ERROR] AppliInfo:139 - Unknown STM32CubeMX version: 6.16.0
2026-09-03 18:37:26,057 [ERROR] AppliInfo:139 - Unknown STM32CubeMX version: 6.16.0
2026-09-03 18:37:26,057 [ERROR] AppliInfo:139 - Unknown STM32CubeMX version: 6.16.0
2026-09-03 18:37:26,057 [ERROR] AppliInfo:139 - Unknown STM32CubeMX version: 6.16.0
2026-09-03 18:37:26,057 [ERROR] AppliInfo:139 - Unknown STM32CubeMX version: 6.18.0
2026-09-03 18:37:26,057 [ERROR] AppliInfo:139 - Unknown STM32CubeMX version: 6.14.0
2026-09-03 18:37:26,058 [ERROR] AppliInfo:139 - Unknown STM32CubeMX version: 6.14.0
2026-09-03 18:37:26,058 [ERROR] AppliInfo:139 - Unknown STM32CubeMX version: 6.14.0
2026-09-03 18:37:26,058 [ERROR] AppliInfo:139 - Unknown STM32CubeMX version: 6.14.0
2026-09-03 18:37:26,061 [ERROR] AppliInfo:139 - Unknown STM32CubeMX version: 6.14.0
2026-09-03 18:37:26,061 [ERROR] AppliInfo:139 - Unknown STM32CubeMX version: 6.14.0
2026-09-03 18:37:26,061 [ERROR] AppliInfo:139 - Unknown STM32CubeMX version: 6.14.0
2026-09-03 18:37:26,062 [ERROR] AppliInfo:139 - Unknown STM32CubeMX version: 6.14.0
2026-09-03 18:37:26,062 [ERROR] AppliInfo:139 - Unknown STM32CubeMX version: 6.14.0
2026-09-03 18:37:26,062 [ERROR] AppliInfo:139 - Unknown STM32CubeMX version: 6.14.0
2026-09-03 18:37:26,062 [ERROR] AppliInfo:139 - Unknown STM32CubeMX version: 6.14.0
2026-09-03 18:37:26,062 [ERROR] AppliInfo:139 - Unknown STM32CubeMX version: 6.14.0
2026-09-03 18:37:26,062 [ERROR] AppliInfo:139 - Unknown STM32CubeMX version: 6.14.0
2026-09-03 18:37:26,063 [ERROR] AppliInfo:139 - Unknown STM32CubeMX version: 6.14.0
2026-09-03 18:37:26,063 [ERROR] AppliInfo:139 - Unknown STM32CubeMX version: 6.14.0
2026-09-03 18:37:26,063 [ERROR] AppliInfo:139 - Unknown STM32CubeMX version: 6.14.0
2026-09-03 18:37:26,063 [ERROR] AppliInfo:139 - Unknown STM32CubeMX version: 6.14.0
2026-09-03 18:37:26,063 [ERROR] AppliInfo:139 - Unknown STM32CubeMX version: 6.14.0
2026-09-03 18:37:26,063 [ERROR] AppliInfo:139 - Unknown STM32CubeMX version: 6.14.0
2026-09-03 18:37:26,063 [ERROR] AppliInfo:139 - Unknown STM32CubeMX version: 6.14.0
2026-09-03 18:37:26,063 [ERROR] AppliInfo:139 - Unknown STM32CubeMX version: 6.14.0
2026-09-03 18:37:26,063 [ERROR] AppliInfo:139 - Unknown STM32CubeMX version: 6.14.0
2026-09-03 18:37:26,063 [ERROR] AppliInfo:139 - Unknown STM32CubeMX version: 6.14.0
2026-09-03 18:37:26,064 [ERROR] AppliInfo:139 - Unknown STM32CubeMX version: 6.14.0
2026-09-03 18:37:26,064 [ERROR] AppliInfo:139 - Unknown STM32CubeMX version: 6.14.0
2026-09-03 18:37:26,064 [ERROR] AppliInfo:139 - Unknown STM32CubeMX version: 6.14.0
2026-09-03 18:37:26,064 [ERROR] AppliInfo:139 - Unknown STM32CubeMX version: 6.14.0
2026-09-03 18:37:26,064 [ERROR] AppliInfo:139 - Unknown STM32CubeMX version: 6.14.0
2026-09-03 18:37:26,064 [ERROR] AppliInfo:139 - Unknown STM32CubeMX version: 6.14.0
2026-09-03 18:37:26,064 [ERROR] AppliInfo:139 - Unknown STM32CubeMX version: 6.14.0
2026-09-03 18:37:26,064 [ERROR] AppliInfo:139 - Unknown STM32CubeMX version: 6.14.0
2026-09-03 18:37:26,064 [ERROR] AppliInfo:139 - Unknown STM32CubeMX version: 6.14.0
2026-09-03 18:37:26,064 [ERROR] AppliInfo:139 - Unknown STM32CubeMX version: 6.14.0
2026-09-03 18:37:26,065 [ERROR] AppliInfo:139 - Unknown STM32CubeMX version: 6.14.0
2026-09-03 18:37:26,065 [ERROR] AppliInfo:139 - Unknown STM32CubeMX version: 6.14.0
2026-09-03 18:37:26,065 [ERROR] AppliInfo:139 - Unknown STM32CubeMX version: 6.14.0
2026-09-03 18:37:26,065 [ERROR] AppliInfo:139 - Unknown STM32CubeMX version: 6.14.0
2026-09-03 18:37:26,065 [ERROR] AppliInfo:139 - Unknown STM32CubeMX version: 6.16.0
2026-09-03 18:37:26,065 [ERROR] AppliInfo:139 - Unknown STM32CubeMX version: 6.16.0
2026-09-03 18:37:26,065 [ERROR] AppliInfo:139 - Unknown STM32CubeMX version: 6.16.0
2026-09-03 18:37:26,065 [ERROR] AppliInfo:139 - Unknown STM32CubeMX version: 6.16.0
2026-09-03 18:37:26,065 [ERROR] AppliInfo:139 - Unknown STM32CubeMX version: 6.16.0
2026-09-03 18:37:26,065 [ERROR] AppliInfo:139 - Unknown STM32CubeMX version: 6.16.0
2026-09-03 18:37:26,066 [ERROR] AppliInfo:139 - Unknown STM32CubeMX version: 6.16.0
2026-09-03 18:37:26,066 [ERROR] AppliInfo:139 - Unknown STM32CubeMX version: 6.16.0
2026-09-03 18:37:26,066 [ERROR] AppliInfo:139 - Unknown STM32CubeMX version: 6.16.0
2026-09-03 18:37:26,066 [ERROR] AppliInfo:139 - Unknown STM32CubeMX version: 6.16.0
2026-09-03 18:37:26,066 [ERROR] AppliInfo:139 - Unknown STM32CubeMX version: 6.16.0
2026-09-03 18:37:26,066 [ERROR] AppliInfo:139 - Unknown STM32CubeMX version: 6.16.0
2026-09-03 18:37:26,066 [ERROR] AppliInfo:139 - Unknown STM32CubeMX version: 6.16.0
2026-09-03 18:37:26,066 [ERROR] AppliInfo:139 - Unknown STM32CubeMX version: 6.16.0
2026-09-03 18:37:26,066 [ERROR] AppliInfo:139 - Unknown STM32CubeMX version: 6.16.0
2026-09-03 18:37:26,066 [ERROR] AppliInfo:139 - Unknown STM32CubeMX version: 6.16.0
2026-09-03 18:37:26,067 [ERROR] AppliInfo:139 - Unknown STM32CubeMX version: 6.16.0
2026-09-03 18:37:26,067 [ERROR] AppliInfo:139 - Unknown STM32CubeMX version: 6.16.0
2026-09-03 18:37:26,067 [ERROR] AppliInfo:139 - Unknown STM32CubeMX version: 6.16.0
2026-09-03 18:37:26,067 [ERROR] AppliInfo:139 - Unknown STM32CubeMX version: 6.16.0
2026-09-03 18:37:26,067 [ERROR] AppliInfo:139 - Unknown STM32CubeMX version: 6.16.0
2026-09-03 18:37:26,067 [ERROR] AppliInfo:139 - Unknown STM32CubeMX version: 6.14.0
2026-09-03 18:37:26,068 [ERROR] AppliInfo:139 - Unknown STM32CubeMX version: 6.14.0
2026-09-03 18:37:26,068 [ERROR] AppliInfo:139 - Unknown STM32CubeMX version: 6.14.0
2026-09-03 18:37:26,068 [ERROR] AppliInfo:139 - Unknown STM32CubeMX version: 6.14.0
2026-09-03 18:37:26,068 [ERROR] AppliInfo:139 - Unknown STM32CubeMX version: 6.14.0
2026-09-03 18:37:26,068 [ERROR] AppliInfo:139 - Unknown STM32CubeMX version: 6.14.0
2026-09-03 18:37:26,068 [ERROR] AppliInfo:139 - Unknown STM32CubeMX version: 6.14.0
2026-09-03 18:37:26,068 [ERROR] AppliInfo:139 - Unknown STM32CubeMX version: 6.14.0
2026-09-03 18:37:26,068 [ERROR] AppliInfo:139 - Unknown STM32CubeMX version: 6.14.0
2026-09-03 18:37:26,068 [ERROR] AppliInfo:139 - Unknown STM32CubeMX version: 6.14.0
2026-09-03 18:37:26,069 [ERROR] AppliInfo:139 - Unknown STM32CubeMX version: 6.14.0
2026-09-03 18:37:26,069 [ERROR] AppliInfo:139 - Unknown STM32CubeMX version: 6.14.0
2026-09-03 18:37:26,069 [ERROR] AppliInfo:139 - Unknown STM32CubeMX version: 6.14.0
2026-09-03 18:37:26,069 [ERROR] AppliInfo:139 - Unknown STM32CubeMX version: 6.14.0
2026-09-03 18:37:26,069 [ERROR] AppliInfo:139 - Unknown STM32CubeMX version: 6.14.0
2026-09-03 18:37:26,069 [ERROR] AppliInfo:139 - Unknown STM32CubeMX version: 6.14.0
2026-09-03 18:37:26,069 [ERROR] AppliInfo:139 - Unknown STM32CubeMX version: 6.14.0
2026-09-03 18:37:26,069 [ERROR] AppliInfo:139 - Unknown STM32CubeMX version: 6.14.0
2026-09-03 18:37:26,069 [ERROR] AppliInfo:139 - Unknown STM32CubeMX version: 6.14.0
2026-09-03 18:37:26,069 [ERROR] AppliInfo:139 - Unknown STM32CubeMX version: 6.14.0
2026-09-03 18:37:26,069 [ERROR] AppliInfo:139 - Unknown STM32CubeMX version: 6.14.0
2026-09-03 18:37:26,069 [ERROR] AppliInfo:139 - Unknown STM32CubeMX version: 6.14.0
2026-09-03 18:37:26,070 [ERROR] AppliInfo:139 - Unknown STM32CubeMX version: 6.14.0
2026-09-03 18:37:26,070 [ERROR] AppliInfo:139 - Unknown STM32CubeMX version: 6.14.0
2026-09-03 18:37:26,070 [ERROR] AppliInfo:139 - Unknown STM32CubeMX version: 6.14.0
2026-09-03 18:37:26,070 [ERROR] AppliInfo:139 - Unknown STM32CubeMX version: 6.14.0
2026-09-03 18:37:26,070 [ERROR] AppliInfo:139 - Unknown STM32CubeMX version: 6.14.0
2026-09-03 18:37:26,070 [ERROR] AppliInfo:139 - Unknown STM32CubeMX version: 6.14.0
2026-09-03 18:37:26,070 [ERROR] AppliInfo:139 - Unknown STM32CubeMX version: 6.14.0
2026-09-03 18:37:26,070 [ERROR] AppliInfo:139 - Unknown STM32CubeMX version: 6.14.0
2026-09-03 18:37:26,070 [ERROR] AppliInfo:139 - Unknown STM32CubeMX version: 6.14.0
2026-09-03 18:37:26,070 [ERROR] AppliInfo:139 - Unknown STM32CubeMX version: 6.14.0
2026-09-03 18:37:26,071 [ERROR] AppliInfo:139 - Unknown STM32CubeMX version: 6.14.0
2026-09-03 18:37:26,071 [ERROR] AppliInfo:139 - Unknown STM32CubeMX version: 6.14.0
2026-09-03 18:37:26,071 [ERROR] AppliInfo:139 - Unknown STM32CubeMX version: 6.14.0
2026-09-03 18:37:26,071 [ERROR] AppliInfo:139 - Unknown STM32CubeMX version: 6.14.0
2026-09-03 18:37:26,071 [ERROR] AppliInfo:139 - Unknown STM32CubeMX version: 6.14.0
2026-09-03 18:37:26,071 [ERROR] AppliInfo:139 - Unknown STM32CubeMX version: 6.16.0
2026-09-03 18:37:26,071 [ERROR] AppliInfo:139 - Unknown STM32CubeMX version: 6.16.0
2026-09-03 18:37:26,071 [ERROR] AppliInfo:139 - Unknown STM32CubeMX version: 6.16.0
2026-09-03 18:37:26,071 [ERROR] AppliInfo:139 - Unknown STM32CubeMX version: 6.16.0
2026-09-03 18:37:26,071 [ERROR] AppliInfo:139 - Unknown STM32CubeMX version: 6.16.0
2026-09-03 18:37:26,072 [ERROR] AppliInfo:139 - Unknown STM32CubeMX version: 6.16.0
2026-09-03 18:37:26,072 [ERROR] AppliInfo:139 - Unknown STM32CubeMX version: 6.16.0
2026-09-03 18:37:26,072 [ERROR] AppliInfo:139 - Unknown STM32CubeMX version: 6.16.0
2026-09-03 18:37:26,072 [ERROR] AppliInfo:139 - Unknown STM32CubeMX version: 6.16.0
2026-09-03 18:37:26,072 [ERROR] AppliInfo:139 - Unknown STM32CubeMX version: 6.16.0
2026-09-03 18:37:26,072 [ERROR] AppliInfo:139 - Unknown STM32CubeMX version: 6.16.0
2026-09-03 18:37:26,072 [ERROR] AppliInfo:139 - Unknown STM32CubeMX version: 6.16.0
2026-09-03 18:37:26,072 [ERROR] AppliInfo:139 - Unknown STM32CubeMX version: 6.16.0
2026-09-03 18:37:26,072 [ERROR] AppliInfo:139 - Unknown STM32CubeMX version: 6.16.0
2026-09-03 18:37:26,072 [ERROR] AppliInfo:139 - Unknown STM32CubeMX version: 6.16.0
2026-09-03 18:37:26,073 [ERROR] AppliInfo:139 - Unknown STM32CubeMX version: 6.16.0
2026-09-03 18:37:26,073 [ERROR] AppliInfo:139 - Unknown STM32CubeMX version: 6.16.0
2026-09-03 18:37:26,073 [ERROR] AppliInfo:139 - Unknown STM32CubeMX version: 6.16.0
2026-09-03 18:37:26,073 [ERROR] AppliInfo:139 - Unknown STM32CubeMX version: 6.16.0
2026-09-03 18:37:26,073 [ERROR] AppliInfo:139 - Unknown STM32CubeMX version: 6.16.0
2026-09-03 18:37:26,073 [ERROR] AppliInfo:139 - Unknown STM32CubeMX version: 6.16.0
2026-09-03 18:37:26,073 [ERROR] AppliInfo:139 - Unknown STM32CubeMX version: 6.14.0
2026-09-03 18:37:26,073 [ERROR] AppliInfo:139 - Unknown STM32CubeMX version: 6.14.0
2026-09-03 18:37:26,073 [ERROR] AppliInfo:139 - Unknown STM32CubeMX version: 6.14.0
2026-09-03 18:37:26,074 [ERROR] AppliInfo:139 - Unknown STM32CubeMX version: 6.14.0
2026-09-03 18:37:26,074 [ERROR] AppliInfo:139 - Unknown STM32CubeMX version: 6.14.0
2026-09-03 18:37:26,074 [ERROR] AppliInfo:139 - Unknown STM32CubeMX version: 6.14.0
2026-09-03 18:37:26,075 [ERROR] AppliInfo:139 - Unknown STM32CubeMX version: 6.14.0
2026-09-03 18:37:26,075 [ERROR] AppliInfo:139 - Unknown STM32CubeMX version: 6.14.0
2026-09-03 18:37:26,075 [ERROR] AppliInfo:139 - Unknown STM32CubeMX version: 6.14.0
2026-09-03 18:37:26,075 [ERROR] AppliInfo:139 - Unknown STM32CubeMX version: 6.14.0
2026-09-03 18:37:26,075 [ERROR] AppliInfo:139 - Unknown STM32CubeMX version: 6.14.0
2026-09-03 18:37:26,075 [ERROR] AppliInfo:139 - Unknown STM32CubeMX version: 6.14.0
2026-09-03 18:37:26,075 [ERROR] AppliInfo:139 - Unknown STM32CubeMX version: 6.14.0
2026-09-03 18:37:26,075 [ERROR] AppliInfo:139 - Unknown STM32CubeMX version: 6.14.0
2026-09-03 18:37:26,075 [ERROR] AppliInfo:139 - Unknown STM32CubeMX version: 6.14.0
2026-09-03 18:37:26,075 [ERROR] AppliInfo:139 - Unknown STM32CubeMX version: 6.14.0
2026-09-03 18:37:26,075 [ERROR] AppliInfo:139 - Unknown STM32CubeMX version: 6.14.0
2026-09-03 18:37:26,076 [ERROR] AppliInfo:139 - Unknown STM32CubeMX version: 6.14.0
2026-09-03 18:37:26,076 [ERROR] AppliInfo:139 - Unknown STM32CubeMX version: 6.14.0
2026-09-03 18:37:26,076 [ERROR] AppliInfo:139 - Unknown STM32CubeMX version: 6.14.0
2026-09-03 18:37:26,076 [ERROR] AppliInfo:139 - Unknown STM32CubeMX version: 6.14.0
2026-09-03 18:37:26,076 [ERROR] AppliInfo:139 - Unknown STM32CubeMX version: 6.14.0
2026-09-03 18:37:26,076 [ERROR] AppliInfo:139 - Unknown STM32CubeMX version: 6.14.0
2026-09-03 18:37:26,076 [ERROR] AppliInfo:139 - Unknown STM32CubeMX version: 6.14.0
2026-09-03 18:37:26,076 [ERROR] AppliInfo:139 - Unknown STM32CubeMX version: 6.14.0
2026-09-03 18:37:26,076 [ERROR] AppliInfo:139 - Unknown STM32CubeMX version: 6.14.0
2026-09-03 18:37:26,077 [ERROR] AppliInfo:139 - Unknown STM32CubeMX version: 6.14.0
2026-09-03 18:37:26,077 [ERROR] AppliInfo:139 - Unknown STM32CubeMX version: 6.14.0
2026-09-03 18:37:26,077 [ERROR] AppliInfo:139 - Unknown STM32CubeMX version: 6.14.0
2026-09-03 18:37:26,077 [ERROR] AppliInfo:139 - Unknown STM32CubeMX version: 6.14.0
2026-09-03 18:37:26,077 [ERROR] AppliInfo:139 - Unknown STM32CubeMX version: 6.14.0
2026-09-03 18:37:26,077 [ERROR] AppliInfo:139 - Unknown STM32CubeMX version: 6.14.0
2026-09-03 18:37:26,077 [ERROR] AppliInfo:139 - Unknown STM32CubeMX version: 6.14.0
2026-09-03 18:37:26,077 [ERROR] AppliInfo:139 - Unknown STM32CubeMX version: 6.14.0
2026-09-03 18:37:26,077 [ERROR] AppliInfo:139 - Unknown STM32CubeMX version: 6.14.0
2026-09-03 18:37:26,080 [ERROR] AppliInfo:139 - Unknown STM32CubeMX version: 6.14.0
2026-09-03 18:37:26,080 [ERROR] AppliInfo:139 - Unknown STM32CubeMX version: 6.14.0
2026-09-03 18:37:26,080 [ERROR] AppliInfo:139 - Unknown STM32CubeMX version: 6.14.0
2026-09-03 18:37:26,080 [ERROR] AppliInfo:139 - Unknown STM32CubeMX version: 6.14.0
2026-09-03 18:37:26,080 [ERROR] AppliInfo:139 - Unknown STM32CubeMX version: 6.14.0
2026-09-03 18:37:26,080 [ERROR] AppliInfo:139 - Unknown STM32CubeMX version: 6.14.0
2026-09-03 18:37:26,080 [ERROR] AppliInfo:139 - Unknown STM32CubeMX version: 6.14.0
2026-09-03 18:37:26,080 [ERROR] AppliInfo:139 - Unknown STM32CubeMX version: 6.14.0
2026-09-03 18:37:26,081 [ERROR] AppliInfo:139 - Unknown STM32CubeMX version: 6.14.0
2026-09-03 18:37:26,081 [ERROR] AppliInfo:139 - Unknown STM32CubeMX version: 6.14.0
2026-09-03 18:37:26,081 [ERROR] AppliInfo:139 - Unknown STM32CubeMX version: 6.14.0
2026-09-03 18:37:26,081 [ERROR] AppliInfo:139 - Unknown STM32CubeMX version: 6.14.0
2026-09-03 18:37:26,081 [ERROR] AppliInfo:139 - Unknown STM32CubeMX version: 6.14.0
2026-09-03 18:37:26,081 [ERROR] AppliInfo:139 - Unknown STM32CubeMX version: 6.14.0
2026-09-03 18:37:26,081 [ERROR] AppliInfo:139 - Unknown STM32CubeMX version: 6.14.0
2026-09-03 18:37:26,081 [ERROR] AppliInfo:139 - Unknown STM32CubeMX version: 6.14.0
2026-09-03 18:37:26,081 [ERROR] AppliInfo:139 - Unknown STM32CubeMX version: 6.14.0
2026-09-03 18:37:26,082 [ERROR] AppliInfo:139 - Unknown STM32CubeMX version: 6.14.0
2026-09-03 18:37:26,082 [ERROR] AppliInfo:139 - Unknown STM32CubeMX version: 6.14.0
2026-09-03 18:37:26,082 [ERROR] AppliInfo:139 - Unknown STM32CubeMX version: 6.14.0
2026-09-03 18:37:26,082 [ERROR] AppliInfo:139 - Unknown STM32CubeMX version: 6.14.0
2026-09-03 18:37:26,082 [ERROR] AppliInfo:139 - Unknown STM32CubeMX version: 6.14.0
2026-09-03 18:37:26,082 [ERROR] AppliInfo:139 - Unknown STM32CubeMX version: 6.14.0
2026-09-03 18:37:26,082 [ERROR] AppliInfo:139 - Unknown STM32CubeMX version: 6.14.0
2026-09-03 18:37:26,082 [ERROR] AppliInfo:139 - Unknown STM32CubeMX version: 6.14.0
2026-09-03 18:37:26,082 [ERROR] AppliInfo:139 - Unknown STM32CubeMX version: 6.14.0
2026-09-03 18:37:26,082 [ERROR] AppliInfo:139 - Unknown STM32CubeMX version: 6.14.0
2026-09-03 18:37:26,083 [ERROR] AppliInfo:139 - Unknown STM32CubeMX version: 6.14.0
2026-09-03 18:37:26,083 [ERROR] AppliInfo:139 - Unknown STM32CubeMX version: 6.14.0
2026-09-03 18:37:26,083 [ERROR] AppliInfo:139 - Unknown STM32CubeMX version: 6.14.0
2026-09-03 18:37:26,083 [ERROR] AppliInfo:139 - Unknown STM32CubeMX version: 6.14.0
2026-09-03 18:37:26,083 [ERROR] AppliInfo:139 - Unknown STM32CubeMX version: 6.14.0
2026-09-03 18:37:26,083 [ERROR] AppliInfo:139 - Unknown STM32CubeMX version: 6.14.0
2026-09-03 18:37:26,083 [ERROR] AppliInfo:139 - Unknown STM32CubeMX version: 6.14.0
2026-09-03 18:37:26,083 [ERROR] AppliInfo:139 - Unknown STM32CubeMX version: 6.14.0
2026-09-03 18:37:26,083 [ERROR] AppliInfo:139 - Unknown STM32CubeMX version: 6.16.0
2026-09-03 18:37:26,084 [ERROR] AppliInfo:139 - Unknown STM32CubeMX version: 6.16.0
2026-09-03 18:37:26,084 [ERROR] AppliInfo:139 - Unknown STM32CubeMX version: 6.16.0
2026-09-03 18:37:26,084 [ERROR] AppliInfo:139 - Unknown STM32CubeMX version: 6.16.0
2026-09-03 18:37:26,084 [ERROR] AppliInfo:139 - Unknown STM32CubeMX version: 6.16.0
2026-09-03 18:37:26,084 [ERROR] AppliInfo:139 - Unknown STM32CubeMX version: 6.16.0
2026-09-03 18:37:26,084 [ERROR] AppliInfo:139 - Unknown STM32CubeMX version: 6.16.0
2026-09-03 18:37:26,084 [ERROR] AppliInfo:139 - Unknown STM32CubeMX version: 6.16.0
2026-09-03 18:37:26,084 [ERROR] AppliInfo:139 - Unknown STM32CubeMX version: 6.16.0
2026-09-03 18:37:26,085 [ERROR] AppliInfo:139 - Unknown STM32CubeMX version: 6.14.0
2026-09-03 18:37:26,085 [ERROR] AppliInfo:139 - Unknown STM32CubeMX version: 6.14.0
2026-09-03 18:37:26,085 [ERROR] AppliInfo:139 - Unknown STM32CubeMX version: 6.14.0
2026-09-03 18:37:26,085 [ERROR] AppliInfo:139 - Unknown STM32CubeMX version: 6.14.0
2026-09-03 18:37:26,085 [ERROR] AppliInfo:139 - Unknown STM32CubeMX version: 6.16.0
2026-09-03 18:37:26,085 [ERROR] AppliInfo:139 - Unknown STM32CubeMX version: 6.16.0
2026-09-03 18:37:26,085 [ERROR] AppliInfo:139 - Unknown STM32CubeMX version: 6.16.0
2026-09-03 18:37:26,085 [ERROR] AppliInfo:139 - Unknown STM32CubeMX version: 6.16.0
2026-09-03 18:37:26,085 [ERROR] AppliInfo:139 - Unknown STM32CubeMX version: 6.16.0
2026-09-03 18:37:26,086 [ERROR] AppliInfo:139 - Unknown STM32CubeMX version: 6.16.0
2026-09-03 18:37:26,086 [ERROR] AppliInfo:139 - Unknown STM32CubeMX version: 6.14.0
2026-09-03 18:37:26,086 [ERROR] AppliInfo:139 - Unknown STM32CubeMX version: 6.14.0
2026-09-03 18:37:26,086 [ERROR] AppliInfo:139 - Unknown STM32CubeMX version: 6.14.0
2026-09-03 18:37:26,086 [ERROR] AppliInfo:139 - Unknown STM32CubeMX version: 6.14.0
2026-09-03 18:37:26,086 [ERROR] AppliInfo:139 - Unknown STM32CubeMX version: 6.16.0
2026-09-03 18:37:26,087 [ERROR] AppliInfo:139 - Unknown STM32CubeMX version: 6.16.0
2026-09-03 18:37:26,087 [ERROR] AppliInfo:139 - Unknown STM32CubeMX version: 6.16.0
2026-09-03 18:37:26,087 [ERROR] AppliInfo:139 - Unknown STM32CubeMX version: 6.16.0
2026-09-03 18:37:26,087 [ERROR] AppliInfo:139 - Unknown STM32CubeMX version: 6.16.0
2026-09-03 18:37:26,087 [ERROR] AppliInfo:139 - Unknown STM32CubeMX version: 6.16.0
2026-09-03 18:37:26,087 [ERROR] AppliInfo:139 - Unknown STM32CubeMX version: 6.16.0
2026-09-03 18:37:26,087 [ERROR] AppliInfo:139 - Unknown STM32CubeMX version: 6.16.0
2026-09-03 18:37:26,088 [ERROR] AppliInfo:139 - Unknown STM32CubeMX version: 6.14.0
2026-09-03 18:37:26,088 [ERROR] AppliInfo:139 - Unknown STM32CubeMX version: 6.14.0
2026-09-03 18:37:26,088 [ERROR] AppliInfo:139 - Unknown STM32CubeMX version: 6.14.0
2026-09-03 18:37:26,088 [ERROR] AppliInfo:139 - Unknown STM32CubeMX version: 6.14.0
2026-09-03 18:37:26,088 [ERROR] AppliInfo:139 - Unknown STM32CubeMX version: 6.16.0
2026-09-03 18:37:26,088 [ERROR] AppliInfo:139 - Unknown STM32CubeMX version: 6.16.0
2026-09-03 18:37:26,089 [ERROR] AppliInfo:139 - Unknown STM32CubeMX version: 6.16.0
2026-09-03 18:37:26,089 [ERROR] AppliInfo:139 - Unknown STM32CubeMX version: 6.16.0
2026-09-03 18:37:26,089 [ERROR] AppliInfo:139 - Unknown STM32CubeMX version: 6.16.0
2026-09-03 18:37:26,089 [ERROR] AppliInfo:139 - Unknown STM32CubeMX version: 6.16.0
2026-09-03 18:37:26,089 [ERROR] AppliInfo:139 - Unknown STM32CubeMX version: 6.16.0
2026-09-03 18:37:26,089 [ERROR] AppliInfo:139 - Unknown STM32CubeMX version: 6.16.0
2026-09-03 18:37:26,089 [ERROR] AppliInfo:139 - Unknown STM32CubeMX version: 6.16.0
2026-09-03 18:37:26,089 [ERROR] AppliInfo:139 - Unknown STM32CubeMX version: 6.16.0
2026-09-03 18:37:26,090 [ERROR] AppliInfo:139 - Unknown STM32CubeMX version: 6.16.0
2026-09-03 18:37:26,090 [ERROR] AppliInfo:139 - Unknown STM32CubeMX version: 6.16.0
2026-09-03 18:37:26,090 [ERROR] AppliInfo:139 - Unknown STM32CubeMX version: 6.16.0
2026-09-03 18:37:26,090 [ERROR] AppliInfo:139 - Unknown STM32CubeMX version: 6.16.0
2026-09-03 18:37:26,090 [ERROR] AppliInfo:139 - Unknown STM32CubeMX version: 6.16.0
2026-09-03 18:37:26,090 [ERROR] AppliInfo:139 - Unknown STM32CubeMX version: 6.16.0
2026-09-03 18:37:26,090 [ERROR] AppliInfo:139 - Unknown STM32CubeMX version: 6.16.0
2026-09-03 18:37:26,090 [ERROR] AppliInfo:139 - Unknown STM32CubeMX version: 6.16.0
2026-09-03 18:37:26,090 [ERROR] AppliInfo:139 - Unknown STM32CubeMX version: 6.16.0
2026-09-03 18:37:26,091 [ERROR] AppliInfo:139 - Unknown STM32CubeMX version: 6.16.0
2026-09-03 18:37:26,091 [ERROR] AppliInfo:139 - Unknown STM32CubeMX version: 6.16.0
2026-09-03 18:37:26,091 [ERROR] AppliInfo:139 - Unknown STM32CubeMX version: 6.16.0
2026-09-03 18:37:26,091 [ERROR] AppliInfo:139 - Unknown STM32CubeMX version: 6.16.0
2026-09-03 18:37:26,092 [ERROR] AppliInfo:139 - Unknown STM32CubeMX version: 6.16.0
2026-09-03 18:37:26,092 [ERROR] AppliInfo:139 - Unknown STM32CubeMX version: 6.18.0
2026-09-03 18:37:26,093 [ERROR] AppliInfo:139 - Unknown STM32CubeMX version: 6.18.0
2026-09-03 18:37:26,093 [ERROR] AppliInfo:139 - Unknown STM32CubeMX version: 6.18.0
2026-09-03 18:37:26,093 [ERROR] AppliInfo:139 - Unknown STM32CubeMX version: 6.18.0
2026-09-03 18:37:26,093 [ERROR] AppliInfo:139 - Unknown STM32CubeMX version: 6.18.0
2026-09-03 18:37:26,093 [ERROR] AppliInfo:139 - Unknown STM32CubeMX version: 6.18.0
2026-09-03 18:37:26,093 [ERROR] AppliInfo:139 - Unknown STM32CubeMX version: 6.18.0
2026-09-03 18:37:26,093 [ERROR] AppliInfo:139 - Unknown STM32CubeMX version: 6.18.0
2026-09-03 18:37:26,093 [ERROR] AppliInfo:139 - Unknown STM32CubeMX version: 6.18.0
2026-09-03 18:37:26,093 [ERROR] AppliInfo:139 - Unknown STM32CubeMX version: 6.18.0
2026-09-03 18:37:26,094 [ERROR] AppliInfo:139 - Unknown STM32CubeMX version: 6.18.0
2026-09-03 18:37:26,094 [ERROR] AppliInfo:139 - Unknown STM32CubeMX version: 6.18.0
2026-09-03 18:37:26,094 [ERROR] AppliInfo:139 - Unknown STM32CubeMX version: 6.18.0
2026-09-03 18:37:26,094 [ERROR] AppliInfo:139 - Unknown STM32CubeMX version: 6.18.0
2026-09-03 18:37:26,094 [ERROR] AppliInfo:139 - Unknown STM32CubeMX version: 6.18.0
2026-09-03 18:37:26,094 [ERROR] AppliInfo:139 - Unknown STM32CubeMX version: 6.18.0
2026-09-03 18:37:26,094 [ERROR] AppliInfo:139 - Unknown STM32CubeMX version: 6.18.0
2026-09-03 18:37:26,094 [ERROR] AppliInfo:139 - Unknown STM32CubeMX version: 6.18.0
2026-09-03 18:37:26,094 [ERROR] AppliInfo:139 - Unknown STM32CubeMX version: 6.18.0
2026-09-03 18:37:26,095 [ERROR] AppliInfo:139 - Unknown STM32CubeMX version: 6.17.0
2026-09-03 18:37:26,095 [ERROR] AppliInfo:139 - Unknown STM32CubeMX version: 6.17.0
2026-09-03 18:37:26,095 [ERROR] AppliInfo:139 - Unknown STM32CubeMX version: 6.17.0
2026-09-03 18:37:26,095 [ERROR] AppliInfo:139 - Unknown STM32CubeMX version: 6.17.0
2026-09-03 18:37:26,095 [ERROR] AppliInfo:139 - Unknown STM32CubeMX version: 6.17.0
2026-09-03 18:37:26,095 [ERROR] AppliInfo:139 - Unknown STM32CubeMX version: 6.14.0
2026-09-03 18:37:26,095 [ERROR] AppliInfo:139 - Unknown STM32CubeMX version: 6.14.0
2026-09-03 18:37:26,095 [ERROR] AppliInfo:139 - Unknown STM32CubeMX version: 6.14.0
2026-09-03 18:37:26,098 [ERROR] AppliInfo:139 - Unknown STM32CubeMX version: 6.14.0
2026-09-03 18:37:26,098 [ERROR] AppliInfo:139 - Unknown STM32CubeMX version: 6.14.0
2026-09-03 18:37:26,099 [ERROR] AppliInfo:139 - Unknown STM32CubeMX version: 6.14.0
2026-09-03 18:37:26,099 [ERROR] AppliInfo:139 - Unknown STM32CubeMX version: 6.14.0
2026-09-03 18:37:26,099 [ERROR] AppliInfo:139 - Unknown STM32CubeMX version: 6.14.0
2026-09-03 18:37:26,099 [ERROR] AppliInfo:139 - Unknown STM32CubeMX version: 6.14.0
2026-09-03 18:37:26,099 [ERROR] AppliInfo:139 - Unknown STM32CubeMX version: 6.14.0
2026-09-03 18:37:26,099 [ERROR] AppliInfo:139 - Unknown STM32CubeMX version: 6.14.0
2026-09-03 18:37:26,100 [ERROR] AppliInfo:139 - Unknown STM32CubeMX version: 6.14.0
2026-09-03 18:37:26,100 [ERROR] AppliInfo:139 - Unknown STM32CubeMX version: 6.14.0
2026-09-03 18:37:26,100 [ERROR] AppliInfo:139 - Unknown STM32CubeMX version: 6.14.0
2026-09-03 18:37:26,100 [ERROR] AppliInfo:139 - Unknown STM32CubeMX version: 6.14.0
2026-09-03 18:37:26,100 [ERROR] AppliInfo:139 - Unknown STM32CubeMX version: 6.14.0
2026-09-03 18:37:26,100 [ERROR] AppliInfo:139 - Unknown STM32CubeMX version: 6.14.0
2026-09-03 18:37:26,100 [ERROR] AppliInfo:139 - Unknown STM32CubeMX version: 6.14.0
2026-09-03 18:37:26,100 [ERROR] AppliInfo:139 - Unknown STM32CubeMX version: 6.14.0
2026-09-03 18:37:26,100 [ERROR] AppliInfo:139 - Unknown STM32CubeMX version: 6.14.0
2026-09-03 18:37:26,100 [ERROR] AppliInfo:139 - Unknown STM32CubeMX version: 6.14.0
2026-09-03 18:37:26,101 [ERROR] AppliInfo:139 - Unknown STM32CubeMX version: 6.14.0
2026-09-03 18:37:26,101 [ERROR] AppliInfo:139 - Unknown STM32CubeMX version: 6.14.0
2026-09-03 18:37:26,101 [ERROR] AppliInfo:139 - Unknown STM32CubeMX version: 6.14.0
2026-09-03 18:37:26,101 [ERROR] AppliInfo:139 - Unknown STM32CubeMX version: 6.14.0
2026-09-03 18:37:26,101 [ERROR] AppliInfo:139 - Unknown STM32CubeMX version: 6.14.0
2026-09-03 18:37:26,101 [ERROR] AppliInfo:139 - Unknown STM32CubeMX version: 6.14.0
2026-09-03 18:37:26,101 [ERROR] AppliInfo:139 - Unknown STM32CubeMX version: 6.14.0
2026-09-03 18:37:26,101 [ERROR] AppliInfo:139 - Unknown STM32CubeMX version: 6.14.0
2026-09-03 18:37:26,101 [ERROR] AppliInfo:139 - Unknown STM32CubeMX version: 6.14.0
2026-09-03 18:37:26,101 [ERROR] AppliInfo:139 - Unknown STM32CubeMX version: 6.14.0
2026-09-03 18:37:26,102 [ERROR] AppliInfo:139 - Unknown STM32CubeMX version: 6.14.0
2026-09-03 18:37:26,102 [ERROR] AppliInfo:139 - Unknown STM32CubeMX version: 6.14.0
2026-09-03 18:37:26,102 [ERROR] AppliInfo:139 - Unknown STM32CubeMX version: 6.14.0
2026-09-03 18:37:26,102 [ERROR] AppliInfo:139 - Unknown STM32CubeMX version: 6.14.0
2026-09-03 18:37:26,102 [ERROR] AppliInfo:139 - Unknown STM32CubeMX version: 6.14.0
2026-09-03 18:37:26,102 [ERROR] AppliInfo:139 - Unknown STM32CubeMX version: 6.14.0
2026-09-03 18:37:26,102 [ERROR] AppliInfo:139 - Unknown STM32CubeMX version: 6.14.0
2026-09-03 18:37:26,102 [ERROR] AppliInfo:139 - Unknown STM32CubeMX version: 6.14.0
2026-09-03 18:37:26,103 [ERROR] AppliInfo:139 - Unknown STM32CubeMX version: 6.14.0
2026-09-03 18:37:26,103 [ERROR] AppliInfo:139 - Unknown STM32CubeMX version: 6.14.0
2026-09-03 18:37:26,103 [ERROR] AppliInfo:139 - Unknown STM32CubeMX version: 6.14.0
2026-09-03 18:37:26,103 [ERROR] AppliInfo:139 - Unknown STM32CubeMX version: 6.14.0
2026-09-03 18:37:26,103 [ERROR] AppliInfo:139 - Unknown STM32CubeMX version: 6.14.0
2026-09-03 18:37:26,103 [ERROR] AppliInfo:139 - Unknown STM32CubeMX version: 6.14.0
2026-09-03 18:37:26,103 [ERROR] AppliInfo:139 - Unknown STM32CubeMX version: 6.14.0
2026-09-03 18:37:26,103 [ERROR] AppliInfo:139 - Unknown STM32CubeMX version: 6.14.0
2026-09-03 18:37:26,103 [ERROR] AppliInfo:139 - Unknown STM32CubeMX version: 6.14.0
2026-09-03 18:37:26,104 [ERROR] AppliInfo:139 - Unknown STM32CubeMX version: 6.14.0
2026-09-03 18:37:26,104 [ERROR] AppliInfo:139 - Unknown STM32CubeMX version: 6.14.0
2026-09-03 18:37:26,104 [ERROR] AppliInfo:139 - Unknown STM32CubeMX version: 6.14.0
2026-09-03 18:37:26,104 [ERROR] AppliInfo:139 - Unknown STM32CubeMX version: 6.14.0
2026-09-03 18:37:26,104 [ERROR] AppliInfo:139 - Unknown STM32CubeMX version: 6.14.0
2026-09-03 18:37:26,104 [ERROR] AppliInfo:139 - Unknown STM32CubeMX version: 6.14.0
2026-09-03 18:37:26,104 [ERROR] AppliInfo:139 - Unknown STM32CubeMX version: 6.14.0
2026-09-03 18:37:26,104 [ERROR] AppliInfo:139 - Unknown STM32CubeMX version: 6.14.0
2026-09-03 18:37:26,104 [ERROR] AppliInfo:139 - Unknown STM32CubeMX version: 6.14.0
2026-09-03 18:37:26,104 [ERROR] AppliInfo:139 - Unknown STM32CubeMX version: 6.14.0
2026-09-03 18:37:26,105 [ERROR] AppliInfo:139 - Unknown STM32CubeMX version: 6.14.0
2026-09-03 18:37:26,105 [ERROR] AppliInfo:139 - Unknown STM32CubeMX version: 6.14.0
2026-09-03 18:37:26,105 [ERROR] AppliInfo:139 - Unknown STM32CubeMX version: 6.14.0
2026-09-03 18:37:26,105 [ERROR] AppliInfo:139 - Unknown STM32CubeMX version: 6.14.0
2026-09-03 18:37:26,105 [ERROR] AppliInfo:139 - Unknown STM32CubeMX version: 6.16.0
2026-09-03 18:37:26,105 [ERROR] AppliInfo:139 - Unknown STM32CubeMX version: 6.14.0
2026-09-03 18:37:26,105 [ERROR] AppliInfo:139 - Unknown STM32CubeMX version: 6.14.0
2026-09-03 18:37:26,105 [ERROR] AppliInfo:139 - Unknown STM32CubeMX version: 6.14.0
2026-09-03 18:37:26,105 [ERROR] AppliInfo:139 - Unknown STM32CubeMX version: 6.14.0
2026-09-03 18:37:26,105 [ERROR] AppliInfo:139 - Unknown STM32CubeMX version: 6.14.0
2026-09-03 18:37:26,106 [ERROR] AppliInfo:139 - Unknown STM32CubeMX version: 6.14.0
2026-09-03 18:37:26,106 [ERROR] AppliInfo:139 - Unknown STM32CubeMX version: 6.14.0
2026-09-03 18:37:26,106 [ERROR] AppliInfo:139 - Unknown STM32CubeMX version: 6.14.0
2026-09-03 18:37:26,106 [ERROR] AppliInfo:139 - Unknown STM32CubeMX version: 6.14.0
2026-09-03 18:37:26,106 [ERROR] AppliInfo:139 - Unknown STM32CubeMX version: 6.14.0
2026-09-03 18:37:26,106 [ERROR] AppliInfo:139 - Unknown STM32CubeMX version: 6.14.0
2026-09-03 18:37:26,106 [ERROR] AppliInfo:139 - Unknown STM32CubeMX version: 6.16.0
2026-09-03 18:37:26,106 [ERROR] AppliInfo:139 - Unknown STM32CubeMX version: 6.14.0
2026-09-03 18:37:26,106 [ERROR] AppliInfo:139 - Unknown STM32CubeMX version: 6.14.0
2026-09-03 18:37:26,107 [ERROR] AppliInfo:139 - Unknown STM32CubeMX version: 6.14.0
2026-09-03 18:37:26,107 [ERROR] AppliInfo:139 - Unknown STM32CubeMX version: 6.14.0
2026-09-03 18:37:26,107 [ERROR] AppliInfo:139 - Unknown STM32CubeMX version: 6.14.0
2026-09-03 18:37:26,107 [ERROR] AppliInfo:139 - Unknown STM32CubeMX version: 6.14.0
2026-09-03 18:37:26,107 [ERROR] AppliInfo:139 - Unknown STM32CubeMX version: 6.14.0
2026-09-03 18:37:26,107 [ERROR] AppliInfo:139 - Unknown STM32CubeMX version: 6.14.0
2026-09-03 18:37:26,107 [ERROR] AppliInfo:139 - Unknown STM32CubeMX version: 6.14.0
2026-09-03 18:37:26,107 [ERROR] AppliInfo:139 - Unknown STM32CubeMX version: 6.14.0
2026-09-03 18:37:26,107 [ERROR] AppliInfo:139 - Unknown STM32CubeMX version: 6.14.0
2026-09-03 18:37:26,108 [ERROR] AppliInfo:139 - Unknown STM32CubeMX version: 6.14.0
2026-09-03 18:37:26,108 [ERROR] AppliInfo:139 - Unknown STM32CubeMX version: 6.14.0
2026-09-03 18:37:26,108 [ERROR] AppliInfo:139 - Unknown STM32CubeMX version: 6.14.0
2026-09-03 18:37:26,108 [ERROR] AppliInfo:139 - Unknown STM32CubeMX version: 6.14.0
2026-09-03 18:37:26,108 [ERROR] AppliInfo:139 - Unknown STM32CubeMX version: 6.14.0
2026-09-03 18:37:26,108 [ERROR] AppliInfo:139 - Unknown STM32CubeMX version: 6.14.0
2026-09-03 18:37:26,108 [ERROR] AppliInfo:139 - Unknown STM32CubeMX version: 6.14.0
2026-09-03 18:37:26,108 [ERROR] AppliInfo:139 - Unknown STM32CubeMX version: 6.14.0
2026-09-03 18:37:26,108 [ERROR] AppliInfo:139 - Unknown STM32CubeMX version: 6.14.0
2026-09-03 18:37:26,108 [ERROR] AppliInfo:139 - Unknown STM32CubeMX version: 6.14.0
2026-09-03 18:37:26,109 [ERROR] AppliInfo:139 - Unknown STM32CubeMX version: 6.14.0
2026-09-03 18:37:26,109 [ERROR] AppliInfo:139 - Unknown STM32CubeMX version: 6.14.0
2026-09-03 18:37:26,109 [ERROR] AppliInfo:139 - Unknown STM32CubeMX version: 6.14.0
2026-09-03 18:37:26,109 [ERROR] AppliInfo:139 - Unknown STM32CubeMX version: 6.14.0
2026-09-03 18:37:26,109 [ERROR] AppliInfo:139 - Unknown STM32CubeMX version: 6.14.0
2026-09-03 18:37:26,109 [ERROR] AppliInfo:139 - Unknown STM32CubeMX version: 6.14.0
2026-09-03 18:37:26,109 [ERROR] AppliInfo:139 - Unknown STM32CubeMX version: 6.14.0
2026-09-03 18:37:26,109 [ERROR] AppliInfo:139 - Unknown STM32CubeMX version: 6.14.0
2026-09-03 18:37:26,109 [ERROR] AppliInfo:139 - Unknown STM32CubeMX version: 6.14.0
2026-09-03 18:37:26,110 [ERROR] AppliInfo:139 - Unknown STM32CubeMX version: 6.14.0
2026-09-03 18:37:26,110 [ERROR] AppliInfo:139 - Unknown STM32CubeMX version: 6.14.0
2026-09-03 18:37:26,110 [ERROR] AppliInfo:139 - Unknown STM32CubeMX version: 6.14.0
2026-09-03 18:37:26,110 [ERROR] AppliInfo:139 - Unknown STM32CubeMX version: 6.14.0
2026-09-03 18:37:26,110 [ERROR] AppliInfo:139 - Unknown STM32CubeMX version: 6.14.0
2026-09-03 18:37:26,110 [ERROR] AppliInfo:139 - Unknown STM32CubeMX version: 6.14.0
2026-09-03 18:37:26,110 [ERROR] AppliInfo:139 - Unknown STM32CubeMX version: 6.14.0
2026-09-03 18:37:26,110 [ERROR] AppliInfo:139 - Unknown STM32CubeMX version: 6.14.0
2026-09-03 18:37:26,110 [ERROR] AppliInfo:139 - Unknown STM32CubeMX version: 6.14.0
2026-09-03 18:37:26,111 [ERROR] AppliInfo:139 - Unknown STM32CubeMX version: 6.14.0
2026-09-03 18:37:26,111 [ERROR] AppliInfo:139 - Unknown STM32CubeMX version: 6.14.0
2026-09-03 18:37:26,111 [ERROR] AppliInfo:139 - Unknown STM32CubeMX version: 6.14.0
2026-09-03 18:37:26,111 [ERROR] AppliInfo:139 - Unknown STM32CubeMX version: 6.14.0
2026-09-03 18:37:26,111 [ERROR] AppliInfo:139 - Unknown STM32CubeMX version: 6.14.0
2026-09-03 18:37:26,111 [ERROR] AppliInfo:139 - Unknown STM32CubeMX version: 6.14.0
2026-09-03 18:37:26,111 [ERROR] AppliInfo:139 - Unknown STM32CubeMX version: 6.14.0
2026-09-03 18:37:26,111 [ERROR] AppliInfo:139 - Unknown STM32CubeMX version: 6.14.0
2026-09-03 18:37:26,112 [ERROR] AppliInfo:139 - Unknown STM32CubeMX version: 6.14.0
2026-09-03 18:37:26,112 [ERROR] AppliInfo:139 - Unknown STM32CubeMX version: 6.14.0
2026-09-03 18:37:26,112 [ERROR] AppliInfo:139 - Unknown STM32CubeMX version: 6.14.0
2026-09-03 18:37:26,112 [ERROR] AppliInfo:139 - Unknown STM32CubeMX version: 6.14.0
2026-09-03 18:37:26,112 [ERROR] AppliInfo:139 - Unknown STM32CubeMX version: 6.14.0
2026-09-03 18:37:26,112 [ERROR] AppliInfo:139 - Unknown STM32CubeMX version: 6.14.0
2026-09-03 18:37:26,112 [ERROR] AppliInfo:139 - Unknown STM32CubeMX version: 6.14.0
2026-09-03 18:37:26,112 [ERROR] AppliInfo:139 - Unknown STM32CubeMX version: 6.14.0
2026-09-03 18:37:26,112 [ERROR] AppliInfo:139 - Unknown STM32CubeMX version: 6.14.0
2026-09-03 18:37:26,112 [ERROR] AppliInfo:139 - Unknown STM32CubeMX version: 6.14.0
2026-09-03 18:37:26,113 [ERROR] AppliInfo:139 - Unknown STM32CubeMX version: 6.14.0
2026-09-03 18:37:26,113 [ERROR] AppliInfo:139 - Unknown STM32CubeMX version: 6.14.0
2026-09-03 18:37:26,113 [ERROR] AppliInfo:139 - Unknown STM32CubeMX version: 6.14.0
2026-09-03 18:37:26,113 [ERROR] AppliInfo:139 - Unknown STM32CubeMX version: 6.14.0
2026-09-03 18:37:26,113 [ERROR] AppliInfo:139 - Unknown STM32CubeMX version: 6.14.0
2026-09-03 18:37:26,113 [ERROR] AppliInfo:139 - Unknown STM32CubeMX version: 6.14.0
2026-09-03 18:37:26,113 [ERROR] AppliInfo:139 - Unknown STM32CubeMX version: 6.14.0
2026-09-03 18:37:26,113 [ERROR] AppliInfo:139 - Unknown STM32CubeMX version: 6.14.0
2026-09-03 18:37:26,113 [ERROR] AppliInfo:139 - Unknown STM32CubeMX version: 6.14.0
2026-09-03 18:37:26,113 [ERROR] AppliInfo:139 - Unknown STM32CubeMX version: 6.14.0
2026-09-03 18:37:26,114 [ERROR] AppliInfo:139 - Unknown STM32CubeMX version: 6.14.0
2026-09-03 18:37:26,114 [ERROR] AppliInfo:139 - Unknown STM32CubeMX version: 6.14.0
2026-09-03 18:37:26,114 [ERROR] AppliInfo:139 - Unknown STM32CubeMX version: 6.14.0
2026-09-03 18:37:26,114 [ERROR] AppliInfo:139 - Unknown STM32CubeMX version: 6.14.0
2026-09-03 18:37:26,114 [ERROR] AppliInfo:139 - Unknown STM32CubeMX version: 6.14.0
2026-09-03 18:37:26,114 [ERROR] AppliInfo:139 - Unknown STM32CubeMX version: 6.14.0
2026-09-03 18:37:26,114 [ERROR] AppliInfo:139 - Unknown STM32CubeMX version: 6.14.0
2026-09-03 18:37:26,114 [ERROR] AppliInfo:139 - Unknown STM32CubeMX version: 6.14.0
2026-09-03 18:37:26,114 [ERROR] AppliInfo:139 - Unknown STM32CubeMX version: 6.14.0
2026-09-03 18:37:26,117 [ERROR] AppliInfo:139 - Unknown STM32CubeMX version: 6.14.0
2026-09-03 18:37:26,117 [ERROR] AppliInfo:139 - Unknown STM32CubeMX version: 6.14.0
2026-09-03 18:37:26,117 [ERROR] AppliInfo:139 - Unknown STM32CubeMX version: 6.14.0
2026-09-03 18:37:26,118 [ERROR] AppliInfo:139 - Unknown STM32CubeMX version: 6.14.0
2026-09-03 18:37:26,118 [ERROR] AppliInfo:139 - Unknown STM32CubeMX version: 6.14.0
2026-09-03 18:37:26,118 [ERROR] AppliInfo:139 - Unknown STM32CubeMX version: 6.14.0
2026-09-03 18:37:26,118 [ERROR] AppliInfo:139 - Unknown STM32CubeMX version: 6.14.0
2026-09-03 18:37:26,118 [ERROR] AppliInfo:139 - Unknown STM32CubeMX version: 6.14.0
2026-09-03 18:37:26,119 [ERROR] AppliInfo:139 - Unknown STM32CubeMX version: 6.14.0
2026-09-03 18:37:26,119 [ERROR] AppliInfo:139 - Unknown STM32CubeMX version: 6.14.0
2026-09-03 18:37:26,119 [ERROR] AppliInfo:139 - Unknown STM32CubeMX version: 6.14.0
2026-09-03 18:37:26,119 [ERROR] AppliInfo:139 - Unknown STM32CubeMX version: 6.14.0
2026-09-03 18:37:26,119 [ERROR] AppliInfo:139 - Unknown STM32CubeMX version: 6.14.0
2026-09-03 18:37:26,120 [ERROR] AppliInfo:139 - Unknown STM32CubeMX version: 6.14.0
2026-09-03 18:37:26,120 [ERROR] AppliInfo:139 - Unknown STM32CubeMX version: 6.14.0
2026-09-03 18:37:26,120 [ERROR] AppliInfo:139 - Unknown STM32CubeMX version: 6.14.0
2026-09-03 18:37:26,120 [ERROR] AppliInfo:139 - Unknown STM32CubeMX version: 6.14.0
2026-09-03 18:37:26,120 [ERROR] AppliInfo:139 - Unknown STM32CubeMX version: 6.14.0
2026-09-03 18:37:26,121 [ERROR] AppliInfo:139 - Unknown STM32CubeMX version: 6.14.0
2026-09-03 18:37:26,121 [ERROR] AppliInfo:139 - Unknown STM32CubeMX version: 6.16.0
2026-09-03 18:37:26,121 [ERROR] AppliInfo:139 - Unknown STM32CubeMX version: 6.16.0
2026-09-03 18:37:26,121 [ERROR] AppliInfo:139 - Unknown STM32CubeMX version: 6.16.0
2026-09-03 18:37:26,121 [ERROR] AppliInfo:139 - Unknown STM32CubeMX version: 6.16.0
2026-09-03 18:37:26,122 [ERROR] AppliInfo:139 - Unknown STM32CubeMX version: 6.14.0
2026-09-03 18:37:26,122 [ERROR] AppliInfo:139 - Unknown STM32CubeMX version: 6.14.0
2026-09-03 18:37:26,122 [ERROR] AppliInfo:139 - Unknown STM32CubeMX version: 6.14.0
2026-09-03 18:37:26,122 [ERROR] AppliInfo:139 - Unknown STM32CubeMX version: 6.18.0
2026-09-03 18:37:26,122 [ERROR] AppliInfo:139 - Unknown STM32CubeMX version: 6.18.0
2026-09-03 18:37:26,122 [ERROR] AppliInfo:139 - Unknown STM32CubeMX version: 6.18.0
2026-09-03 18:37:26,123 [ERROR] AppliInfo:139 - Unknown STM32CubeMX version: 6.18.0
2026-09-03 18:37:26,123 [ERROR] AppliInfo:139 - Unknown STM32CubeMX version: 6.18.0
2026-09-03 18:37:26,123 [ERROR] AppliInfo:139 - Unknown STM32CubeMX version: 6.14.0
2026-09-03 18:37:26,123 [ERROR] AppliInfo:139 - Unknown STM32CubeMX version: 6.14.0
2026-09-03 18:37:26,123 [ERROR] AppliInfo:139 - Unknown STM32CubeMX version: 6.14.0
2026-09-03 18:37:26,124 [ERROR] AppliInfo:139 - Unknown STM32CubeMX version: 6.14.0
2026-09-03 18:37:26,124 [ERROR] AppliInfo:139 - Unknown STM32CubeMX version: 6.17.0
2026-09-03 18:37:26,124 [ERROR] AppliInfo:139 - Unknown STM32CubeMX version: 6.14.0
2026-09-03 18:37:26,124 [ERROR] AppliInfo:139 - Unknown STM32CubeMX version: 6.17.0
2026-09-03 18:37:26,124 [ERROR] AppliInfo:139 - Unknown STM32CubeMX version: 6.14.0
2026-09-03 18:37:26,125 [ERROR] AppliInfo:139 - Unknown STM32CubeMX version: 6.14.0
2026-09-03 18:37:26,125 [ERROR] AppliInfo:139 - Unknown STM32CubeMX version: 6.14.0
2026-09-03 18:37:26,125 [ERROR] AppliInfo:139 - Unknown STM32CubeMX version: 6.14.0
2026-09-03 18:37:26,125 [ERROR] AppliInfo:139 - Unknown STM32CubeMX version: 6.14.0
2026-09-03 18:37:26,125 [ERROR] AppliInfo:139 - Unknown STM32CubeMX version: 6.15.0
2026-09-03 18:37:26,125 [ERROR] AppliInfo:139 - Unknown STM32CubeMX version: 6.15.0
2026-09-03 18:37:26,126 [ERROR] AppliInfo:139 - Unknown STM32CubeMX version: 6.15.0
2026-09-03 18:37:26,126 [ERROR] AppliInfo:139 - Unknown STM32CubeMX version: 6.15.0
2026-09-03 18:37:26,126 [ERROR] AppliInfo:139 - Unknown STM32CubeMX version: 6.18.0
2026-09-03 18:37:26,126 [ERROR] AppliInfo:139 - Unknown STM32CubeMX version: 6.18.0
2026-09-03 18:37:26,126 [ERROR] AppliInfo:139 - Unknown STM32CubeMX version: 6.18.0
2026-09-03 18:37:26,126 [ERROR] AppliInfo:139 - Unknown STM32CubeMX version: 6.18.0
2026-09-03 18:37:26,127 [ERROR] AppliInfo:139 - Unknown STM32CubeMX version: 6.18.0
2026-09-03 18:37:26,127 [ERROR] AppliInfo:139 - Unknown STM32CubeMX version: 6.18.0
2026-09-03 18:37:26,127 [ERROR] AppliInfo:139 - Unknown STM32CubeMX version: 6.18.0
2026-09-03 18:37:26,127 [ERROR] AppliInfo:139 - Unknown STM32CubeMX version: 6.18.0
2026-09-03 18:37:26,127 [ERROR] AppliInfo:139 - Unknown STM32CubeMX version: 6.18.0
2026-09-03 18:37:26,128 [ERROR] AppliInfo:139 - Unknown STM32CubeMX version: 6.18.0
2026-09-03 18:37:26,128 [ERROR] AppliInfo:139 - Unknown STM32CubeMX version: 6.18.0
2026-09-03 18:37:26,128 [ERROR] AppliInfo:139 - Unknown STM32CubeMX version: 6.18.0
2026-09-03 18:37:26,128 [ERROR] AppliInfo:139 - Unknown STM32CubeMX version: 6.18.0
2026-09-03 18:37:26,128 [ERROR] AppliInfo:139 - Unknown STM32CubeMX version: 6.18.0
2026-09-03 18:37:26,128 [ERROR] AppliInfo:139 - Unknown STM32CubeMX version: 6.18.0
2026-09-03 18:37:26,129 [ERROR] AppliInfo:139 - Unknown STM32CubeMX version: 6.18.0
2026-09-03 18:37:26,129 [ERROR] AppliInfo:139 - Unknown STM32CubeMX version: 6.18.0
2026-09-03 18:37:26,129 [ERROR] AppliInfo:139 - Unknown STM32CubeMX version: 6.17.0
2026-09-03 18:37:26,129 [ERROR] AppliInfo:139 - Unknown STM32CubeMX version: 6.17.0
2026-09-03 18:37:26,129 [ERROR] AppliInfo:139 - Unknown STM32CubeMX version: 6.17.0
2026-09-03 18:37:26,130 [ERROR] AppliInfo:139 - Unknown STM32CubeMX version: 6.18.0
2026-09-03 18:37:26,130 [ERROR] AppliInfo:139 - Unknown STM32CubeMX version: 6.18.0
2026-09-03 18:37:26,130 [ERROR] AppliInfo:139 - Unknown STM32CubeMX version: 6.17.0
2026-09-03 18:37:26,130 [ERROR] AppliInfo:139 - Unknown STM32CubeMX version: 6.17.0
2026-09-03 18:37:26,130 [ERROR] AppliInfo:139 - Unknown STM32CubeMX version: 6.17.0
2026-09-03 18:37:26,131 [ERROR] AppliInfo:139 - Unknown STM32CubeMX version: 6.17.0
2026-09-03 18:37:26,131 [ERROR] AppliInfo:139 - Unknown STM32CubeMX version: 6.17.0
2026-09-03 18:37:26,131 [ERROR] AppliInfo:139 - Unknown STM32CubeMX version: 6.17.0
2026-09-03 18:37:26,131 [ERROR] AppliInfo:139 - Unknown STM32CubeMX version: 6.17.0
2026-09-03 18:37:26,131 [ERROR] AppliInfo:139 - Unknown STM32CubeMX version: 6.14.0
2026-09-03 18:37:26,132 [ERROR] AppliInfo:139 - Unknown STM32CubeMX version: 6.14.0
2026-09-03 18:37:26,132 [ERROR] AppliInfo:139 - Unknown STM32CubeMX version: 6.14.0
2026-09-03 18:37:26,132 [ERROR] AppliInfo:139 - Unknown STM32CubeMX version: 6.18.0
2026-09-03 18:37:26,132 [ERROR] AppliInfo:139 - Unknown STM32CubeMX version: 6.14.0
2026-09-03 18:37:26,133 [ERROR] AppliInfo:139 - Unknown STM32CubeMX version: 6.14.0
2026-09-03 18:37:26,133 [ERROR] AppliInfo:139 - Unknown STM32CubeMX version: 6.14.0
2026-09-03 18:37:26,133 [ERROR] AppliInfo:139 - Unknown STM32CubeMX version: 6.15.0
2026-09-03 18:37:26,133 [ERROR] AppliInfo:139 - Unknown STM32CubeMX version: 6.15.0
2026-09-03 18:37:26,133 [ERROR] AppliInfo:139 - Unknown STM32CubeMX version: 6.15.0
2026-09-03 18:37:26,133 [ERROR] AppliInfo:139 - Unknown STM32CubeMX version: 6.15.0
2026-09-03 18:37:26,134 [ERROR] AppliInfo:139 - Unknown STM32CubeMX version: 6.18.0
2026-09-03 18:37:26,134 [ERROR] AppliInfo:139 - Unknown STM32CubeMX version: 6.14.0
2026-09-03 18:37:26,134 [ERROR] AppliInfo:139 - Unknown STM32CubeMX version: 6.17.0
2026-09-03 18:37:26,134 [ERROR] AppliInfo:139 - Unknown STM32CubeMX version: 6.18.0
2026-09-03 18:37:26,134 [ERROR] AppliInfo:139 - Unknown STM32CubeMX version: 6.18.0
2026-09-03 18:37:26,134 [ERROR] AppliInfo:139 - Unknown STM32CubeMX version: 6.18.0
2026-09-03 18:37:26,135 [ERROR] AppliInfo:139 - Unknown STM32CubeMX version: 6.18.0
2026-09-03 18:37:26,135 [ERROR] AppliInfo:139 - Unknown STM32CubeMX version: 6.18.0
2026-09-03 18:37:26,135 [ERROR] AppliInfo:139 - Unknown STM32CubeMX version: 6.18.0
2026-09-03 18:37:26,135 [ERROR] AppliInfo:139 - Unknown STM32CubeMX version: 6.18.0
2026-09-03 18:37:26,135 [ERROR] AppliInfo:139 - Unknown STM32CubeMX version: 6.18.0
2026-09-03 18:37:26,136 [ERROR] AppliInfo:139 - Unknown STM32CubeMX version: 6.18.0
2026-09-03 18:37:26,136 [ERROR] AppliInfo:139 - Unknown STM32CubeMX version: 6.18.0
2026-09-03 18:37:26,136 [ERROR] AppliInfo:139 - Unknown STM32CubeMX version: 6.17.0
2026-09-03 18:37:26,136 [ERROR] AppliInfo:139 - Unknown STM32CubeMX version: 6.17.0
2026-09-03 18:37:26,136 [ERROR] AppliInfo:139 - Unknown STM32CubeMX version: 6.17.0
2026-09-03 18:37:26,136 [ERROR] AppliInfo:139 - Unknown STM32CubeMX version: 6.17.0
2026-09-03 18:37:26,137 [ERROR] AppliInfo:139 - Unknown STM32CubeMX version: 6.17.0
2026-09-03 18:37:26,137 [ERROR] AppliInfo:139 - Unknown STM32CubeMX version: 6.17.0
2026-09-03 18:37:26,137 [ERROR] AppliInfo:139 - Unknown STM32CubeMX version: 6.17.0
2026-09-03 18:37:26,137 [ERROR] AppliInfo:139 - Unknown STM32CubeMX version: 6.17.0
2026-09-03 18:37:26,137 [ERROR] AppliInfo:139 - Unknown STM32CubeMX version: 6.17.0
2026-09-03 18:37:26,137 [ERROR] AppliInfo:139 - Unknown STM32CubeMX version: 6.18.0
2026-09-03 18:37:26,138 [ERROR] AppliInfo:139 - Unknown STM32CubeMX version: 6.18.0
2026-09-03 18:37:26,138 [ERROR] AppliInfo:139 - Unknown STM32CubeMX version: 6.18.0
2026-09-03 18:37:26,138 [ERROR] AppliInfo:139 - Unknown STM32CubeMX version: 6.14.0
2026-09-03 18:37:26,138 [ERROR] AppliInfo:139 - Unknown STM32CubeMX version: 6.14.0
2026-09-03 18:37:26,139 [ERROR] AppliInfo:139 - Unknown STM32CubeMX version: 6.14.0
2026-09-03 18:37:26,139 [ERROR] AppliInfo:139 - Unknown STM32CubeMX version: 6.16.0
2026-09-03 18:37:26,139 [ERROR] AppliInfo:139 - Unknown STM32CubeMX version: 6.18.0
2026-09-03 18:37:26,139 [ERROR] AppliInfo:139 - Unknown STM32CubeMX version: 6.18.0
2026-09-03 18:37:26,139 [ERROR] AppliInfo:139 - Unknown STM32CubeMX version: 6.18.0
2026-09-03 18:37:26,139 [ERROR] AppliInfo:139 - Unknown STM32CubeMX version: 6.18.0
2026-09-03 18:37:26,140 [ERROR] AppliInfo:139 - Unknown STM32CubeMX version: 6.18.0
2026-09-03 18:37:26,140 [ERROR] AppliInfo:139 - Unknown STM32CubeMX version: 6.18.0
2026-09-03 18:37:26,140 [ERROR] AppliInfo:139 - Unknown STM32CubeMX version: 6.18.0
2026-09-03 18:37:26,140 [ERROR] AppliInfo:139 - Unknown STM32CubeMX version: 6.18.0
2026-09-03 18:37:26,140 [ERROR] AppliInfo:139 - Unknown STM32CubeMX version: 6.18.0
2026-09-03 18:37:26,141 [ERROR] AppliInfo:139 - Unknown STM32CubeMX version: 6.18.0
2026-09-03 18:37:26,141 [ERROR] AppliInfo:139 - Unknown STM32CubeMX version: 6.18.0
2026-09-03 18:37:26,141 [ERROR] AppliInfo:139 - Unknown STM32CubeMX version: 6.18.0
2026-09-03 18:37:26,141 [ERROR] AppliInfo:139 - Unknown STM32CubeMX version: 6.18.0
2026-09-03 18:37:26,141 [ERROR] AppliInfo:139 - Unknown STM32CubeMX version: 6.18.0
2026-09-03 18:37:26,142 [ERROR] AppliInfo:139 - Unknown STM32CubeMX version: 6.18.0
2026-09-03 18:37:26,142 [ERROR] AppliInfo:139 - Unknown STM32CubeMX version: 6.18.0
2026-09-03 18:37:26,142 [ERROR] AppliInfo:139 - Unknown STM32CubeMX version: 6.18.0
2026-09-03 18:37:26,145 [ERROR] AppliInfo:139 - Unknown STM32CubeMX version: 6.18.0
2026-09-03 18:37:26,145 [ERROR] AppliInfo:139 - Unknown STM32CubeMX version: 6.18.0
2026-09-03 18:37:26,145 [ERROR] AppliInfo:139 - Unknown STM32CubeMX version: 6.18.0
2026-09-03 18:37:26,145 [ERROR] AppliInfo:139 - Unknown STM32CubeMX version: 6.18.0
2026-09-03 18:37:26,146 [ERROR] AppliInfo:139 - Unknown STM32CubeMX version: 6.18.0
2026-09-03 18:37:26,146 [ERROR] AppliInfo:139 - Unknown STM32CubeMX version: 6.18.0
2026-09-03 18:37:26,146 [ERROR] AppliInfo:139 - Unknown STM32CubeMX version: 6.18.0
2026-09-03 18:37:26,146 [ERROR] AppliInfo:139 - Unknown STM32CubeMX version: 6.18.0
2026-09-03 18:37:26,146 [ERROR] AppliInfo:139 - Unknown STM32CubeMX version: 6.18.0
2026-09-03 18:37:26,147 [ERROR] AppliInfo:139 - Unknown STM32CubeMX version: 6.18.0
2026-09-03 18:37:26,147 [ERROR] AppliInfo:139 - Unknown STM32CubeMX version: 6.18.0
2026-09-03 18:37:26,147 [ERROR] AppliInfo:139 - Unknown STM32CubeMX version: 6.18.0
2026-09-03 18:37:26,147 [ERROR] AppliInfo:139 - Unknown STM32CubeMX version: 6.18.0
2026-09-03 18:37:26,147 [ERROR] AppliInfo:139 - Unknown STM32CubeMX version: 6.18.0
2026-09-03 18:37:26,148 [ERROR] AppliInfo:139 - Unknown STM32CubeMX version: 6.18.0
2026-09-03 18:37:26,148 [ERROR] AppliInfo:139 - Unknown STM32CubeMX version: 6.18.0
2026-09-03 18:37:26,148 [ERROR] AppliInfo:139 - Unknown STM32CubeMX version: 6.18.0
2026-09-03 18:37:26,148 [ERROR] AppliInfo:139 - Unknown STM32CubeMX version: 6.18.0
2026-09-03 18:37:26,148 [ERROR] AppliInfo:139 - Unknown STM32CubeMX version: 6.18.0
2026-09-03 18:37:26,148 [ERROR] AppliInfo:139 - Unknown STM32CubeMX version: 6.18.0
2026-09-03 18:37:26,149 [ERROR] AppliInfo:139 - Unknown STM32CubeMX version: 6.18.0
2026-09-03 18:37:26,149 [ERROR] AppliInfo:139 - Unknown STM32CubeMX version: 6.18.0
2026-09-03 18:37:26,149 [ERROR] AppliInfo:139 - Unknown STM32CubeMX version: 6.18.0
2026-09-03 18:37:26,149 [ERROR] AppliInfo:139 - Unknown STM32CubeMX version: 6.18.0
2026-09-03 18:37:26,149 [ERROR] AppliInfo:139 - Unknown STM32CubeMX version: 6.18.0
2026-09-03 18:37:26,149 [ERROR] AppliInfo:139 - Unknown STM32CubeMX version: 6.18.0
2026-09-03 18:37:26,150 [ERROR] AppliInfo:139 - Unknown STM32CubeMX version: 6.18.0
2026-09-03 18:37:26,150 [ERROR] AppliInfo:139 - Unknown STM32CubeMX version: 6.17.0
2026-09-03 18:37:26,150 [ERROR] AppliInfo:139 - Unknown STM32CubeMX version: 6.17.0
2026-09-03 18:37:26,150 [ERROR] AppliInfo:139 - Unknown STM32CubeMX version: 6.14.0
2026-09-03 18:37:26,150 [ERROR] AppliInfo:139 - Unknown STM32CubeMX version: 6.14.0
2026-09-03 18:37:26,151 [ERROR] AppliInfo:139 - Unknown STM32CubeMX version: 6.14.0
2026-09-03 18:37:26,151 [ERROR] AppliInfo:139 - Unknown STM32CubeMX version: 6.14.0
2026-09-03 18:37:26,151 [ERROR] AppliInfo:139 - Unknown STM32CubeMX version: 6.14.0
2026-09-03 18:37:26,151 [ERROR] AppliInfo:139 - Unknown STM32CubeMX version: 6.14.0
2026-09-03 18:37:26,151 [ERROR] AppliInfo:139 - Unknown STM32CubeMX version: 6.14.0
2026-09-03 18:37:26,152 [ERROR] AppliInfo:139 - Unknown STM32CubeMX version: 6.14.0
2026-09-03 18:37:26,152 [ERROR] AppliInfo:139 - Unknown STM32CubeMX version: 6.14.0
2026-09-03 18:37:26,152 [ERROR] AppliInfo:139 - Unknown STM32CubeMX version: 6.14.0
2026-09-03 18:37:26,152 [ERROR] AppliInfo:139 - Unknown STM32CubeMX version: 6.14.0
2026-09-03 18:37:26,152 [ERROR] AppliInfo:139 - Unknown STM32CubeMX version: 6.14.0
2026-09-03 18:37:26,153 [ERROR] AppliInfo:139 - Unknown STM32CubeMX version: 6.14.0
2026-09-03 18:37:26,153 [ERROR] AppliInfo:139 - Unknown STM32CubeMX version: 6.14.0
2026-09-03 18:37:26,153 [ERROR] AppliInfo:139 - Unknown STM32CubeMX version: 6.14.0
2026-09-03 18:37:26,153 [ERROR] AppliInfo:139 - Unknown STM32CubeMX version: 6.14.0
2026-09-03 18:37:26,153 [ERROR] AppliInfo:139 - Unknown STM32CubeMX version: 6.14.0
2026-09-03 18:37:26,154 [ERROR] AppliInfo:139 - Unknown STM32CubeMX version: 6.14.0
2026-09-03 18:37:26,154 [ERROR] AppliInfo:139 - Unknown STM32CubeMX version: 6.14.0
2026-09-03 18:37:26,154 [ERROR] AppliInfo:139 - Unknown STM32CubeMX version: 6.14.0
2026-09-03 18:37:26,154 [ERROR] AppliInfo:139 - Unknown STM32CubeMX version: 6.14.0
2026-09-03 18:37:26,154 [ERROR] AppliInfo:139 - Unknown STM32CubeMX version: 6.14.0
2026-09-03 18:37:26,154 [ERROR] AppliInfo:139 - Unknown STM32CubeMX version: 6.18.0
2026-09-03 18:37:26,155 [ERROR] AppliInfo:139 - Unknown STM32CubeMX version: 6.18.0
2026-09-03 18:37:26,155 [ERROR] AppliInfo:139 - Unknown STM32CubeMX version: 6.18.0
2026-09-03 18:37:26,155 [ERROR] AppliInfo:139 - Unknown STM32CubeMX version: 6.18.0
2026-09-03 18:37:26,155 [ERROR] AppliInfo:139 - Unknown STM32CubeMX version: 6.18.0
2026-09-03 18:37:26,155 [ERROR] AppliInfo:139 - Unknown STM32CubeMX version: 6.18.0
2026-09-03 18:37:26,156 [ERROR] AppliInfo:139 - Unknown STM32CubeMX version: 6.18.0
2026-09-03 18:37:26,156 [ERROR] AppliInfo:139 - Unknown STM32CubeMX version: 6.18.0
2026-09-03 18:37:26,156 [ERROR] AppliInfo:139 - Unknown STM32CubeMX version: 6.18.0
2026-09-03 18:37:26,156 [ERROR] AppliInfo:139 - Unknown STM32CubeMX version: 6.18.0
2026-09-03 18:37:26,156 [ERROR] AppliInfo:139 - Unknown STM32CubeMX version: 6.18.0
2026-09-03 18:37:26,160 [ERROR] AppliInfo:139 - Unknown STM32CubeMX version: 6.18.0
2026-09-03 18:37:26,161 [ERROR] AppliInfo:139 - Unknown STM32CubeMX version: 6.18.0
2026-09-03 18:37:26,161 [ERROR] AppliInfo:139 - Unknown STM32CubeMX version: 6.18.0
2026-09-03 18:37:26,161 [ERROR] AppliInfo:139 - Unknown STM32CubeMX version: 6.18.0
2026-09-03 18:37:26,161 [ERROR] AppliInfo:139 - Unknown STM32CubeMX version: 6.18.0
2026-09-03 18:37:26,161 [ERROR] AppliInfo:139 - Unknown STM32CubeMX version: 6.18.0
2026-09-03 18:37:26,161 [ERROR] AppliInfo:139 - Unknown STM32CubeMX version: 6.18.0
2026-09-03 18:37:26,162 [ERROR] AppliInfo:139 - Unknown STM32CubeMX version: 6.18.0
2026-09-03 18:37:26,162 [ERROR] AppliInfo:139 - Unknown STM32CubeMX version: 6.18.0
2026-09-03 18:37:26,162 [ERROR] AppliInfo:139 - Unknown STM32CubeMX version: 6.18.0
2026-09-03 18:37:26,162 [ERROR] AppliInfo:139 - Unknown STM32CubeMX version: 6.18.0
2026-09-03 18:37:26,162 [ERROR] AppliInfo:139 - Unknown STM32CubeMX version: 6.18.0
2026-09-03 18:37:26,162 [ERROR] AppliInfo:139 - Unknown STM32CubeMX version: 6.18.0
2026-09-03 18:37:26,162 [ERROR] AppliInfo:139 - Unknown STM32CubeMX version: 6.18.0
2026-09-03 18:37:26,162 [ERROR] AppliInfo:139 - Unknown STM32CubeMX version: 6.18.0
2026-09-03 18:37:26,163 [ERROR] AppliInfo:139 - Unknown STM32CubeMX version: 6.14.0
2026-09-03 18:37:26,163 [ERROR] AppliInfo:139 - Unknown STM32CubeMX version: 6.14.0
2026-09-03 18:37:26,163 [ERROR] AppliInfo:139 - Unknown STM32CubeMX version: 6.14.0
2026-09-03 18:37:26,163 [ERROR] AppliInfo:139 - Unknown STM32CubeMX version: 6.14.0
2026-09-03 18:37:26,163 [ERROR] AppliInfo:139 - Unknown STM32CubeMX version: 6.14.0
2026-09-03 18:37:26,163 [ERROR] AppliInfo:139 - Unknown STM32CubeMX version: 6.14.0
2026-09-03 18:37:26,163 [ERROR] AppliInfo:139 - Unknown STM32CubeMX version: 6.16.0
2026-09-03 18:37:26,163 [ERROR] AppliInfo:139 - Unknown STM32CubeMX version: 6.14.0
2026-09-03 18:37:26,164 [ERROR] AppliInfo:139 - Unknown STM32CubeMX version: 6.14.0
2026-09-03 18:37:26,164 [ERROR] AppliInfo:139 - Unknown STM32CubeMX version: 6.14.0
2026-09-03 18:37:26,164 [ERROR] AppliInfo:139 - Unknown STM32CubeMX version: 6.18.0
2026-09-03 18:37:26,164 [ERROR] AppliInfo:139 - Unknown STM32CubeMX version: 6.18.0
2026-09-03 18:37:26,164 [ERROR] AppliInfo:139 - Unknown STM32CubeMX version: 6.18.0
2026-09-03 18:37:26,164 [ERROR] AppliInfo:139 - Unknown STM32CubeMX version: 6.18.0
2026-09-03 18:37:26,165 [ERROR] AppliInfo:139 - Unknown STM32CubeMX version: 6.18.0
2026-09-03 18:37:26,165 [ERROR] AppliInfo:139 - Unknown STM32CubeMX version: 6.18.0
2026-09-03 18:37:26,165 [ERROR] AppliInfo:139 - Unknown STM32CubeMX version: 6.18.0
2026-09-03 18:37:26,165 [ERROR] AppliInfo:139 - Unknown STM32CubeMX version: 6.14.0
2026-09-03 18:37:26,168 [ERROR] AppliInfo:139 - Unknown STM32CubeMX version: 6.18.0
2026-09-03 18:37:26,168 [ERROR] AppliInfo:139 - Unknown STM32CubeMX version: 6.17.0
2026-09-03 18:37:26,168 [ERROR] AppliInfo:139 - Unknown STM32CubeMX version: 6.17.0
2026-09-03 18:37:26,168 [ERROR] AppliInfo:139 - Unknown STM32CubeMX version: 6.14.0
2026-09-03 18:37:26,168 [ERROR] AppliInfo:139 - Unknown STM32CubeMX version: 6.18.0
2026-09-03 18:37:26,168 [ERROR] AppliInfo:139 - Unknown STM32CubeMX version: 6.15.0
2026-09-03 18:37:26,168 [ERROR] AppliInfo:139 - Unknown STM32CubeMX version: 6.15.0
2026-09-03 18:37:26,169 [ERROR] AppliInfo:139 - Unknown STM32CubeMX version: 6.15.0
2026-09-03 18:37:26,169 [ERROR] AppliInfo:139 - Unknown STM32CubeMX version: 6.15.0
2026-09-03 18:37:26,169 [ERROR] AppliInfo:139 - Unknown STM32CubeMX version: 6.15.0
2026-09-03 18:37:26,169 [ERROR] AppliInfo:139 - Unknown STM32CubeMX version: 6.18.0
2026-09-03 18:37:26,169 [ERROR] AppliInfo:139 - Unknown STM32CubeMX version: 6.18.0
2026-09-03 18:37:26,169 [ERROR] AppliInfo:139 - Unknown STM32CubeMX version: 6.18.0
2026-09-03 18:37:26,169 [ERROR] AppliInfo:139 - Unknown STM32CubeMX version: 6.18.0
2026-09-03 18:37:26,169 [ERROR] AppliInfo:139 - Unknown STM32CubeMX version: 6.18.0
2026-09-03 18:37:26,169 [ERROR] AppliInfo:139 - Unknown STM32CubeMX version: 6.18.0
2026-09-03 18:37:26,170 [ERROR] AppliInfo:139 - Unknown STM32CubeMX version: 6.18.0
2026-09-03 18:37:26,170 [ERROR] AppliInfo:139 - Unknown STM32CubeMX version: 6.18.0
2026-09-03 18:37:26,170 [ERROR] AppliInfo:139 - Unknown STM32CubeMX version: 6.18.0
2026-09-03 18:37:26,170 [ERROR] AppliInfo:139 - Unknown STM32CubeMX version: 6.15.0
2026-09-03 18:37:26,170 [ERROR] AppliInfo:139 - Unknown STM32CubeMX version: 6.17.0
2026-09-03 18:37:26,170 [ERROR] AppliInfo:139 - Unknown STM32CubeMX version: 6.17.0
2026-09-03 18:37:26,170 [ERROR] AppliInfo:139 - Unknown STM32CubeMX version: 6.18.0
2026-09-03 18:37:26,170 [ERROR] AppliInfo:139 - Unknown STM32CubeMX version: 6.18.0
2026-09-03 18:37:26,171 [ERROR] AppliInfo:139 - Unknown STM32CubeMX version: 6.18.0
2026-09-03 18:37:26,171 [ERROR] AppliInfo:139 - Unknown STM32CubeMX version: 6.18.0
2026-09-03 18:37:26,171 [ERROR] AppliInfo:139 - Unknown STM32CubeMX version: 6.18.0
2026-09-03 18:37:26,171 [ERROR] AppliInfo:139 - Unknown STM32CubeMX version: 6.18.0
2026-09-03 18:37:26,171 [ERROR] AppliInfo:139 - Unknown STM32CubeMX version: 6.18.0
2026-09-03 18:37:26,171 [ERROR] AppliInfo:139 - Unknown STM32CubeMX version: 6.18.0
2026-09-03 18:37:26,171 [ERROR] AppliInfo:139 - Unknown STM32CubeMX version: 6.18.0
2026-09-03 18:37:26,172 [ERROR] AppliInfo:139 - Unknown STM32CubeMX version: 6.18.0
2026-09-03 18:37:26,172 [ERROR] AppliInfo:139 - Unknown STM32CubeMX version: 6.18.0
2026-09-03 18:37:26,172 [ERROR] AppliInfo:139 - Unknown STM32CubeMX version: 6.18.0
2026-09-03 18:37:26,172 [ERROR] AppliInfo:139 - Unknown STM32CubeMX version: 6.18.0
2026-09-03 18:37:26,172 [ERROR] AppliInfo:139 - Unknown STM32CubeMX version: 6.18.0
2026-09-03 18:37:26,172 [ERROR] AppliInfo:139 - Unknown STM32CubeMX version: 6.18.0
2026-09-03 18:37:26,172 [ERROR] AppliInfo:139 - Unknown STM32CubeMX version: 6.18.0
2026-09-03 18:37:26,172 [ERROR] AppliInfo:139 - Unknown STM32CubeMX version: 6.18.0
2026-09-03 18:37:26,172 [ERROR] AppliInfo:139 - Unknown STM32CubeMX version: 6.18.0
2026-09-03 18:37:26,173 [ERROR] AppliInfo:139 - Unknown STM32CubeMX version: 6.18.0
2026-09-03 18:37:26,173 [ERROR] AppliInfo:139 - Unknown STM32CubeMX version: 6.18.0
2026-09-03 18:37:26,173 [ERROR] AppliInfo:139 - Unknown STM32CubeMX version: 6.18.0
2026-09-03 18:37:26,173 [ERROR] AppliInfo:139 - Unknown STM32CubeMX version: 6.18.0
2026-09-03 18:37:26,173 [ERROR] AppliInfo:139 - Unknown STM32CubeMX version: 6.18.0
2026-09-03 18:37:26,173 [ERROR] AppliInfo:139 - Unknown STM32CubeMX version: 6.18.0
2026-09-03 18:37:26,173 [ERROR] AppliInfo:139 - Unknown STM32CubeMX version: 6.18.0
2026-09-03 18:37:26,173 [ERROR] AppliInfo:139 - Unknown STM32CubeMX version: 6.18.0
2026-09-03 18:37:26,173 [ERROR] AppliInfo:139 - Unknown STM32CubeMX version: 6.18.0
2026-09-03 18:37:26,173 [ERROR] AppliInfo:139 - Unknown STM32CubeMX version: 6.18.0
2026-09-03 18:37:26,174 [ERROR] AppliInfo:139 - Unknown STM32CubeMX version: 6.18.0
2026-09-03 18:37:26,174 [ERROR] AppliInfo:139 - Unknown STM32CubeMX version: 6.18.0
2026-09-03 18:37:26,174 [ERROR] AppliInfo:139 - Unknown STM32CubeMX version: 6.18.0
2026-09-03 18:37:26,174 [ERROR] AppliInfo:139 - Unknown STM32CubeMX version: 6.18.0
2026-09-03 18:37:26,174 [ERROR] AppliInfo:139 - Unknown STM32CubeMX version: 6.18.0
2026-09-03 18:37:26,174 [ERROR] AppliInfo:139 - Unknown STM32CubeMX version: 6.18.0
2026-09-03 18:37:26,174 [ERROR] AppliInfo:139 - Unknown STM32CubeMX version: 6.18.0
2026-09-03 18:37:26,175 [ERROR] AppliInfo:139 - Unknown STM32CubeMX version: 6.18.0
2026-09-03 18:37:26,175 [ERROR] AppliInfo:139 - Unknown STM32CubeMX version: 6.18.0
2026-09-03 18:37:26,175 [ERROR] AppliInfo:139 - Unknown STM32CubeMX version: 6.18.0
2026-09-03 18:37:26,175 [ERROR] AppliInfo:139 - Unknown STM32CubeMX version: 6.18.0
2026-09-03 18:37:26,175 [ERROR] AppliInfo:139 - Unknown STM32CubeMX version: 6.18.0
2026-09-03 18:37:26,176 [ERROR] AppliInfo:139 - Unknown STM32CubeMX version: 6.18.0
2026-09-03 18:37:26,176 [ERROR] AppliInfo:139 - Unknown STM32CubeMX version: 6.18.0
2026-09-03 18:37:26,176 [ERROR] AppliInfo:139 - Unknown STM32CubeMX version: 6.18.0
2026-09-03 18:37:26,176 [ERROR] AppliInfo:139 - Unknown STM32CubeMX version: 6.18.0
2026-09-03 18:37:26,176 [ERROR] AppliInfo:139 - Unknown STM32CubeMX version: 6.18.0
2026-09-03 18:37:26,176 [ERROR] AppliInfo:139 - Unknown STM32CubeMX version: 6.18.0
2026-09-03 18:37:26,177 [ERROR] AppliInfo:139 - Unknown STM32CubeMX version: 6.18.0
2026-09-03 18:37:26,177 [ERROR] AppliInfo:139 - Unknown STM32CubeMX version: 6.18.0
2026-09-03 18:37:26,177 [ERROR] AppliInfo:139 - Unknown STM32CubeMX version: 6.18.0
2026-09-03 18:37:26,177 [ERROR] AppliInfo:139 - Unknown STM32CubeMX version: 6.18.0
2026-09-03 18:37:26,177 [ERROR] AppliInfo:139 - Unknown STM32CubeMX version: 6.18.0
2026-09-03 18:37:26,178 [ERROR] AppliInfo:139 - Unknown STM32CubeMX version: 6.18.0
2026-09-03 18:37:26,178 [ERROR] AppliInfo:139 - Unknown STM32CubeMX version: 6.18.0
2026-09-03 18:37:26,178 [ERROR] AppliInfo:139 - Unknown STM32CubeMX version: 6.18.0
2026-09-03 18:37:26,178 [ERROR] AppliInfo:139 - Unknown STM32CubeMX version: 6.18.0
2026-09-03 18:37:26,178 [ERROR] AppliInfo:139 - Unknown STM32CubeMX version: 6.18.0
2026-09-03 18:37:26,178 [ERROR] AppliInfo:139 - Unknown STM32CubeMX version: 6.18.0
2026-09-03 18:37:26,178 [ERROR] AppliInfo:139 - Unknown STM32CubeMX version: 6.18.0
2026-09-03 18:37:26,185 [ERROR] AppliInfo:139 - Unknown STM32CubeMX version: 6.18.0
2026-09-03 18:37:26,185 [ERROR] AppliInfo:139 - Unknown STM32CubeMX version: 6.18.0
2026-09-03 18:37:26,185 [ERROR] AppliInfo:139 - Unknown STM32CubeMX version: 6.18.0
2026-09-03 18:37:26,185 [ERROR] AppliInfo:139 - Unknown STM32CubeMX version: 6.18.0
2026-09-03 18:37:26,185 [ERROR] AppliInfo:139 - Unknown STM32CubeMX version: 6.18.0
2026-09-03 18:37:26,185 [ERROR] AppliInfo:139 - Unknown STM32CubeMX version: 6.18.0
2026-09-03 18:37:26,185 [ERROR] AppliInfo:139 - Unknown STM32CubeMX version: 6.18.0
2026-09-03 18:37:26,186 [ERROR] AppliInfo:139 - Unknown STM32CubeMX version: 6.18.0
2026-09-03 18:37:26,186 [ERROR] AppliInfo:139 - Unknown STM32CubeMX version: 6.18.0
2026-09-03 18:37:26,186 [ERROR] AppliInfo:139 - Unknown STM32CubeMX version: 6.18.0
2026-09-03 18:37:26,186 [ERROR] AppliInfo:139 - Unknown STM32CubeMX version: 6.18.0
2026-09-03 18:37:26,186 [ERROR] AppliInfo:139 - Unknown STM32CubeMX version: 6.18.0
2026-09-03 18:37:26,186 [ERROR] AppliInfo:139 - Unknown STM32CubeMX version: 6.17.0
2026-09-03 18:37:26,186 [ERROR] AppliInfo:139 - Unknown STM32CubeMX version: 6.17.0
2026-09-03 18:37:26,186 [ERROR] AppliInfo:139 - Unknown STM32CubeMX version: 6.18.0
2026-09-03 18:37:26,186 [ERROR] AppliInfo:139 - Unknown STM32CubeMX version: 6.17.0
2026-09-03 18:37:26,187 [ERROR] AppliInfo:139 - Unknown STM32CubeMX version: 6.17.0
2026-09-03 18:37:26,187 [ERROR] AppliInfo:139 - Unknown STM32CubeMX version: 6.17.0
2026-09-03 18:37:26,187 [ERROR] AppliInfo:139 - Unknown STM32CubeMX version: 6.17.0
2026-09-03 18:37:26,187 [ERROR] AppliInfo:139 - Unknown STM32CubeMX version: 6.17.0
2026-09-03 18:37:26,187 [ERROR] AppliInfo:139 - Unknown STM32CubeMX version: 6.17.0
2026-09-03 18:37:26,187 [ERROR] AppliInfo:139 - Unknown STM32CubeMX version: 6.17.0
2026-09-03 18:37:26,187 [ERROR] AppliInfo:139 - Unknown STM32CubeMX version: 6.17.0
2026-09-03 18:37:26,187 [ERROR] AppliInfo:139 - Unknown STM32CubeMX version: 6.17.0
2026-09-03 18:37:26,187 [ERROR] AppliInfo:139 - Unknown STM32CubeMX version: 6.17.0
2026-09-03 18:37:26,188 [ERROR] AppliInfo:139 - Unknown STM32CubeMX version: 6.17.0
2026-09-03 18:37:26,188 [ERROR] AppliInfo:139 - Unknown STM32CubeMX version: 6.17.0
2026-09-03 18:37:26,188 [ERROR] AppliInfo:139 - Unknown STM32CubeMX version: 6.17.0
2026-09-03 18:37:26,188 [ERROR] AppliInfo:139 - Unknown STM32CubeMX version: 6.17.0
2026-09-03 18:37:26,188 [ERROR] AppliInfo:139 - Unknown STM32CubeMX version: 6.17.0
2026-09-03 18:37:26,188 [ERROR] AppliInfo:139 - Unknown STM32CubeMX version: 6.17.0
2026-09-03 18:37:26,188 [ERROR] AppliInfo:139 - Unknown STM32CubeMX version: 6.17.0
2026-09-03 18:37:26,188 [ERROR] AppliInfo:139 - Unknown STM32CubeMX version: 6.17.0
2026-09-03 18:37:26,188 [ERROR] AppliInfo:139 - Unknown STM32CubeMX version: 6.17.0
2026-09-03 18:37:26,188 [ERROR] AppliInfo:139 - Unknown STM32CubeMX version: 6.17.0
2026-09-03 18:37:26,188 [ERROR] AppliInfo:139 - Unknown STM32CubeMX version: 6.17.0
2026-09-03 18:37:26,188 [ERROR] AppliInfo:139 - Unknown STM32CubeMX version: 6.17.0
2026-09-03 18:37:26,188 [ERROR] AppliInfo:139 - Unknown STM32CubeMX version: 6.17.0
2026-09-03 18:37:26,188 [ERROR] AppliInfo:139 - Unknown STM32CubeMX version: 6.17.0
2026-09-03 18:37:26,190 [ERROR] AppliInfo:139 - Unknown STM32CubeMX version: 6.17.0
2026-09-03 18:37:26,190 [ERROR] AppliInfo:139 - Unknown STM32CubeMX version: 6.17.0
2026-09-03 18:37:26,190 [ERROR] AppliInfo:139 - Unknown STM32CubeMX version: 6.17.0
2026-09-03 18:37:26,190 [ERROR] AppliInfo:139 - Unknown STM32CubeMX version: 6.17.0
2026-09-03 18:37:26,190 [ERROR] AppliInfo:139 - Unknown STM32CubeMX version: 6.17.0
2026-09-03 18:37:26,190 [ERROR] AppliInfo:139 - Unknown STM32CubeMX version: 6.17.0
2026-09-03 18:37:26,190 [ERROR] AppliInfo:139 - Unknown STM32CubeMX version: 6.17.0
2026-09-03 18:37:26,190 [ERROR] AppliInfo:139 - Unknown STM32CubeMX version: 6.17.0
2026-09-03 18:37:26,190 [ERROR] AppliInfo:139 - Unknown STM32CubeMX version: 6.18.0
2026-09-03 18:37:26,190 [ERROR] AppliInfo:139 - Unknown STM32CubeMX version: 6.18.0
2026-09-03 18:37:26,191 [ERROR] AppliInfo:139 - Unknown STM32CubeMX version: 6.18.0
2026-09-03 18:37:26,191 [ERROR] AppliInfo:139 - Unknown STM32CubeMX version: 6.18.0
2026-09-03 18:37:26,191 [ERROR] AppliInfo:139 - Unknown STM32CubeMX version: 6.18.0
2026-09-03 18:37:26,191 [ERROR] AppliInfo:139 - Unknown STM32CubeMX version: 6.18.0
2026-09-03 18:37:26,192 [ERROR] AppliInfo:139 - Unknown STM32CubeMX version: 6.17.0
2026-09-03 18:37:26,192 [ERROR] AppliInfo:139 - Unknown STM32CubeMX version: 6.17.0
2026-09-03 18:37:26,192 [ERROR] AppliInfo:139 - Unknown STM32CubeMX version: 6.17.0
2026-09-03 18:37:26,192 [ERROR] AppliInfo:139 - Unknown STM32CubeMX version: 6.17.0
2026-09-03 18:37:26,192 [ERROR] AppliInfo:139 - Unknown STM32CubeMX version: 6.17.0
2026-09-03 18:37:26,192 [ERROR] AppliInfo:139 - Unknown STM32CubeMX version: 6.17.0
2026-09-03 18:37:26,192 [ERROR] AppliInfo:139 - Unknown STM32CubeMX version: 6.17.0
2026-09-03 18:37:26,192 [ERROR] AppliInfo:139 - Unknown STM32CubeMX version: 6.17.0
2026-09-03 18:37:26,192 [ERROR] AppliInfo:139 - Unknown STM32CubeMX version: 6.17.0
2026-09-03 18:37:26,192 [ERROR] AppliInfo:139 - Unknown STM32CubeMX version: 6.17.0
2026-09-03 18:37:26,193 [ERROR] AppliInfo:139 - Unknown STM32CubeMX version: 6.17.0
2026-09-03 18:37:26,193 [ERROR] AppliInfo:139 - Unknown STM32CubeMX version: 6.17.0
2026-09-03 18:37:26,193 [ERROR] AppliInfo:139 - Unknown STM32CubeMX version: 6.17.0
2026-09-03 18:37:26,193 [ERROR] AppliInfo:139 - Unknown STM32CubeMX version: 6.17.0
2026-09-03 18:37:26,221 [ERROR] AppliInfo:139 - Unknown STM32CubeMX version: 6.17.0
2026-09-03 18:37:26,221 [ERROR] AppliInfo:139 - Unknown STM32CubeMX version: 6.17.0
2026-09-03 18:37:26,222 [ERROR] AppliInfo:139 - Unknown STM32CubeMX version: 6.17.0
2026-09-03 18:37:26,222 [ERROR] AppliInfo:139 - Unknown STM32CubeMX version: 6.17.0
2026-09-03 18:37:26,222 [ERROR] AppliInfo:139 - Unknown STM32CubeMX version: 6.17.0
2026-09-03 18:37:26,222 [ERROR] AppliInfo:139 - Unknown STM32CubeMX version: 6.17.0
2026-09-03 18:37:26,222 [ERROR] AppliInfo:139 - Unknown STM32CubeMX version: 6.17.0
2026-09-03 18:37:26,222 [ERROR] AppliInfo:139 - Unknown STM32CubeMX version: 6.17.0
2026-09-03 18:37:26,222 [ERROR] AppliInfo:139 - Unknown STM32CubeMX version: 6.17.0
2026-09-03 18:37:26,222 [ERROR] AppliInfo:139 - Unknown STM32CubeMX version: 6.17.0
2026-09-03 18:37:26,223 [ERROR] AppliInfo:139 - Unknown STM32CubeMX version: 6.17.0
2026-09-03 18:37:26,223 [ERROR] AppliInfo:139 - Unknown STM32CubeMX version: 6.17.0
2026-09-03 18:37:26,223 [ERROR] AppliInfo:139 - Unknown STM32CubeMX version: 6.17.0
2026-09-03 18:37:26,223 [ERROR] AppliInfo:139 - Unknown STM32CubeMX version: 6.17.0
2026-09-03 18:37:26,259 [ERROR] AppliInfo:139 - Unknown STM32CubeMX version: 6.17.0
2026-09-03 18:37:26,259 [ERROR] AppliInfo:139 - Unknown STM32CubeMX version: 6.17.0
2026-09-03 18:37:26,259 [ERROR] AppliInfo:139 - Unknown STM32CubeMX version: 6.17.0
2026-09-03 18:37:26,259 [ERROR] AppliInfo:139 - Unknown STM32CubeMX version: 6.17.0
2026-09-03 18:37:26,260 [ERROR] AppliInfo:139 - Unknown STM32CubeMX version: 6.17.0
2026-09-03 18:37:26,260 [ERROR] AppliInfo:139 - Unknown STM32CubeMX version: 6.17.0
2026-09-03 18:37:26,260 [ERROR] AppliInfo:139 - Unknown STM32CubeMX version: 6.17.0
2026-09-03 18:37:26,263 [ERROR] AppliInfo:139 - Unknown STM32CubeMX version: 6.17.0
2026-09-03 18:37:26,264 [ERROR] AppliInfo:139 - Unknown STM32CubeMX version: 6.17.0
2026-09-03 18:37:26,264 [ERROR] AppliInfo:139 - Unknown STM32CubeMX version: 6.17.0
2026-09-03 18:37:26,264 [ERROR] AppliInfo:139 - Unknown STM32CubeMX version: 6.17.0
2026-09-03 18:37:26,264 [ERROR] AppliInfo:139 - Unknown STM32CubeMX version: 6.17.0
2026-09-03 18:37:26,265 [ERROR] AppliInfo:139 - Unknown STM32CubeMX version: 6.17.0
2026-09-03 18:37:26,265 [ERROR] AppliInfo:139 - Unknown STM32CubeMX version: 6.17.0
2026-09-03 18:37:26,265 [ERROR] AppliInfo:139 - Unknown STM32CubeMX version: 6.17.0
2026-09-03 18:37:26,265 [ERROR] AppliInfo:139 - Unknown STM32CubeMX version: 6.17.0
2026-09-03 18:37:26,266 [ERROR] AppliInfo:139 - Unknown STM32CubeMX version: 6.17.0
2026-09-03 18:37:26,266 [ERROR] AppliInfo:139 - Unknown STM32CubeMX version: 6.17.0
2026-09-03 18:37:26,266 [ERROR] AppliInfo:139 - Unknown STM32CubeMX version: 6.17.0
2026-09-03 18:37:26,266 [ERROR] AppliInfo:139 - Unknown STM32CubeMX version: 6.17.0
2026-09-03 18:37:26,266 [ERROR] AppliInfo:139 - Unknown STM32CubeMX version: 6.17.0
2026-09-03 18:37:26,266 [ERROR] AppliInfo:139 - Unknown STM32CubeMX version: 6.17.0
2026-09-03 18:37:26,267 [ERROR] AppliInfo:139 - Unknown STM32CubeMX version: 6.16.0
2026-09-03 18:37:26,267 [ERROR] AppliInfo:139 - Unknown STM32CubeMX version: 6.15.0
2026-09-03 18:37:26,267 [ERROR] AppliInfo:139 - Unknown STM32CubeMX version: 6.15.0
2026-09-03 18:37:26,267 [ERROR] AppliInfo:139 - Unknown STM32CubeMX version: 6.15.0
2026-09-03 18:37:26,267 [ERROR] AppliInfo:139 - Unknown STM32CubeMX version: 6.15.0
2026-09-03 18:37:26,267 [ERROR] AppliInfo:139 - Unknown STM32CubeMX version: 6.15.0
2026-09-03 18:37:26,268 [ERROR] AppliInfo:139 - Unknown STM32CubeMX version: 6.15.0
2026-09-03 18:37:26,268 [ERROR] AppliInfo:139 - Unknown STM32CubeMX version: 6.15.0
2026-09-03 18:37:26,268 [ERROR] AppliInfo:139 - Unknown STM32CubeMX version: 6.16.0
2026-09-03 18:37:26,268 [ERROR] AppliInfo:139 - Unknown STM32CubeMX version: 6.16.0
2026-09-03 18:37:26,269 [ERROR] AppliInfo:139 - Unknown STM32CubeMX version: 6.13.0
2026-09-03 18:37:26,269 [ERROR] AppliInfo:139 - Unknown STM32CubeMX version: 6.13.0
2026-09-03 18:37:26,270 [ERROR] AppliInfo:139 - Unknown STM32CubeMX version: 6.13.0
2026-09-03 18:37:26,270 [ERROR] AppliInfo:139 - Unknown STM32CubeMX version: 6.13.0
2026-09-03 18:37:26,270 [ERROR] AppliInfo:139 - Unknown STM32CubeMX version: 6.13.0
2026-09-03 18:37:26,270 [ERROR] AppliInfo:139 - Unknown STM32CubeMX version: 6.13.0
2026-09-03 18:37:26,270 [ERROR] AppliInfo:139 - Unknown STM32CubeMX version: 6.13.0
2026-09-03 18:37:26,271 [ERROR] AppliInfo:139 - Unknown STM32CubeMX version: 6.13.0
2026-09-03 18:37:26,271 [ERROR] AppliInfo:139 - Unknown STM32CubeMX version: 6.13.0
2026-09-03 18:37:26,271 [ERROR] AppliInfo:139 - Unknown STM32CubeMX version: 6.13.0
2026-09-03 18:37:26,271 [ERROR] AppliInfo:139 - Unknown STM32CubeMX version: 6.13.0
2026-09-03 18:37:26,271 [ERROR] AppliInfo:139 - Unknown STM32CubeMX version: 6.13.0
2026-09-03 18:37:26,272 [ERROR] AppliInfo:139 - Unknown STM32CubeMX version: 6.13.0
2026-09-03 18:37:26,272 [ERROR] AppliInfo:139 - Unknown STM32CubeMX version: 6.13.0
2026-09-03 18:37:26,272 [ERROR] AppliInfo:139 - Unknown STM32CubeMX version: 6.13.0
2026-09-03 18:37:26,272 [ERROR] AppliInfo:139 - Unknown STM32CubeMX version: 6.13.0
2026-09-03 18:37:26,272 [ERROR] AppliInfo:139 - Unknown STM32CubeMX version: 6.13.0
2026-09-03 18:37:26,272 [ERROR] AppliInfo:139 - Unknown STM32CubeMX version: 6.13.0
2026-09-03 18:37:26,273 [ERROR] AppliInfo:139 - Unknown STM32CubeMX version: 6.13.0
2026-09-03 18:37:26,273 [ERROR] AppliInfo:139 - Unknown STM32CubeMX version: 6.13.0
2026-09-03 18:37:26,273 [ERROR] AppliInfo:139 - Unknown STM32CubeMX version: 6.13.0
2026-09-03 18:37:26,273 [ERROR] AppliInfo:139 - Unknown STM32CubeMX version: 6.13.0
2026-09-03 18:37:26,273 [ERROR] AppliInfo:139 - Unknown STM32CubeMX version: 6.13.0
2026-09-03 18:37:26,274 [ERROR] AppliInfo:139 - Unknown STM32CubeMX version: 6.13.0
2026-09-03 18:37:26,274 [ERROR] AppliInfo:139 - Unknown STM32CubeMX version: 6.13.0
2026-09-03 18:37:26,274 [ERROR] AppliInfo:139 - Unknown STM32CubeMX version: 6.13.0
2026-09-03 18:37:26,274 [ERROR] AppliInfo:139 - Unknown STM32CubeMX version: 6.15.0
2026-09-03 18:37:26,274 [ERROR] AppliInfo:139 - Unknown STM32CubeMX version: 6.15.0
2026-09-03 18:37:26,274 [ERROR] AppliInfo:139 - Unknown STM32CubeMX version: 6.15.0
2026-09-03 18:37:26,275 [ERROR] AppliInfo:139 - Unknown STM32CubeMX version: 6.15.0
2026-09-03 18:37:26,275 [ERROR] AppliInfo:139 - Unknown STM32CubeMX version: 6.15.0
2026-09-03 18:37:26,275 [ERROR] AppliInfo:139 - Unknown STM32CubeMX version: 6.15.0
2026-09-03 18:37:26,275 [ERROR] AppliInfo:139 - Unknown STM32CubeMX version: 6.15.0
2026-09-03 18:37:26,275 [ERROR] AppliInfo:139 - Unknown STM32CubeMX version: 6.15.0
2026-09-03 18:37:26,276 [ERROR] AppliInfo:139 - Unknown STM32CubeMX version: 6.15.0
2026-09-03 18:37:26,276 [ERROR] AppliInfo:139 - Unknown STM32CubeMX version: 6.15.0
2026-09-03 18:37:26,276 [ERROR] AppliInfo:139 - Unknown STM32CubeMX version: 6.15.0
2026-09-03 18:37:26,276 [ERROR] AppliInfo:139 - Unknown STM32CubeMX version: 6.15.0
2026-09-03 18:37:26,276 [ERROR] AppliInfo:139 - Unknown STM32CubeMX version: 6.15.0
2026-09-03 18:37:26,276 [ERROR] AppliInfo:139 - Unknown STM32CubeMX version: 6.13.0
2026-09-03 18:37:26,277 [ERROR] AppliInfo:139 - Unknown STM32CubeMX version: 6.13.0
2026-09-03 18:37:26,277 [ERROR] AppliInfo:139 - Unknown STM32CubeMX version: 6.13.0
2026-09-03 18:37:26,283 [ERROR] AppliInfo:139 - Unknown STM32CubeMX version: 6.13.0
2026-09-03 18:37:26,284 [ERROR] AppliInfo:139 - Unknown STM32CubeMX version: 6.13.0
2026-09-03 18:37:26,284 [ERROR] AppliInfo:139 - Unknown STM32CubeMX version: 6.13.0
2026-09-03 18:37:26,284 [ERROR] AppliInfo:139 - Unknown STM32CubeMX version: 6.13.0
2026-09-03 18:37:26,284 [ERROR] AppliInfo:139 - Unknown STM32CubeMX version: 6.13.0
2026-09-03 18:37:26,284 [ERROR] AppliInfo:139 - Unknown STM32CubeMX version: 6.13.0
2026-09-03 18:37:26,285 [ERROR] AppliInfo:139 - Unknown STM32CubeMX version: 6.13.0
2026-09-03 18:37:26,285 [ERROR] AppliInfo:139 - Unknown STM32CubeMX version: 6.13.0
2026-09-03 18:37:26,285 [ERROR] AppliInfo:139 - Unknown STM32CubeMX version: 6.13.0
2026-09-03 18:37:26,285 [ERROR] AppliInfo:139 - Unknown STM32CubeMX version: 6.13.0
2026-09-03 18:37:26,285 [ERROR] AppliInfo:139 - Unknown STM32CubeMX version: 6.13.0
2026-09-03 18:37:26,286 [ERROR] AppliInfo:139 - Unknown STM32CubeMX version: 6.13.0
2026-09-03 18:37:26,286 [ERROR] AppliInfo:139 - Unknown STM32CubeMX version: 6.13.0
2026-09-03 18:37:26,286 [ERROR] AppliInfo:139 - Unknown STM32CubeMX version: 6.13.0
2026-09-03 18:37:26,286 [ERROR] AppliInfo:139 - Unknown STM32CubeMX version: 6.13.0
2026-09-03 18:37:26,286 [ERROR] AppliInfo:139 - Unknown STM32CubeMX version: 6.13.0
2026-09-03 18:37:26,286 [ERROR] AppliInfo:139 - Unknown STM32CubeMX version: 6.13.0
2026-09-03 18:37:26,287 [ERROR] AppliInfo:139 - Unknown STM32CubeMX version: 6.13.0
2026-09-03 18:37:26,287 [ERROR] AppliInfo:139 - Unknown STM32CubeMX version: 6.13.0
2026-09-03 18:37:26,287 [ERROR] AppliInfo:139 - Unknown STM32CubeMX version: 6.13.0
2026-09-03 18:37:26,287 [ERROR] AppliInfo:139 - Unknown STM32CubeMX version: 6.13.0
2026-09-03 18:37:26,287 [ERROR] AppliInfo:139 - Unknown STM32CubeMX version: 6.13.0
2026-09-03 18:37:26,288 [ERROR] AppliInfo:139 - Unknown STM32CubeMX version: 6.13.0
2026-09-03 18:37:26,288 [ERROR] AppliInfo:139 - Unknown STM32CubeMX version: 6.13.0
2026-09-03 18:37:26,288 [ERROR] AppliInfo:139 - Unknown STM32CubeMX version: 6.13.0
2026-09-03 18:37:26,288 [ERROR] AppliInfo:139 - Unknown STM32CubeMX version: 6.13.0
2026-09-03 18:37:26,288 [ERROR] AppliInfo:139 - Unknown STM32CubeMX version: 6.13.0
2026-09-03 18:37:26,288 [ERROR] AppliInfo:139 - Unknown STM32CubeMX version: 6.13.0
2026-09-03 18:37:26,289 [ERROR] AppliInfo:139 - Unknown STM32CubeMX version: 6.13.0
2026-09-03 18:37:26,289 [ERROR] AppliInfo:139 - Unknown STM32CubeMX version: 6.13.0
2026-09-03 18:37:26,289 [ERROR] AppliInfo:139 - Unknown STM32CubeMX version: 6.13.0
2026-09-03 18:37:26,289 [ERROR] AppliInfo:139 - Unknown STM32CubeMX version: 6.13.0
2026-09-03 18:37:26,289 [ERROR] AppliInfo:139 - Unknown STM32CubeMX version: 6.13.0
2026-09-03 18:37:26,289 [ERROR] AppliInfo:139 - Unknown STM32CubeMX version: 6.13.0
2026-09-03 18:37:26,290 [ERROR] AppliInfo:139 - Unknown STM32CubeMX version: 6.16.0
2026-09-03 18:37:26,290 [ERROR] AppliInfo:139 - Unknown STM32CubeMX version: 6.15.0
2026-09-03 18:37:26,290 [ERROR] AppliInfo:139 - Unknown STM32CubeMX version: 6.15.0
2026-09-03 18:37:26,290 [ERROR] AppliInfo:139 - Unknown STM32CubeMX version: 6.15.0
2026-09-03 18:37:26,290 [ERROR] AppliInfo:139 - Unknown STM32CubeMX version: 6.15.0
2026-09-03 18:37:26,290 [ERROR] AppliInfo:139 - Unknown STM32CubeMX version: 6.15.0
2026-09-03 18:37:26,290 [ERROR] AppliInfo:139 - Unknown STM32CubeMX version: 6.15.0
2026-09-03 18:37:26,290 [ERROR] AppliInfo:139 - Unknown STM32CubeMX version: 6.15.0
2026-09-03 18:37:26,290 [ERROR] AppliInfo:139 - Unknown STM32CubeMX version: 6.16.0
2026-09-03 18:37:26,290 [ERROR] AppliInfo:139 - Unknown STM32CubeMX version: 6.16.0
2026-09-03 18:37:26,291 [ERROR] AppliInfo:139 - Unknown STM32CubeMX version: 6.13.0
2026-09-03 18:37:26,291 [ERROR] AppliInfo:139 - Unknown STM32CubeMX version: 6.13.0
2026-09-03 18:37:26,292 [ERROR] AppliInfo:139 - Unknown STM32CubeMX version: 6.13.0
2026-09-03 18:37:26,292 [ERROR] AppliInfo:139 - Unknown STM32CubeMX version: 6.13.0
2026-09-03 18:37:26,292 [ERROR] AppliInfo:139 - Unknown STM32CubeMX version: 6.13.0
2026-09-03 18:37:26,292 [ERROR] AppliInfo:139 - Unknown STM32CubeMX version: 6.13.0
2026-09-03 18:37:26,292 [ERROR] AppliInfo:139 - Unknown STM32CubeMX version: 6.13.0
2026-09-03 18:37:26,292 [ERROR] AppliInfo:139 - Unknown STM32CubeMX version: 6.13.0
2026-09-03 18:37:26,292 [ERROR] AppliInfo:139 - Unknown STM32CubeMX version: 6.13.0
2026-09-03 18:37:26,292 [ERROR] AppliInfo:139 - Unknown STM32CubeMX version: 6.13.0
2026-09-03 18:37:26,293 [ERROR] AppliInfo:139 - Unknown STM32CubeMX version: 6.13.0
2026-09-03 18:37:26,293 [ERROR] AppliInfo:139 - Unknown STM32CubeMX version: 6.13.0
2026-09-03 18:37:26,293 [ERROR] AppliInfo:139 - Unknown STM32CubeMX version: 6.13.0
2026-09-03 18:37:26,293 [ERROR] AppliInfo:139 - Unknown STM32CubeMX version: 6.13.0
2026-09-03 18:37:26,293 [ERROR] AppliInfo:139 - Unknown STM32CubeMX version: 6.13.0
2026-09-03 18:37:26,293 [ERROR] AppliInfo:139 - Unknown STM32CubeMX version: 6.13.0
2026-09-03 18:37:26,293 [ERROR] AppliInfo:139 - Unknown STM32CubeMX version: 6.13.0
2026-09-03 18:37:26,293 [ERROR] AppliInfo:139 - Unknown STM32CubeMX version: 6.13.0
2026-09-03 18:37:26,295 [ERROR] AppliInfo:139 - Unknown STM32CubeMX version: 6.13.0
2026-09-03 18:37:26,296 [ERROR] AppliInfo:139 - Unknown STM32CubeMX version: 6.13.0
2026-09-03 18:37:26,296 [ERROR] AppliInfo:139 - Unknown STM32CubeMX version: 6.13.0
2026-09-03 18:37:26,296 [ERROR] AppliInfo:139 - Unknown STM32CubeMX version: 6.13.0
2026-09-03 18:37:26,296 [ERROR] AppliInfo:139 - Unknown STM32CubeMX version: 6.13.0
2026-09-03 18:37:26,296 [ERROR] AppliInfo:139 - Unknown STM32CubeMX version: 6.13.0
2026-09-03 18:37:26,296 [ERROR] AppliInfo:139 - Unknown STM32CubeMX version: 6.13.0
2026-09-03 18:37:26,296 [ERROR] AppliInfo:139 - Unknown STM32CubeMX version: 6.13.0
2026-09-03 18:37:26,296 [ERROR] AppliInfo:139 - Unknown STM32CubeMX version: 6.15.0
2026-09-03 18:37:26,296 [ERROR] AppliInfo:139 - Unknown STM32CubeMX version: 6.15.0
2026-09-03 18:37:26,297 [ERROR] AppliInfo:139 - Unknown STM32CubeMX version: 6.15.0
2026-09-03 18:37:26,297 [ERROR] AppliInfo:139 - Unknown STM32CubeMX version: 6.15.0
2026-09-03 18:37:26,297 [ERROR] AppliInfo:139 - Unknown STM32CubeMX version: 6.15.0
2026-09-03 18:37:26,297 [ERROR] AppliInfo:139 - Unknown STM32CubeMX version: 6.15.0
2026-09-03 18:37:26,297 [ERROR] AppliInfo:139 - Unknown STM32CubeMX version: 6.15.0
2026-09-03 18:37:26,297 [ERROR] AppliInfo:139 - Unknown STM32CubeMX version: 6.15.0
2026-09-03 18:37:26,297 [ERROR] AppliInfo:139 - Unknown STM32CubeMX version: 6.15.0
2026-09-03 18:37:26,297 [ERROR] AppliInfo:139 - Unknown STM32CubeMX version: 6.15.0
2026-09-03 18:37:26,297 [ERROR] AppliInfo:139 - Unknown STM32CubeMX version: 6.15.0
2026-09-03 18:37:26,297 [ERROR] AppliInfo:139 - Unknown STM32CubeMX version: 6.15.0
2026-09-03 18:37:26,297 [ERROR] AppliInfo:139 - Unknown STM32CubeMX version: 6.15.0
2026-09-03 18:37:26,298 [ERROR] AppliInfo:139 - Unknown STM32CubeMX version: 6.13.0
2026-09-03 18:37:26,298 [ERROR] AppliInfo:139 - Unknown STM32CubeMX version: 6.13.0
2026-09-03 18:37:26,298 [ERROR] AppliInfo:139 - Unknown STM32CubeMX version: 6.13.0
2026-09-03 18:37:26,298 [ERROR] AppliInfo:139 - Unknown STM32CubeMX version: 6.13.0
2026-09-03 18:37:26,298 [ERROR] AppliInfo:139 - Unknown STM32CubeMX version: 6.13.0
2026-09-03 18:37:26,298 [ERROR] AppliInfo:139 - Unknown STM32CubeMX version: 6.13.0
2026-09-03 18:37:26,298 [ERROR] AppliInfo:139 - Unknown STM32CubeMX version: 6.13.0
2026-09-03 18:37:26,298 [ERROR] AppliInfo:139 - Unknown STM32CubeMX version: 6.13.0
2026-09-03 18:37:26,298 [ERROR] AppliInfo:139 - Unknown STM32CubeMX version: 6.13.0
2026-09-03 18:37:26,298 [ERROR] AppliInfo:139 - Unknown STM32CubeMX version: 6.13.0
2026-09-03 18:37:26,299 [ERROR] AppliInfo:139 - Unknown STM32CubeMX version: 6.13.0
2026-09-03 18:37:26,299 [ERROR] AppliInfo:139 - Unknown STM32CubeMX version: 6.13.0
2026-09-03 18:37:26,299 [ERROR] AppliInfo:139 - Unknown STM32CubeMX version: 6.13.0
2026-09-03 18:37:26,299 [ERROR] AppliInfo:139 - Unknown STM32CubeMX version: 6.13.0
2026-09-03 18:37:26,299 [ERROR] AppliInfo:139 - Unknown STM32CubeMX version: 6.13.0
2026-09-03 18:37:26,299 [ERROR] AppliInfo:139 - Unknown STM32CubeMX version: 6.13.0
2026-09-03 18:37:26,299 [ERROR] AppliInfo:139 - Unknown STM32CubeMX version: 6.13.0
2026-09-03 18:37:26,299 [ERROR] AppliInfo:139 - Unknown STM32CubeMX version: 6.13.0
2026-09-03 18:37:26,299 [ERROR] AppliInfo:139 - Unknown STM32CubeMX version: 6.13.0
2026-09-03 18:37:26,308 [ERROR] AppliInfo:139 - Unknown STM32CubeMX version: 6.13.0
2026-09-03 18:37:26,308 [ERROR] AppliInfo:139 - Unknown STM32CubeMX version: 6.13.0
2026-09-03 18:37:26,308 [ERROR] AppliInfo:139 - Unknown STM32CubeMX version: 6.13.0
2026-09-03 18:37:26,308 [ERROR] AppliInfo:139 - Unknown STM32CubeMX version: 6.13.0
2026-09-03 18:37:26,309 [ERROR] AppliInfo:139 - Unknown STM32CubeMX version: 6.13.0
2026-09-03 18:37:26,309 [ERROR] AppliInfo:139 - Unknown STM32CubeMX version: 6.13.0
2026-09-03 18:37:26,309 [ERROR] AppliInfo:139 - Unknown STM32CubeMX version: 6.13.0
2026-09-03 18:37:26,309 [ERROR] AppliInfo:139 - Unknown STM32CubeMX version: 6.13.0
2026-09-03 18:37:26,309 [ERROR] AppliInfo:139 - Unknown STM32CubeMX version: 6.13.0
2026-09-03 18:37:26,309 [ERROR] AppliInfo:139 - Unknown STM32CubeMX version: 6.13.0
2026-09-03 18:37:26,310 [ERROR] AppliInfo:139 - Unknown STM32CubeMX version: 6.13.0
2026-09-03 18:37:26,310 [ERROR] AppliInfo:139 - Unknown STM32CubeMX version: 6.13.0
2026-09-03 18:37:26,310 [ERROR] AppliInfo:139 - Unknown STM32CubeMX version: 6.13.0
2026-09-03 18:37:26,310 [ERROR] AppliInfo:139 - Unknown STM32CubeMX version: 6.13.0
2026-09-03 18:37:26,310 [ERROR] AppliInfo:139 - Unknown STM32CubeMX version: 6.13.0
2026-09-03 18:37:26,311 [ERROR] AppliInfo:139 - Unknown STM32CubeMX version: 6.13.0
2026-09-03 18:37:26,311 [ERROR] AppliInfo:139 - Unknown STM32CubeMX version: 6.13.0
2026-09-03 18:37:26,311 [ERROR] AppliInfo:139 - Unknown STM32CubeMX version: 6.13.0
2026-09-03 18:37:26,311 [ERROR] AppliInfo:139 - Unknown STM32CubeMX version: 6.16.0
2026-09-03 18:37:26,311 [ERROR] AppliInfo:139 - Unknown STM32CubeMX version: 6.16.0
2026-09-03 18:37:26,311 [ERROR] AppliInfo:139 - Unknown STM32CubeMX version: 6.16.0
2026-09-03 18:37:26,312 [ERROR] AppliInfo:139 - Unknown STM32CubeMX version: 6.16.0
2026-09-03 18:37:26,312 [ERROR] AppliInfo:139 - Unknown STM32CubeMX version: 6.16.0
2026-09-03 18:37:26,314 [ERROR] AppliInfo:139 - Unknown STM32CubeMX version: 6.16.0
2026-09-03 18:37:26,314 [ERROR] AppliInfo:139 - Unknown STM32CubeMX version: 6.16.0
2026-09-03 18:37:26,314 [ERROR] AppliInfo:139 - Unknown STM32CubeMX version: 6.16.0
2026-09-03 18:37:26,314 [ERROR] AppliInfo:139 - Unknown STM32CubeMX version: 6.16.0
2026-09-03 18:37:26,315 [ERROR] AppliInfo:139 - Unknown STM32CubeMX version: 6.16.0
2026-09-03 18:37:26,316 [ERROR] AppliInfo:139 - Unknown STM32CubeMX version: 6.16.0
2026-09-03 18:37:26,316 [ERROR] AppliInfo:139 - Unknown STM32CubeMX version: 6.16.0
2026-09-03 18:37:26,316 [ERROR] AppliInfo:139 - Unknown STM32CubeMX version: 6.16.0
2026-09-03 18:37:26,316 [ERROR] AppliInfo:139 - Unknown STM32CubeMX version: 6.16.0
2026-09-03 18:37:26,316 [ERROR] AppliInfo:139 - Unknown STM32CubeMX version: 6.16.0
2026-09-03 18:37:26,316 [ERROR] AppliInfo:139 - Unknown STM32CubeMX version: 6.16.0
2026-09-03 18:37:26,317 [ERROR] AppliInfo:139 - Unknown STM32CubeMX version: 6.16.0
2026-09-03 18:37:26,317 [ERROR] AppliInfo:139 - Unknown STM32CubeMX version: 6.16.0
2026-09-03 18:37:26,317 [ERROR] AppliInfo:139 - Unknown STM32CubeMX version: 6.16.0
2026-09-03 18:37:26,318 [ERROR] AppliInfo:139 - Unknown STM32CubeMX version: 6.16.0
2026-09-03 18:37:26,318 [ERROR] AppliInfo:139 - Unknown STM32CubeMX version: 6.16.0
2026-09-03 18:37:26,318 [ERROR] AppliInfo:139 - Unknown STM32CubeMX version: 6.16.0
2026-09-03 18:37:26,318 [ERROR] AppliInfo:139 - Unknown STM32CubeMX version: 6.16.0
2026-09-03 18:37:26,318 [ERROR] AppliInfo:139 - Unknown STM32CubeMX version: 6.16.0
2026-09-03 18:37:26,319 [ERROR] AppliInfo:139 - Unknown STM32CubeMX version: 6.16.0
2026-09-03 18:37:26,319 [ERROR] AppliInfo:139 - Unknown STM32CubeMX version: 6.16.0
2026-09-03 18:37:26,319 [ERROR] AppliInfo:139 - Unknown STM32CubeMX version: 6.16.0
2026-09-03 18:37:26,319 [ERROR] AppliInfo:139 - Unknown STM32CubeMX version: 6.16.0
2026-09-03 18:37:26,319 [ERROR] AppliInfo:139 - Unknown STM32CubeMX version: 6.16.0
2026-09-03 18:37:26,320 [ERROR] AppliInfo:139 - Unknown STM32CubeMX version: 6.16.0
2026-09-03 18:37:26,320 [ERROR] AppliInfo:139 - Unknown STM32CubeMX version: 6.16.0
2026-09-03 18:37:26,320 [ERROR] AppliInfo:139 - Unknown STM32CubeMX version: 6.16.0
2026-09-03 18:37:26,320 [ERROR] AppliInfo:139 - Unknown STM32CubeMX version: 6.16.0
2026-09-03 18:37:26,320 [ERROR] AppliInfo:139 - Unknown STM32CubeMX version: 6.16.0
2026-09-03 18:37:26,320 [ERROR] AppliInfo:139 - Unknown STM32CubeMX version: 6.16.0
2026-09-03 18:37:26,321 [ERROR] AppliInfo:139 - Unknown STM32CubeMX version: 6.16.0
2026-09-03 18:37:26,321 [ERROR] AppliInfo:139 - Unknown STM32CubeMX version: 6.16.0
2026-09-03 18:37:26,321 [ERROR] AppliInfo:139 - Unknown STM32CubeMX version: 6.16.0
2026-09-03 18:37:26,321 [ERROR] AppliInfo:139 - Unknown STM32CubeMX version: 6.16.0
2026-09-03 18:37:26,321 [ERROR] AppliInfo:139 - Unknown STM32CubeMX version: 6.16.0
2026-09-03 18:37:26,321 [ERROR] AppliInfo:139 - Unknown STM32CubeMX version: 6.16.0
2026-09-03 18:37:26,322 [ERROR] AppliInfo:139 - Unknown STM32CubeMX version: 6.16.0
2026-09-03 18:37:26,322 [ERROR] AppliInfo:139 - Unknown STM32CubeMX version: 6.16.0
2026-09-03 18:37:26,322 [ERROR] AppliInfo:139 - Unknown STM32CubeMX version: 6.16.0
2026-09-03 18:37:26,322 [ERROR] AppliInfo:139 - Unknown STM32CubeMX version: 6.16.0
2026-09-03 18:37:26,322 [ERROR] AppliInfo:139 - Unknown STM32CubeMX version: 6.16.0
2026-09-03 18:37:26,323 [ERROR] AppliInfo:139 - Unknown STM32CubeMX version: 6.16.0
2026-09-03 18:37:26,323 [ERROR] AppliInfo:139 - Unknown STM32CubeMX version: 6.16.0
2026-09-03 18:37:26,323 [ERROR] AppliInfo:139 - Unknown STM32CubeMX version: 6.16.0
2026-09-03 18:37:26,323 [ERROR] AppliInfo:139 - Unknown STM32CubeMX version: 6.16.0
2026-09-03 18:37:26,323 [ERROR] AppliInfo:139 - Unknown STM32CubeMX version: 6.16.0
2026-09-03 18:37:26,326 [ERROR] AppliInfo:139 - Unknown STM32CubeMX version: 6.16.0
2026-09-03 18:37:26,326 [ERROR] AppliInfo:139 - Unknown STM32CubeMX version: 6.16.0
2026-09-03 18:37:26,326 [ERROR] AppliInfo:139 - Unknown STM32CubeMX version: 6.16.0
2026-09-03 18:37:26,326 [ERROR] AppliInfo:139 - Unknown STM32CubeMX version: 6.16.0
2026-09-03 18:37:26,326 [ERROR] AppliInfo:139 - Unknown STM32CubeMX version: 6.16.0
2026-09-03 18:37:26,326 [ERROR] AppliInfo:139 - Unknown STM32CubeMX version: 6.16.0
2026-09-03 18:37:26,327 [ERROR] AppliInfo:139 - Unknown STM32CubeMX version: 6.16.0
2026-09-03 18:37:26,327 [ERROR] AppliInfo:139 - Unknown STM32CubeMX version: 6.16.0
2026-09-03 18:37:26,327 [ERROR] AppliInfo:139 - Unknown STM32CubeMX version: 6.16.0
2026-09-03 18:37:26,327 [ERROR] AppliInfo:139 - Unknown STM32CubeMX version: 6.17.0
2026-09-03 18:37:26,327 [ERROR] AppliInfo:139 - Unknown STM32CubeMX version: 6.16.0
2026-09-03 18:37:26,328 [ERROR] AppliInfo:139 - Unknown STM32CubeMX version: 6.16.0
2026-09-03 18:37:26,328 [ERROR] AppliInfo:139 - Unknown STM32CubeMX version: 6.16.0
2026-09-03 18:37:26,328 [ERROR] AppliInfo:139 - Unknown STM32CubeMX version: 6.16.0
2026-09-03 18:37:26,328 [ERROR] AppliInfo:139 - Unknown STM32CubeMX version: 6.16.0
2026-09-03 18:37:26,328 [ERROR] AppliInfo:139 - Unknown STM32CubeMX version: 6.16.0
2026-09-03 18:37:26,328 [ERROR] AppliInfo:139 - Unknown STM32CubeMX version: 6.16.0
2026-09-03 18:37:26,328 [ERROR] AppliInfo:139 - Unknown STM32CubeMX version: 6.17.0
2026-09-03 18:37:26,328 [ERROR] AppliInfo:139 - Unknown STM32CubeMX version: 6.17.0
2026-09-03 18:37:26,328 [ERROR] AppliInfo:139 - Unknown STM32CubeMX version: 6.17.0
2026-09-03 18:37:26,329 [ERROR] AppliInfo:139 - Unknown STM32CubeMX version: 6.16.0
2026-09-03 18:37:26,329 [ERROR] AppliInfo:139 - Unknown STM32CubeMX version: 6.16.0
2026-09-03 18:37:26,329 [ERROR] AppliInfo:139 - Unknown STM32CubeMX version: 6.16.0
2026-09-03 18:37:26,329 [ERROR] AppliInfo:139 - Unknown STM32CubeMX version: 6.16.0
2026-09-03 18:37:26,329 [ERROR] AppliInfo:139 - Unknown STM32CubeMX version: 6.16.0
2026-09-03 18:37:26,329 [ERROR] AppliInfo:139 - Unknown STM32CubeMX version: 6.17.0
2026-09-03 18:37:26,329 [ERROR] AppliInfo:139 - Unknown STM32CubeMX version: 6.17.0
2026-09-03 18:37:26,329 [ERROR] AppliInfo:139 - Unknown STM32CubeMX version: 6.17.0
2026-09-03 18:37:26,329 [ERROR] AppliInfo:139 - Unknown STM32CubeMX version: 6.16.0
2026-09-03 18:37:26,329 [ERROR] AppliInfo:139 - Unknown STM32CubeMX version: 6.17.0
2026-09-03 18:37:26,330 [ERROR] AppliInfo:139 - Unknown STM32CubeMX version: 6.17.0
2026-09-03 18:37:26,330 [ERROR] AppliInfo:139 - Unknown STM32CubeMX version: 6.17.0
2026-09-03 18:37:26,330 [ERROR] AppliInfo:139 - Unknown STM32CubeMX version: 6.17.0
2026-09-03 18:37:26,330 [ERROR] AppliInfo:139 - Unknown STM32CubeMX version: 6.17.0
2026-09-03 18:37:26,330 [ERROR] AppliInfo:139 - Unknown STM32CubeMX version: 6.16.0
2026-09-03 18:37:26,330 [ERROR] AppliInfo:139 - Unknown STM32CubeMX version: 6.16.0
2026-09-03 18:37:26,330 [ERROR] AppliInfo:139 - Unknown STM32CubeMX version: 6.16.0
2026-09-03 18:37:26,330 [ERROR] AppliInfo:139 - Unknown STM32CubeMX version: 6.17.0
2026-09-03 18:37:26,331 [ERROR] AppliInfo:139 - Unknown STM32CubeMX version: 6.17.0
2026-09-03 18:37:26,331 [ERROR] AppliInfo:139 - Unknown STM32CubeMX version: 6.16.0
2026-09-03 18:37:26,331 [ERROR] AppliInfo:139 - Unknown STM32CubeMX version: 6.17.0
2026-09-03 18:37:26,331 [ERROR] AppliInfo:139 - Unknown STM32CubeMX version: 6.17.0
2026-09-03 18:37:26,331 [ERROR] AppliInfo:139 - Unknown STM32CubeMX version: 6.17.0
2026-09-03 18:37:26,334 [ERROR] AppliInfo:139 - Unknown STM32CubeMX version: 6.17.0
2026-09-03 18:37:26,334 [ERROR] AppliInfo:139 - Unknown STM32CubeMX version: 6.17.0
2026-09-03 18:37:26,334 [ERROR] AppliInfo:139 - Unknown STM32CubeMX version: 6.16.0
2026-09-03 18:37:26,334 [ERROR] AppliInfo:139 - Unknown STM32CubeMX version: 6.16.0
2026-09-03 18:37:26,334 [ERROR] AppliInfo:139 - Unknown STM32CubeMX version: 6.16.0
2026-09-03 18:37:26,335 [ERROR] AppliInfo:139 - Unknown STM32CubeMX version: 6.17.0
2026-09-03 18:37:26,335 [ERROR] AppliInfo:139 - Unknown STM32CubeMX version: 6.17.0
2026-09-03 18:37:26,335 [ERROR] AppliInfo:139 - Unknown STM32CubeMX version: 6.17.0
2026-09-03 18:37:26,335 [ERROR] AppliInfo:139 - Unknown STM32CubeMX version: 6.16.0
2026-09-03 18:37:26,336 [ERROR] AppliInfo:139 - Unknown STM32CubeMX version: 6.16.0
2026-09-03 18:37:26,336 [ERROR] AppliInfo:139 - Unknown STM32CubeMX version: 6.16.0
2026-09-03 18:37:26,336 [ERROR] AppliInfo:139 - Unknown STM32CubeMX version: 6.16.0
2026-09-03 18:37:26,336 [ERROR] AppliInfo:139 - Unknown STM32CubeMX version: 6.16.0
2026-09-03 18:37:26,336 [ERROR] AppliInfo:139 - Unknown STM32CubeMX version: 6.16.0
2026-09-03 18:37:26,336 [ERROR] AppliInfo:139 - Unknown STM32CubeMX version: 6.16.0
2026-09-03 18:37:26,337 [ERROR] AppliInfo:139 - Unknown STM32CubeMX version: 6.17.0
2026-09-03 18:37:26,337 [ERROR] AppliInfo:139 - Unknown STM32CubeMX version: 6.17.0
2026-09-03 18:37:26,337 [ERROR] AppliInfo:139 - Unknown STM32CubeMX version: 6.17.0
2026-09-03 18:37:26,337 [ERROR] AppliInfo:139 - Unknown STM32CubeMX version: 6.16.0
2026-09-03 18:37:26,337 [ERROR] AppliInfo:139 - Unknown STM32CubeMX version: 6.16.0
2026-09-03 18:37:26,337 [ERROR] AppliInfo:139 - Unknown STM32CubeMX version: 6.16.0
2026-09-03 18:37:26,338 [ERROR] AppliInfo:139 - Unknown STM32CubeMX version: 6.16.0
2026-09-03 18:37:26,338 [ERROR] AppliInfo:139 - Unknown STM32CubeMX version: 6.16.0
2026-09-03 18:37:26,338 [ERROR] AppliInfo:139 - Unknown STM32CubeMX version: 6.16.0
2026-09-03 18:37:26,338 [ERROR] AppliInfo:139 - Unknown STM32CubeMX version: 6.16.0
2026-09-03 18:37:26,338 [ERROR] AppliInfo:139 - Unknown STM32CubeMX version: 6.17.0
2026-09-03 18:37:26,338 [ERROR] AppliInfo:139 - Unknown STM32CubeMX version: 6.17.0
2026-09-03 18:37:26,339 [ERROR] AppliInfo:139 - Unknown STM32CubeMX version: 6.17.0
2026-09-03 18:37:26,339 [ERROR] AppliInfo:139 - Unknown STM32CubeMX version: 6.16.0
2026-09-03 18:37:26,339 [ERROR] AppliInfo:139 - Unknown STM32CubeMX version: 6.17.0
2026-09-03 18:37:26,339 [ERROR] AppliInfo:139 - Unknown STM32CubeMX version: 6.17.0
2026-09-03 18:37:26,339 [ERROR] AppliInfo:139 - Unknown STM32CubeMX version: 6.17.0
2026-09-03 18:37:26,339 [ERROR] AppliInfo:139 - Unknown STM32CubeMX version: 6.17.0
2026-09-03 18:37:26,340 [ERROR] AppliInfo:139 - Unknown STM32CubeMX version: 6.17.0
2026-09-03 18:37:26,340 [ERROR] AppliInfo:139 - Unknown STM32CubeMX version: 6.16.0
2026-09-03 18:37:26,340 [ERROR] AppliInfo:139 - Unknown STM32CubeMX version: 6.16.0
2026-09-03 18:37:26,340 [ERROR] AppliInfo:139 - Unknown STM32CubeMX version: 6.16.0
2026-09-03 18:37:26,340 [ERROR] AppliInfo:139 - Unknown STM32CubeMX version: 6.17.0
2026-09-03 18:37:26,343 [ERROR] AppliInfo:139 - Unknown STM32CubeMX version: 6.17.0
2026-09-03 18:37:26,343 [ERROR] AppliInfo:139 - Unknown STM32CubeMX version: 6.16.0
2026-09-03 18:37:26,343 [ERROR] AppliInfo:139 - Unknown STM32CubeMX version: 6.17.0
2026-09-03 18:37:26,343 [ERROR] AppliInfo:139 - Unknown STM32CubeMX version: 6.17.0
2026-09-03 18:37:26,343 [ERROR] AppliInfo:139 - Unknown STM32CubeMX version: 6.17.0
2026-09-03 18:37:26,344 [ERROR] AppliInfo:139 - Unknown STM32CubeMX version: 6.17.0
2026-09-03 18:37:26,344 [ERROR] AppliInfo:139 - Unknown STM32CubeMX version: 6.17.0
2026-09-03 18:37:26,344 [ERROR] AppliInfo:139 - Unknown STM32CubeMX version: 6.16.0
2026-09-03 18:37:26,344 [ERROR] AppliInfo:139 - Unknown STM32CubeMX version: 6.16.0
2026-09-03 18:37:26,345 [ERROR] AppliInfo:139 - Unknown STM32CubeMX version: 6.16.0
2026-09-03 18:37:26,345 [ERROR] AppliInfo:139 - Unknown STM32CubeMX version: 6.17.0
2026-09-03 18:37:26,345 [ERROR] AppliInfo:139 - Unknown STM32CubeMX version: 6.17.0
2026-09-03 18:37:26,345 [ERROR] AppliInfo:139 - Unknown STM32CubeMX version: 6.16.1
2026-09-03 18:37:26,346 [ERROR] AppliInfo:139 - Unknown STM32CubeMX version: 6.16.1
2026-09-03 18:37:26,346 [ERROR] AppliInfo:139 - Unknown STM32CubeMX version: 6.16.1
2026-09-03 18:37:26,346 [ERROR] AppliInfo:139 - Unknown STM32CubeMX version: 6.16.1
2026-09-03 18:37:26,346 [ERROR] AppliInfo:139 - Unknown STM32CubeMX version: 6.16.1
2026-09-03 18:37:26,346 [ERROR] AppliInfo:139 - Unknown STM32CubeMX version: 6.16.1
2026-09-03 18:37:26,358 [ERROR] AppliInfo:139 - Unknown STM32CubeMX version: 6.17.0
2026-09-03 18:37:26,358 [ERROR] AppliInfo:139 - Unknown STM32CubeMX version: 6.17.0
2026-09-03 18:37:26,358 [ERROR] AppliInfo:139 - Unknown STM32CubeMX version: 6.17.0
2026-09-03 18:37:26,358 [ERROR] AppliInfo:139 - Unknown STM32CubeMX version: 6.17.0
2026-09-03 18:37:26,359 [ERROR] AppliInfo:139 - Unknown STM32CubeMX version: 6.17.0
2026-09-03 18:37:26,359 [ERROR] AppliInfo:139 - Unknown STM32CubeMX version: 6.17.0
2026-09-03 18:37:26,359 [ERROR] AppliInfo:139 - Unknown STM32CubeMX version: 6.17.0
2026-09-03 18:37:26,359 [ERROR] AppliInfo:139 - Unknown STM32CubeMX version: 6.17.0
2026-09-03 18:37:26,359 [ERROR] AppliInfo:139 - Unknown STM32CubeMX version: 6.17.0
2026-09-03 18:37:26,359 [ERROR] AppliInfo:139 - Unknown STM32CubeMX version: 6.17.0
2026-09-03 18:37:26,359 [ERROR] AppliInfo:139 - Unknown STM32CubeMX version: 6.17.0
2026-09-03 18:37:26,359 [ERROR] AppliInfo:139 - Unknown STM32CubeMX version: 6.17.0
2026-09-03 18:37:26,359 [ERROR] AppliInfo:139 - Unknown STM32CubeMX version: 6.17.0
2026-09-03 18:37:26,359 [ERROR] AppliInfo:139 - Unknown STM32CubeMX version: 6.17.0
2026-09-03 18:37:26,360 [ERROR] AppliInfo:139 - Unknown STM32CubeMX version: 6.17.0
2026-09-03 18:37:26,360 [ERROR] AppliInfo:139 - Unknown STM32CubeMX version: 6.17.0
2026-09-03 18:37:26,360 [ERROR] AppliInfo:139 - Unknown STM32CubeMX version: 6.17.0
2026-09-03 18:37:26,360 [ERROR] AppliInfo:139 - Unknown STM32CubeMX version: 6.15.0
2026-09-03 18:37:26,360 [ERROR] AppliInfo:139 - Unknown STM32CubeMX version: 6.17.0
2026-09-03 18:37:26,360 [ERROR] AppliInfo:139 - Unknown STM32CubeMX version: 6.17.0
2026-09-03 18:37:26,360 [ERROR] AppliInfo:139 - Unknown STM32CubeMX version: 6.17.0
2026-09-03 18:37:26,360 [ERROR] AppliInfo:139 - Unknown STM32CubeMX version: 6.17.0
2026-09-03 18:37:26,360 [ERROR] AppliInfo:139 - Unknown STM32CubeMX version: 6.17.0
2026-09-03 18:37:26,360 [ERROR] AppliInfo:139 - Unknown STM32CubeMX version: 6.17.0
2026-09-03 18:37:26,361 [ERROR] AppliInfo:139 - Unknown STM32CubeMX version: 6.17.0
2026-09-03 18:37:26,361 [ERROR] AppliInfo:139 - Unknown STM32CubeMX version: 6.17.0
2026-09-03 18:37:26,361 [ERROR] AppliInfo:139 - Unknown STM32CubeMX version: 6.17.0
2026-09-03 18:37:26,361 [ERROR] AppliInfo:139 - Unknown STM32CubeMX version: 6.17.0
2026-09-03 18:37:26,361 [ERROR] AppliInfo:139 - Unknown STM32CubeMX version: 6.17.0
2026-09-03 18:37:26,361 [ERROR] AppliInfo:139 - Unknown STM32CubeMX version: 6.17.0
2026-09-03 18:37:26,361 [ERROR] AppliInfo:139 - Unknown STM32CubeMX version: 6.17.0
2026-09-03 18:37:26,363 [ERROR] AppliInfo:139 - Unknown STM32CubeMX version: 6.17.0
2026-09-03 18:37:26,363 [ERROR] AppliInfo:139 - Unknown STM32CubeMX version: 6.17.0
2026-09-03 18:37:26,364 [ERROR] AppliInfo:139 - Unknown STM32CubeMX version: 6.17.0
2026-09-03 18:37:26,364 [ERROR] AppliInfo:139 - Unknown STM32CubeMX version: 6.17.0
2026-09-03 18:37:26,364 [ERROR] AppliInfo:139 - Unknown STM32CubeMX version: 6.17.0
2026-09-03 18:37:26,364 [ERROR] AppliInfo:139 - Unknown STM32CubeMX version: 6.17.0
2026-09-03 18:37:26,364 [ERROR] AppliInfo:139 - Unknown STM32CubeMX version: 6.17.0
2026-09-03 18:37:26,364 [ERROR] AppliInfo:139 - Unknown STM32CubeMX version: 6.17.0
2026-09-03 18:37:26,364 [ERROR] AppliInfo:139 - Unknown STM32CubeMX version: 6.17.0
2026-09-03 18:37:26,364 [ERROR] AppliInfo:139 - Unknown STM32CubeMX version: 6.17.0
2026-09-03 18:37:26,364 [ERROR] AppliInfo:139 - Unknown STM32CubeMX version: 6.17.0
2026-09-03 18:37:26,365 [ERROR] AppliInfo:139 - Unknown STM32CubeMX version: 6.17.0
2026-09-03 18:37:26,365 [ERROR] AppliInfo:139 - Unknown STM32CubeMX version: 6.17.0
2026-09-03 18:37:26,365 [ERROR] AppliInfo:139 - Unknown STM32CubeMX version: 6.18.0
2026-09-03 18:37:26,365 [ERROR] AppliInfo:139 - Unknown STM32CubeMX version: 6.18.0
2026-09-03 18:37:26,365 [ERROR] AppliInfo:139 - Unknown STM32CubeMX version: 6.18.0
2026-09-03 18:37:26,365 [ERROR] AppliInfo:139 - Unknown STM32CubeMX version: 6.18.0
2026-09-03 18:37:26,365 [ERROR] AppliInfo:139 - Unknown STM32CubeMX version: 6.18.0
2026-09-03 18:37:26,365 [ERROR] AppliInfo:139 - Unknown STM32CubeMX version: 6.18.0
2026-09-03 18:37:26,365 [ERROR] AppliInfo:139 - Unknown STM32CubeMX version: 6.18.0
2026-09-03 18:37:26,365 [ERROR] AppliInfo:139 - Unknown STM32CubeMX version: 6.18.0
2026-09-03 18:37:26,366 [ERROR] AppliInfo:139 - Unknown STM32CubeMX version: 6.18.0
2026-09-03 18:37:26,366 [ERROR] AppliInfo:139 - Unknown STM32CubeMX version: 6.18.0
2026-09-03 18:37:26,366 [ERROR] AppliInfo:139 - Unknown STM32CubeMX version: 6.18.0
2026-09-03 18:37:26,366 [ERROR] AppliInfo:139 - Unknown STM32CubeMX version: 6.18.0
2026-09-03 18:37:26,366 [ERROR] AppliInfo:139 - Unknown STM32CubeMX version: 6.18.0
2026-09-03 18:37:26,366 [ERROR] AppliInfo:139 - Unknown STM32CubeMX version: 6.18.0
2026-09-03 18:37:26,366 [ERROR] AppliInfo:139 - Unknown STM32CubeMX version: 6.18.0
2026-09-03 18:37:26,366 [ERROR] AppliInfo:139 - Unknown STM32CubeMX version: 6.18.0
2026-09-03 18:37:26,366 [ERROR] AppliInfo:139 - Unknown STM32CubeMX version: 6.18.0
2026-09-03 18:37:26,367 [ERROR] AppliInfo:139 - Unknown STM32CubeMX version: 6.18.0
2026-09-03 18:37:26,367 [ERROR] AppliInfo:139 - Unknown STM32CubeMX version: 6.18.0
2026-09-03 18:37:26,369 [ERROR] AppliInfo:139 - Unknown STM32CubeMX version: 6.18.0
2026-09-03 18:37:26,369 [ERROR] AppliInfo:139 - Unknown STM32CubeMX version: 6.18.0
2026-09-03 18:37:26,369 [ERROR] AppliInfo:139 - Unknown STM32CubeMX version: 6.18.0
2026-09-03 18:37:26,369 [ERROR] AppliInfo:139 - Unknown STM32CubeMX version: 6.18.0
2026-09-03 18:37:26,369 [ERROR] AppliInfo:139 - Unknown STM32CubeMX version: 6.18.0
2026-09-03 18:37:26,369 [ERROR] AppliInfo:139 - Unknown STM32CubeMX version: 6.18.0
2026-09-03 18:37:26,369 [ERROR] AppliInfo:139 - Unknown STM32CubeMX version: 6.18.0
2026-09-03 18:37:26,369 [ERROR] AppliInfo:139 - Unknown STM32CubeMX version: 6.18.0
2026-09-03 18:37:26,369 [ERROR] AppliInfo:139 - Unknown STM32CubeMX version: 6.18.0
2026-09-03 18:37:26,379 [ERROR] AppliInfo:139 - Unknown STM32CubeMX version: 6.14.0
2026-09-03 18:37:26,379 [ERROR] AppliInfo:139 - Unknown STM32CubeMX version: 6.14.0
2026-09-03 18:37:26,379 [ERROR] AppliInfo:139 - Unknown STM32CubeMX version: 6.14.0
2026-09-03 18:37:26,379 [ERROR] AppliInfo:139 - Unknown STM32CubeMX version: 6.14.0
2026-09-03 18:37:26,380 [ERROR] AppliInfo:139 - Unknown STM32CubeMX version: 6.17.0
2026-09-03 18:37:26,380 [ERROR] AppliInfo:139 - Unknown STM32CubeMX version: 6.17.0
2026-09-03 18:37:26,380 [ERROR] AppliInfo:139 - Unknown STM32CubeMX version: 6.17.0
2026-09-03 18:37:26,380 [ERROR] AppliInfo:139 - Unknown STM32CubeMX version: 6.17.0
2026-09-03 18:37:26,380 [ERROR] AppliInfo:139 - Unknown STM32CubeMX version: 6.17.0
2026-09-03 18:37:26,380 [ERROR] AppliInfo:139 - Unknown STM32CubeMX version: 6.14.1
2026-09-03 18:37:26,380 [ERROR] AppliInfo:139 - Unknown STM32CubeMX version: 6.14.1
2026-09-03 18:37:26,380 [ERROR] AppliInfo:139 - Unknown STM32CubeMX version: 6.14.1
2026-09-03 18:37:26,381 [ERROR] AppliInfo:139 - Unknown STM32CubeMX version: 6.14.1
2026-09-03 18:37:26,381 [ERROR] AppliInfo:139 - Unknown STM32CubeMX version: 6.14.1
2026-09-03 18:37:26,381 [ERROR] AppliInfo:139 - Unknown STM32CubeMX version: 6.14.1
2026-09-03 18:37:26,381 [ERROR] AppliInfo:139 - Unknown STM32CubeMX version: 6.14.1
2026-09-03 18:37:26,381 [ERROR] AppliInfo:139 - Unknown STM32CubeMX version: 6.14.1
2026-09-03 18:37:26,381 [ERROR] AppliInfo:139 - Unknown STM32CubeMX version: 6.14.1
2026-09-03 18:37:26,381 [ERROR] AppliInfo:139 - Unknown STM32CubeMX version: 6.14.1
2026-09-03 18:37:26,381 [ERROR] AppliInfo:139 - Unknown STM32CubeMX version: 6.14.1
2026-09-03 18:37:26,381 [ERROR] AppliInfo:139 - Unknown STM32CubeMX version: 6.18.0
2026-09-03 18:37:26,383 [ERROR] AppliInfo:139 - Unknown STM32CubeMX version: 6.18.0
2026-09-03 18:37:26,383 [ERROR] AppliInfo:139 - Unknown STM32CubeMX version: 6.18.0
2026-09-03 18:37:26,384 [ERROR] AppliInfo:139 - Unknown STM32CubeMX version: 6.18.0
2026-09-03 18:37:26,384 [ERROR] AppliInfo:139 - Unknown STM32CubeMX version: 6.18.0
2026-09-03 18:37:26,384 [ERROR] AppliInfo:139 - Unknown STM32CubeMX version: 6.18.0
2026-09-03 18:37:26,384 [ERROR] AppliInfo:139 - Unknown STM32CubeMX version: 6.18.0
2026-09-03 18:37:26,384 [ERROR] AppliInfo:139 - Unknown STM32CubeMX version: 6.18.0
2026-09-03 18:37:26,384 [ERROR] AppliInfo:139 - Unknown STM32CubeMX version: 6.18.0
2026-09-03 18:37:26,384 [ERROR] AppliInfo:139 - Unknown STM32CubeMX version: 6.18.0
2026-09-03 18:37:26,385 [ERROR] AppliInfo:139 - Unknown STM32CubeMX version: 6.18.0
2026-09-03 18:37:26,385 [ERROR] AppliInfo:139 - Unknown STM32CubeMX version: 6.18.0
2026-09-03 18:37:26,385 [ERROR] AppliInfo:139 - Unknown STM32CubeMX version: 6.18.0
2026-09-03 18:37:26,385 [ERROR] AppliInfo:139 - Unknown STM32CubeMX version: 6.18.0
2026-09-03 18:37:26,385 [ERROR] AppliInfo:139 - Unknown STM32CubeMX version: 6.18.0
2026-09-03 18:37:26,385 [ERROR] AppliInfo:139 - Unknown STM32CubeMX version: 6.18.0
2026-09-03 18:37:26,385 [ERROR] AppliInfo:139 - Unknown STM32CubeMX version: 6.18.0
2026-09-03 18:37:26,386 [ERROR] AppliInfo:139 - Unknown STM32CubeMX version: 6.18.0
2026-09-03 18:37:26,386 [ERROR] AppliInfo:139 - Unknown STM32CubeMX version: 6.18.0
2026-09-03 18:37:26,386 [ERROR] AppliInfo:139 - Unknown STM32CubeMX version: 6.18.0
2026-09-03 18:37:26,386 [ERROR] AppliInfo:139 - Unknown STM32CubeMX version: 6.18.0
2026-09-03 18:37:26,386 [ERROR] AppliInfo:139 - Unknown STM32CubeMX version: 6.18.0
2026-09-03 18:37:26,386 [ERROR] AppliInfo:139 - Unknown STM32CubeMX version: 6.18.0
2026-09-03 18:37:26,388 [ERROR] AppliInfo:139 - Unknown STM32CubeMX version: 6.18.0
2026-09-03 18:37:26,388 [ERROR] AppliInfo:139 - Unknown STM32CubeMX version: 6.18.0
2026-09-03 18:37:26,388 [ERROR] AppliInfo:139 - Unknown STM32CubeMX version: 6.18.0
2026-09-03 18:37:26,388 [ERROR] AppliInfo:139 - Unknown STM32CubeMX version: 6.18.0
2026-09-03 18:37:26,388 [ERROR] AppliInfo:139 - Unknown STM32CubeMX version: 6.17.0
2026-09-03 18:37:26,388 [ERROR] AppliInfo:139 - Unknown STM32CubeMX version: 6.17.0
2026-09-03 18:37:26,390 [ERROR] AppliInfo:139 - Unknown STM32CubeMX version: 6.17.0
2026-09-03 18:37:26,390 [ERROR] AppliInfo:139 - Unknown STM32CubeMX version: 6.17.0
2026-09-03 18:37:26,390 [ERROR] AppliInfo:139 - Unknown STM32CubeMX version: 6.17.0
2026-09-03 18:37:26,390 [ERROR] AppliInfo:139 - Unknown STM32CubeMX version: 6.17.0
2026-09-03 18:37:26,390 [ERROR] AppliInfo:139 - Unknown STM32CubeMX version: 6.17.0
2026-09-03 18:37:26,390 [ERROR] AppliInfo:139 - Unknown STM32CubeMX version: 6.17.0
2026-09-03 18:37:26,390 [ERROR] AppliInfo:139 - Unknown STM32CubeMX version: 6.17.0
2026-09-03 18:37:26,390 [ERROR] AppliInfo:139 - Unknown STM32CubeMX version: 6.17.0
2026-09-03 18:37:26,390 [ERROR] AppliInfo:139 - Unknown STM32CubeMX version: 6.17.0
2026-09-03 18:37:26,390 [ERROR] AppliInfo:139 - Unknown STM32CubeMX version: 6.17.0
2026-09-03 18:37:26,390 [ERROR] AppliInfo:139 - Unknown STM32CubeMX version: 6.17.0
2026-09-03 18:37:26,390 [ERROR] AppliInfo:139 - Unknown STM32CubeMX version: 6.17.0
2026-09-03 18:37:26,391 [ERROR] AppliInfo:139 - Unknown STM32CubeMX version: 6.17.0
2026-09-03 18:37:26,391 [ERROR] AppliInfo:139 - Unknown STM32CubeMX version: 6.17.0
2026-09-03 18:37:26,391 [ERROR] AppliInfo:139 - Unknown STM32CubeMX version: 6.17.0
2026-09-03 18:37:26,391 [ERROR] AppliInfo:139 - Unknown STM32CubeMX version: 6.17.0
2026-09-03 18:37:26,391 [ERROR] AppliInfo:139 - Unknown STM32CubeMX version: 6.17.0
2026-09-03 18:37:26,391 [ERROR] AppliInfo:139 - Unknown STM32CubeMX version: 6.17.0
2026-09-03 18:37:26,391 [ERROR] AppliInfo:139 - Unknown STM32CubeMX version: 6.17.0
2026-09-03 18:37:26,391 [ERROR] AppliInfo:139 - Unknown STM32CubeMX version: 6.17.0
2026-09-03 18:37:26,391 [ERROR] AppliInfo:139 - Unknown STM32CubeMX version: 6.17.0
2026-09-03 18:37:26,393 [ERROR] AppliInfo:139 - Unknown STM32CubeMX version: 6.17.0
2026-09-03 18:37:26,393 [ERROR] AppliInfo:139 - Unknown STM32CubeMX version: 6.17.0
2026-09-03 18:37:26,394 [ERROR] AppliInfo:139 - Unknown STM32CubeMX version: 6.17.0
2026-09-03 18:37:26,394 [ERROR] AppliInfo:139 - Unknown STM32CubeMX version: 6.17.0
2026-09-03 18:37:26,394 [ERROR] AppliInfo:139 - Unknown STM32CubeMX version: 6.17.0
2026-09-03 18:37:26,394 [ERROR] AppliInfo:139 - Unknown STM32CubeMX version: 6.17.0
2026-09-03 18:37:26,394 [ERROR] AppliInfo:139 - Unknown STM32CubeMX version: 6.17.0
2026-09-03 18:37:26,394 [ERROR] AppliInfo:139 - Unknown STM32CubeMX version: 6.17.0
2026-09-03 18:37:26,394 [ERROR] AppliInfo:139 - Unknown STM32CubeMX version: 6.17.0
2026-09-03 18:37:26,394 [ERROR] AppliInfo:139 - Unknown STM32CubeMX version: 6.17.0
2026-09-03 18:37:26,394 [ERROR] AppliInfo:139 - Unknown STM32CubeMX version: 6.17.0
2026-09-03 18:37:26,394 [ERROR] AppliInfo:139 - Unknown STM32CubeMX version: 6.17.0
2026-09-03 18:37:26,394 [ERROR] AppliInfo:139 - Unknown STM32CubeMX version: 6.17.0
2026-09-03 18:37:26,394 [ERROR] AppliInfo:139 - Unknown STM32CubeMX version: 6.17.0
2026-09-03 18:37:26,395 [ERROR] AppliInfo:139 - Unknown STM32CubeMX version: 6.17.0
2026-09-03 18:37:26,395 [ERROR] AppliInfo:139 - Unknown STM32CubeMX version: 6.17.0
2026-09-03 18:37:26,395 [ERROR] AppliInfo:139 - Unknown STM32CubeMX version: 6.17.0
2026-09-03 18:37:26,395 [ERROR] AppliInfo:139 - Unknown STM32CubeMX version: 6.17.0
2026-09-03 18:37:26,395 [ERROR] AppliInfo:139 - Unknown STM32CubeMX version: 6.17.0
2026-09-03 18:37:26,395 [ERROR] AppliInfo:139 - Unknown STM32CubeMX version: 6.17.0
2026-09-03 18:37:26,395 [ERROR] AppliInfo:139 - Unknown STM32CubeMX version: 6.17.0
2026-09-03 18:37:26,395 [ERROR] AppliInfo:139 - Unknown STM32CubeMX version: 6.17.0
2026-09-03 18:37:26,397 [ERROR] AppliInfo:139 - Unknown STM32CubeMX version: 6.17.0
2026-09-03 18:37:26,397 [ERROR] AppliInfo:139 - Unknown STM32CubeMX version: 6.17.0
2026-09-03 18:37:26,397 [ERROR] AppliInfo:139 - Unknown STM32CubeMX version: 6.17.0
2026-09-03 18:37:26,397 [ERROR] AppliInfo:139 - Unknown STM32CubeMX version: 6.17.0
2026-09-03 18:37:26,397 [ERROR] AppliInfo:139 - Unknown STM32CubeMX version: 6.17.0
2026-09-03 18:37:26,397 [ERROR] AppliInfo:139 - Unknown STM32CubeMX version: 6.17.0
2026-09-03 18:37:26,397 [ERROR] AppliInfo:139 - Unknown STM32CubeMX version: 6.17.0
2026-09-03 18:37:26,398 [ERROR] AppliInfo:139 - Unknown STM32CubeMX version: 6.17.0
2026-09-03 18:37:26,398 [ERROR] AppliInfo:139 - Unknown STM32CubeMX version: 6.17.0
2026-09-03 18:37:26,398 [ERROR] AppliInfo:139 - Unknown STM32CubeMX version: 6.17.0
2026-09-03 18:37:26,398 [ERROR] AppliInfo:139 - Unknown STM32CubeMX version: 6.17.0
2026-09-03 18:37:26,398 [ERROR] AppliInfo:139 - Unknown STM32CubeMX version: 6.17.0
2026-09-03 18:37:26,398 [ERROR] AppliInfo:139 - Unknown STM32CubeMX version: 6.17.0
2026-09-03 18:37:26,398 [ERROR] AppliInfo:139 - Unknown STM32CubeMX version: 6.17.0
2026-09-03 18:37:26,398 [ERROR] AppliInfo:139 - Unknown STM32CubeMX version: 6.17.0
2026-09-03 18:37:26,398 [ERROR] AppliInfo:139 - Unknown STM32CubeMX version: 6.17.0
2026-09-03 18:37:26,398 [ERROR] AppliInfo:139 - Unknown STM32CubeMX version: 6.17.0
2026-09-03 18:37:26,398 [ERROR] AppliInfo:139 - Unknown STM32CubeMX version: 6.17.0
2026-09-03 18:37:26,399 [ERROR] AppliInfo:139 - Unknown STM32CubeMX version: 6.17.0
2026-09-03 18:37:26,399 [ERROR] AppliInfo:139 - Unknown STM32CubeMX version: 6.17.0
2026-09-03 18:37:26,399 [ERROR] AppliInfo:139 - Unknown STM32CubeMX version: 6.17.0
2026-09-03 18:37:26,399 [ERROR] AppliInfo:139 - Unknown STM32CubeMX version: 6.17.0
2026-09-03 18:37:26,399 [ERROR] AppliInfo:139 - Unknown STM32CubeMX version: 6.17.0
2026-09-03 18:37:26,399 [ERROR] AppliInfo:139 - Unknown STM32CubeMX version: 6.17.0
2026-09-03 18:37:26,401 [ERROR] AppliInfo:139 - Unknown STM32CubeMX version: 6.17.0
2026-09-03 18:37:26,401 [ERROR] AppliInfo:139 - Unknown STM32CubeMX version: 6.17.0
2026-09-03 18:37:26,401 [ERROR] AppliInfo:139 - Unknown STM32CubeMX version: 6.17.0
2026-09-03 18:37:26,401 [ERROR] AppliInfo:139 - Unknown STM32CubeMX version: 6.17.0
2026-09-03 18:37:26,401 [ERROR] AppliInfo:139 - Unknown STM32CubeMX version: 6.17.0
2026-09-03 18:37:26,401 [ERROR] AppliInfo:139 - Unknown STM32CubeMX version: 6.17.0
2026-09-03 18:37:26,401 [ERROR] AppliInfo:139 - Unknown STM32CubeMX version: 6.17.0
2026-09-03 18:37:26,402 [ERROR] AppliInfo:139 - Unknown STM32CubeMX version: 6.17.0
2026-09-03 18:37:26,402 [ERROR] AppliInfo:139 - Unknown STM32CubeMX version: 6.17.0
2026-09-03 18:37:26,402 [ERROR] AppliInfo:139 - Unknown STM32CubeMX version: 6.17.0
2026-09-03 18:37:26,402 [ERROR] AppliInfo:139 - Unknown STM32CubeMX version: 6.17.0
2026-09-03 18:37:26,402 [ERROR] AppliInfo:139 - Unknown STM32CubeMX version: 6.17.0
2026-09-03 18:37:26,402 [ERROR] AppliInfo:139 - Unknown STM32CubeMX version: 6.17.0
2026-09-03 18:37:26,402 [ERROR] AppliInfo:139 - Unknown STM32CubeMX version: 6.17.0
2026-09-03 18:37:26,402 [ERROR] AppliInfo:139 - Unknown STM32CubeMX version: 6.17.0
2026-09-03 18:37:26,402 [ERROR] AppliInfo:139 - Unknown STM32CubeMX version: 6.17.0
2026-09-03 18:37:26,402 [ERROR] AppliInfo:139 - Unknown STM32CubeMX version: 6.17.0
2026-09-03 18:37:26,402 [ERROR] AppliInfo:139 - Unknown STM32CubeMX version: 6.17.0
2026-09-03 18:37:26,402 [ERROR] AppliInfo:139 - Unknown STM32CubeMX version: 6.17.0
2026-09-03 18:37:26,403 [ERROR] AppliInfo:139 - Unknown STM32CubeMX version: 6.17.0
2026-09-03 18:37:26,403 [ERROR] AppliInfo:139 - Unknown STM32CubeMX version: 6.17.0
2026-09-03 18:37:26,403 [ERROR] AppliInfo:139 - Unknown STM32CubeMX version: 6.17.0
2026-09-03 18:37:26,403 [ERROR] AppliInfo:139 - Unknown STM32CubeMX version: 6.17.0
2026-09-03 18:37:26,405 [ERROR] AppliInfo:139 - Unknown STM32CubeMX version: 6.17.0
2026-09-03 18:37:26,405 [ERROR] AppliInfo:139 - Unknown STM32CubeMX version: 6.17.0
2026-09-03 18:37:26,405 [ERROR] AppliInfo:139 - Unknown STM32CubeMX version: 6.17.0
2026-09-03 18:37:26,405 [ERROR] AppliInfo:139 - Unknown STM32CubeMX version: 6.17.0
2026-09-03 18:37:26,406 [ERROR] AppliInfo:139 - Unknown STM32CubeMX version: 6.17.0
2026-09-03 18:37:26,406 [ERROR] AppliInfo:139 - Unknown STM32CubeMX version: 6.17.0
2026-09-03 18:37:26,406 [ERROR] AppliInfo:139 - Unknown STM32CubeMX version: 6.17.0
2026-09-03 18:37:26,406 [ERROR] AppliInfo:139 - Unknown STM32CubeMX version: 6.17.0
2026-09-03 18:37:26,406 [ERROR] AppliInfo:139 - Unknown STM32CubeMX version: 6.17.0
2026-09-03 18:37:26,406 [ERROR] AppliInfo:139 - Unknown STM32CubeMX version: 6.17.0
2026-09-03 18:37:26,407 [ERROR] AppliInfo:139 - Unknown STM32CubeMX version: 6.17.0
2026-09-03 18:37:26,407 [ERROR] AppliInfo:139 - Unknown STM32CubeMX version: 6.17.0
2026-09-03 18:37:26,407 [ERROR] AppliInfo:139 - Unknown STM32CubeMX version: 6.17.0
2026-09-03 18:37:26,407 [ERROR] AppliInfo:139 - Unknown STM32CubeMX version: 6.17.0
2026-09-03 18:37:26,407 [ERROR] AppliInfo:139 - Unknown STM32CubeMX version: 6.17.0
2026-09-03 18:37:26,407 [ERROR] AppliInfo:139 - Unknown STM32CubeMX version: 6.17.0
2026-09-03 18:37:26,408 [ERROR] AppliInfo:139 - Unknown STM32CubeMX version: 6.17.0
2026-09-03 18:37:26,408 [ERROR] AppliInfo:139 - Unknown STM32CubeMX version: 6.17.0
2026-09-03 18:37:26,408 [ERROR] AppliInfo:139 - Unknown STM32CubeMX version: 6.17.0
2026-09-03 18:37:26,408 [ERROR] AppliInfo:139 - Unknown STM32CubeMX version: 6.17.0
2026-09-03 18:37:26,408 [ERROR] AppliInfo:139 - Unknown STM32CubeMX version: 6.17.0
2026-09-03 18:37:26,409 [ERROR] AppliInfo:139 - Unknown STM32CubeMX version: 6.17.0
2026-09-03 18:37:26,411 [ERROR] AppliInfo:139 - Unknown STM32CubeMX version: 6.17.0
2026-09-03 18:37:26,411 [ERROR] AppliInfo:139 - Unknown STM32CubeMX version: 6.17.0
2026-09-03 18:37:26,411 [ERROR] AppliInfo:139 - Unknown STM32CubeMX version: 6.17.0
2026-09-03 18:37:26,411 [ERROR] AppliInfo:139 - Unknown STM32CubeMX version: 6.17.0
2026-09-03 18:37:26,411 [ERROR] AppliInfo:139 - Unknown STM32CubeMX version: 6.17.0
2026-09-03 18:37:26,411 [ERROR] AppliInfo:139 - Unknown STM32CubeMX version: 6.17.0
2026-09-03 18:37:26,411 [ERROR] AppliInfo:139 - Unknown STM32CubeMX version: 6.17.0
2026-09-03 18:37:26,411 [ERROR] AppliInfo:139 - Unknown STM32CubeMX version: 6.17.0
2026-09-03 18:37:26,412 [ERROR] AppliInfo:139 - Unknown STM32CubeMX version: 6.17.0
2026-09-03 18:37:26,412 [ERROR] AppliInfo:139 - Unknown STM32CubeMX version: 6.17.0
2026-09-03 18:37:26,412 [ERROR] AppliInfo:139 - Unknown STM32CubeMX version: 6.17.0
2026-09-03 18:37:26,412 [ERROR] AppliInfo:139 - Unknown STM32CubeMX version: 6.17.0
2026-09-03 18:37:26,412 [ERROR] AppliInfo:139 - Unknown STM32CubeMX version: 6.17.0
2026-09-03 18:37:26,412 [ERROR] AppliInfo:139 - Unknown STM32CubeMX version: 6.17.0
2026-09-03 18:37:26,412 [ERROR] AppliInfo:139 - Unknown STM32CubeMX version: 6.17.0
2026-09-03 18:37:26,412 [ERROR] AppliInfo:139 - Unknown STM32CubeMX version: 6.17.0
2026-09-03 18:37:26,412 [ERROR] AppliInfo:139 - Unknown STM32CubeMX version: 6.17.0
2026-09-03 18:37:26,414 [ERROR] AppliInfo:139 - Unknown STM32CubeMX version: 6.17.0
2026-09-03 18:37:26,415 [ERROR] AppliInfo:139 - Unknown STM32CubeMX version: 6.17.0
2026-09-03 18:37:26,415 [ERROR] AppliInfo:139 - Unknown STM32CubeMX version: 6.17.0
2026-09-03 18:37:26,415 [ERROR] AppliInfo:139 - Unknown STM32CubeMX version: 6.17.0
2026-09-03 18:37:26,415 [ERROR] AppliInfo:139 - Unknown STM32CubeMX version: 6.17.0
2026-09-03 18:37:26,415 [ERROR] AppliInfo:139 - Unknown STM32CubeMX version: 6.17.0
2026-09-03 18:37:26,415 [ERROR] AppliInfo:139 - Unknown STM32CubeMX version: 6.17.0
2026-09-03 18:37:26,416 [ERROR] AppliInfo:139 - Unknown STM32CubeMX version: 6.17.0
2026-09-03 18:37:26,416 [ERROR] AppliInfo:139 - Unknown STM32CubeMX version: 6.17.0
2026-09-03 18:37:26,416 [ERROR] AppliInfo:139 - Unknown STM32CubeMX version: 6.17.0
2026-09-03 18:37:26,416 [ERROR] AppliInfo:139 - Unknown STM32CubeMX version: 6.17.0
2026-09-03 18:37:26,416 [ERROR] AppliInfo:139 - Unknown STM32CubeMX version: 6.17.0
2026-09-03 18:37:26,416 [ERROR] AppliInfo:139 - Unknown STM32CubeMX version: 6.17.0
2026-09-03 18:37:26,417 [ERROR] AppliInfo:139 - Unknown STM32CubeMX version: 6.17.0
2026-09-03 18:37:26,417 [ERROR] AppliInfo:139 - Unknown STM32CubeMX version: 6.17.0
2026-09-03 18:37:26,417 [ERROR] AppliInfo:139 - Unknown STM32CubeMX version: 6.17.0
2026-09-03 18:37:26,417 [ERROR] AppliInfo:139 - Unknown STM32CubeMX version: 6.17.0
2026-09-03 18:37:26,419 [ERROR] AppliInfo:139 - Unknown STM32CubeMX version: 6.17.0
2026-09-03 18:37:26,419 [ERROR] AppliInfo:139 - Unknown STM32CubeMX version: 6.17.0
2026-09-03 18:37:26,420 [ERROR] AppliInfo:139 - Unknown STM32CubeMX version: 6.17.0
2026-09-03 18:37:26,420 [ERROR] AppliInfo:139 - Unknown STM32CubeMX version: 6.17.0
2026-09-03 18:37:26,420 [ERROR] AppliInfo:139 - Unknown STM32CubeMX version: 6.17.0
2026-09-03 18:37:26,420 [ERROR] AppliInfo:139 - Unknown STM32CubeMX version: 6.17.0
2026-09-03 18:37:26,420 [ERROR] AppliInfo:139 - Unknown STM32CubeMX version: 6.17.0
2026-09-03 18:37:26,420 [ERROR] AppliInfo:139 - Unknown STM32CubeMX version: 6.17.0
2026-09-03 18:37:26,420 [ERROR] AppliInfo:139 - Unknown STM32CubeMX version: 6.17.0
2026-09-03 18:37:26,420 [ERROR] AppliInfo:139 - Unknown STM32CubeMX version: 6.17.0
2026-09-03 18:37:26,420 [ERROR] AppliInfo:139 - Unknown STM32CubeMX version: 6.17.0
2026-09-03 18:37:26,420 [ERROR] AppliInfo:139 - Unknown STM32CubeMX version: 6.17.0
2026-09-03 18:37:26,421 [ERROR] AppliInfo:139 - Unknown STM32CubeMX version: 6.17.0
2026-09-03 18:37:26,421 [ERROR] AppliInfo:139 - Unknown STM32CubeMX version: 6.17.0
2026-09-03 18:37:26,421 [ERROR] AppliInfo:139 - Unknown STM32CubeMX version: 6.17.0
2026-09-03 18:37:26,421 [ERROR] AppliInfo:139 - Unknown STM32CubeMX version: 6.17.0
2026-09-03 18:37:26,421 [ERROR] AppliInfo:139 - Unknown STM32CubeMX version: 6.17.0
2026-09-03 18:37:26,423 [ERROR] AppliInfo:139 - Unknown STM32CubeMX version: 6.17.0
2026-09-03 18:37:26,423 [ERROR] AppliInfo:139 - Unknown STM32CubeMX version: 6.17.0
2026-09-03 18:37:26,423 [ERROR] AppliInfo:139 - Unknown STM32CubeMX version: 6.17.0
2026-09-03 18:37:26,424 [ERROR] AppliInfo:139 - Unknown STM32CubeMX version: 6.17.0
2026-09-03 18:37:26,424 [ERROR] AppliInfo:139 - Unknown STM32CubeMX version: 6.17.0
2026-09-03 18:37:26,424 [ERROR] AppliInfo:139 - Unknown STM32CubeMX version: 6.17.0
2026-09-03 18:37:26,424 [ERROR] AppliInfo:139 - Unknown STM32CubeMX version: 6.17.0
2026-09-03 18:37:26,424 [ERROR] AppliInfo:139 - Unknown STM32CubeMX version: 6.17.0
2026-09-03 18:37:26,424 [ERROR] AppliInfo:139 - Unknown STM32CubeMX version: 6.17.0
2026-09-03 18:37:26,429 [ERROR] AppliInfo:139 - Unknown STM32CubeMX version: 6.13.0
2026-09-03 18:37:26,430 [ERROR] AppliInfo:139 - Unknown STM32CubeMX version: 6.13.0
2026-09-03 18:37:26,430 [ERROR] AppliInfo:139 - Unknown STM32CubeMX version: 6.13.0
2026-09-03 18:37:26,430 [ERROR] AppliInfo:139 - Unknown STM32CubeMX version: 6.13.0
2026-09-03 18:37:26,430 [ERROR] AppliInfo:139 - Unknown STM32CubeMX version: 6.13.0
2026-09-03 18:37:26,432 [ERROR] AppliInfo:139 - Unknown STM32CubeMX version: 6.13.0
2026-09-03 18:37:26,432 [ERROR] AppliInfo:139 - Unknown STM32CubeMX version: 6.13.0
2026-09-03 18:37:26,432 [ERROR] AppliInfo:139 - Unknown STM32CubeMX version: 6.13.0
2026-09-03 18:37:26,433 [ERROR] AppliInfo:139 - Unknown STM32CubeMX version: 6.13.0
2026-09-03 18:37:26,433 [ERROR] AppliInfo:139 - Unknown STM32CubeMX version: 6.13.0
2026-09-03 18:37:26,433 [ERROR] AppliInfo:139 - Unknown STM32CubeMX version: 6.13.0
2026-09-03 18:37:26,433 [ERROR] AppliInfo:139 - Unknown STM32CubeMX version: 6.13.0
2026-09-03 18:37:26,433 [ERROR] AppliInfo:139 - Unknown STM32CubeMX version: 6.13.0
2026-09-03 18:37:26,433 [ERROR] AppliInfo:139 - Unknown STM32CubeMX version: 6.13.0
2026-09-03 18:37:26,433 [ERROR] AppliInfo:139 - Unknown STM32CubeMX version: 6.13.0
2026-09-03 18:37:26,441 [ERROR] AppliInfo:139 - Unknown STM32CubeMX version: 6.17.0
2026-09-03 18:37:26,441 [ERROR] AppliInfo:139 - Unknown STM32CubeMX version: 6.17.0
2026-09-03 18:37:26,441 [ERROR] AppliInfo:139 - Unknown STM32CubeMX version: 6.17.0
2026-09-03 18:37:26,441 [ERROR] AppliInfo:139 - Unknown STM32CubeMX version: 6.17.0
2026-09-03 18:37:26,442 [ERROR] AppliInfo:139 - Unknown STM32CubeMX version: 6.17.0
2026-09-03 18:37:26,442 [ERROR] AppliInfo:139 - Unknown STM32CubeMX version: 6.17.0
2026-09-03 18:37:26,442 [ERROR] AppliInfo:139 - Unknown STM32CubeMX version: 6.17.0
2026-09-03 18:37:26,442 [ERROR] AppliInfo:139 - Unknown STM32CubeMX version: 6.17.0
2026-09-03 18:37:26,442 [ERROR] AppliInfo:139 - Unknown STM32CubeMX version: 6.17.0
2026-09-03 18:37:26,444 [ERROR] AppliInfo:139 - Unknown STM32CubeMX version: 6.17.0
2026-09-03 18:37:26,445 [ERROR] AppliInfo:139 - Unknown STM32CubeMX version: 6.17.0
2026-09-03 18:37:26,445 [ERROR] AppliInfo:139 - Unknown STM32CubeMX version: 6.17.0
2026-09-03 18:37:26,445 [ERROR] AppliInfo:139 - Unknown STM32CubeMX version: 6.17.0
2026-09-03 18:37:26,445 [ERROR] AppliInfo:139 - Unknown STM32CubeMX version: 6.17.0
2026-09-03 18:37:26,445 [ERROR] AppliInfo:139 - Unknown STM32CubeMX version: 6.17.0
2026-09-03 18:37:26,445 [ERROR] AppliInfo:139 - Unknown STM32CubeMX version: 6.17.0
2026-09-03 18:37:26,445 [ERROR] AppliInfo:139 - Unknown STM32CubeMX version: 6.17.0
2026-09-03 18:37:26,446 [ERROR] AppliInfo:139 - Unknown STM32CubeMX version: 6.17.0
2026-09-03 18:37:26,446 [ERROR] AppliInfo:139 - Unknown STM32CubeMX version: 6.17.0
2026-09-03 18:37:26,446 [ERROR] AppliInfo:139 - Unknown STM32CubeMX version: 6.17.0
2026-09-03 18:37:26,448 [ERROR] AppliInfo:139 - Unknown STM32CubeMX version: 6.17.0
2026-09-03 18:37:26,448 [ERROR] AppliInfo:139 - Unknown STM32CubeMX version: 6.17.0
2026-09-03 18:37:26,459 [ERROR] AppliInfo:139 - Unknown STM32CubeMX version: 6.13.0
2026-09-03 18:37:26,461 [ERROR] AppliInfo:139 - Unknown STM32CubeMX version: 6.13.0
2026-09-03 18:37:26,461 [ERROR] AppliInfo:139 - Unknown STM32CubeMX version: 6.13.0
2026-09-03 18:37:26,462 [ERROR] AppliInfo:139 - Unknown STM32CubeMX version: 6.13.0
2026-09-03 18:37:26,462 [ERROR] AppliInfo:139 - Unknown STM32CubeMX version: 6.13.0
2026-09-03 18:37:26,462 [ERROR] AppliInfo:139 - Unknown STM32CubeMX version: 6.13.0
2026-09-03 18:37:26,462 [ERROR] AppliInfo:139 - Unknown STM32CubeMX version: 6.13.0
2026-09-03 18:37:26,462 [ERROR] AppliInfo:139 - Unknown STM32CubeMX version: 6.13.0
2026-09-03 18:37:26,462 [ERROR] AppliInfo:139 - Unknown STM32CubeMX version: 6.13.0
2026-09-03 18:37:26,462 [ERROR] AppliInfo:139 - Unknown STM32CubeMX version: 6.13.0
2026-09-03 18:37:26,463 [ERROR] AppliInfo:139 - Unknown STM32CubeMX version: 6.13.0
2026-09-03 18:37:26,463 [ERROR] AppliInfo:139 - Unknown STM32CubeMX version: 6.13.0
2026-09-03 18:37:26,463 [ERROR] AppliInfo:139 - Unknown STM32CubeMX version: 6.13.0
2026-09-03 18:37:26,463 [ERROR] AppliInfo:139 - Unknown STM32CubeMX version: 6.13.0
2026-09-03 18:37:26,463 [ERROR] AppliInfo:139 - Unknown STM32CubeMX version: 6.13.0
2026-09-03 18:37:26,463 [ERROR] AppliInfo:139 - Unknown STM32CubeMX version: 6.13.0
2026-09-03 18:37:26,463 [ERROR] AppliInfo:139 - Unknown STM32CubeMX version: 6.13.0
2026-09-03 18:37:26,464 [ERROR] AppliInfo:139 - Unknown STM32CubeMX version: 6.13.0
2026-09-03 18:37:26,464 [ERROR] AppliInfo:139 - Unknown STM32CubeMX version: 6.13.0
2026-09-03 18:37:26,465 [ERROR] AppliInfo:139 - Unknown STM32CubeMX version: 6.13.0
2026-09-03 18:37:26,466 [ERROR] AppliInfo:139 - Unknown STM32CubeMX version: 6.13.0
2026-09-03 18:37:26,466 [ERROR] AppliInfo:139 - Unknown STM32CubeMX version: 6.13.0
2026-09-03 18:37:26,466 [ERROR] AppliInfo:139 - Unknown STM32CubeMX version: 6.13.0
2026-09-03 18:37:26,466 [ERROR] AppliInfo:139 - Unknown STM32CubeMX version: 6.13.0
2026-09-03 18:37:26,466 [ERROR] AppliInfo:139 - Unknown STM32CubeMX version: 6.13.0
2026-09-03 18:37:26,466 [ERROR] AppliInfo:139 - Unknown STM32CubeMX version: 6.13.0
2026-09-03 18:37:26,466 [ERROR] AppliInfo:139 - Unknown STM32CubeMX version: 6.13.0
2026-09-03 18:37:26,466 [ERROR] AppliInfo:139 - Unknown STM32CubeMX version: 6.13.0
2026-09-03 18:37:26,466 [ERROR] AppliInfo:139 - Unknown STM32CubeMX version: 6.13.0
2026-09-03 18:37:26,466 [ERROR] AppliInfo:139 - Unknown STM32CubeMX version: 6.13.0
2026-09-03 18:37:26,468 [ERROR] AppliInfo:139 - Unknown STM32CubeMX version: 6.13.0
2026-09-03 18:37:26,468 [ERROR] AppliInfo:139 - Unknown STM32CubeMX version: 6.13.0
2026-09-03 18:37:26,469 [ERROR] AppliInfo:139 - Unknown STM32CubeMX version: 6.13.0
2026-09-03 18:37:26,469 [ERROR] AppliInfo:139 - Unknown STM32CubeMX version: 6.13.0
2026-09-03 18:37:26,469 [ERROR] AppliInfo:139 - Unknown STM32CubeMX version: 6.13.0
2026-09-03 18:37:26,469 [ERROR] AppliInfo:139 - Unknown STM32CubeMX version: 6.13.0
2026-09-03 18:37:26,469 [ERROR] AppliInfo:139 - Unknown STM32CubeMX version: 6.13.0
2026-09-03 18:37:26,469 [ERROR] AppliInfo:139 - Unknown STM32CubeMX version: 6.13.0
2026-09-03 18:37:26,470 [ERROR] AppliInfo:139 - Unknown STM32CubeMX version: 6.13.0
2026-09-03 18:37:26,470 [ERROR] AppliInfo:139 - Unknown STM32CubeMX version: 6.13.0
2026-09-03 18:37:26,470 [ERROR] AppliInfo:139 - Unknown STM32CubeMX version: 6.13.0
2026-09-03 18:37:26,472 [ERROR] AppliInfo:139 - Unknown STM32CubeMX version: 6.13.0
2026-09-03 18:37:26,472 [ERROR] AppliInfo:139 - Unknown STM32CubeMX version: 6.13.0
2026-09-03 18:37:26,472 [ERROR] AppliInfo:139 - Unknown STM32CubeMX version: 6.13.0
2026-09-03 18:37:26,472 [ERROR] AppliInfo:139 - Unknown STM32CubeMX version: 6.13.0
2026-09-03 18:37:26,472 [ERROR] AppliInfo:139 - Unknown STM32CubeMX version: 6.13.0
2026-09-03 18:37:26,472 [ERROR] AppliInfo:139 - Unknown STM32CubeMX version: 6.13.0
2026-09-03 18:37:26,473 [ERROR] AppliInfo:139 - Unknown STM32CubeMX version: 6.13.0
2026-09-03 18:37:26,473 [ERROR] AppliInfo:139 - Unknown STM32CubeMX version: 6.13.0
2026-09-03 18:37:26,473 [ERROR] AppliInfo:139 - Unknown STM32CubeMX version: 6.13.0
2026-09-03 18:37:26,473 [ERROR] AppliInfo:139 - Unknown STM32CubeMX version: 6.13.0
2026-09-03 18:37:26,473 [ERROR] AppliInfo:139 - Unknown STM32CubeMX version: 6.13.0
2026-09-03 18:37:26,473 [ERROR] AppliInfo:139 - Unknown STM32CubeMX version: 6.13.0
2026-09-03 18:37:26,475 [ERROR] AppliInfo:139 - Unknown STM32CubeMX version: 6.13.0
2026-09-03 18:37:26,476 [ERROR] AppliInfo:139 - Unknown STM32CubeMX version: 6.13.0
2026-09-03 18:37:26,476 [ERROR] AppliInfo:139 - Unknown STM32CubeMX version: 6.13.0
2026-09-03 18:37:26,476 [ERROR] AppliInfo:139 - Unknown STM32CubeMX version: 6.13.0
2026-09-03 18:37:26,476 [ERROR] AppliInfo:139 - Unknown STM32CubeMX version: 6.13.0
2026-09-03 18:38:01,193 [INFO] McuFinderGlobals:76 - Set McuFinderConnectedMode to true
2026-09-03 18:38:01,377 [INFO] ApiDb:448 - Save user favorites file C:\Users\kccistc/.stm32cubeide/favorites.mcus.txt: 0 item(s)
2026-09-03 18:38:01,377 [INFO] ApiDb:452 - User favorites MCUs=[]
2026-09-03 18:38:01,378 [INFO] ApiDb:448 - Save user favorites file C:\Users\kccistc/.stm32cubeide/favorites.boards.txt: 0 item(s)
2026-09-03 18:38:01,378 [INFO] ApiDb:452 - User favorites Boards=[]
2026-09-03 18:38:01,380 [INFO] ApiDb:448 - Save user favorites file C:\Users\kccistc/.stm32cubeide/favorites.examples.txt: 0 item(s)
2026-09-03 18:38:01,380 [INFO] ApiDb:452 - User favorites Examples=[]
2026-09-03 19:02:26,513 [ERROR] LogOutputStream:75 - [STDERR_REDIRECT] 
2026-09-03 19:14:59,626 [INFO] Activator:176 - 


2026-09-03 19:14:59,626 [INFO] Activator:177 - !SESSION log4j initialized
2026-09-03 19:15:02,049 [INFO] LogOutputStream:77 - [STDOUT_REDIRECT] 
2026-09-03 19:15:03,681 [INFO] ApplicationProperties:184 - Using Application install path: C:\ST\STM32CubeIDE_1.15.0\STM32CubeIDE\plugins\com.st.stm32cube.common.mx_6.11.0.202403141607
2026-09-03 19:15:03,695 [INFO] DbMcusXml:78 - Set database path to: C:\ST\STM32CubeIDE_1.15.0\STM32CubeIDE\plugins\com.st.stm32cube.common.mx_6.11.0.202403141607\\db\/mcu/
2026-09-03 19:15:03,696 [INFO] ApiDb:274 - Set plugin database path to: C:\ST\STM32CubeIDE_1.15.0\STM32CubeIDE\plugins\com.st.stm32cube.common.mx_6.11.0.202403141607\\db\/plugins/boardmanager/
2026-09-03 19:15:03,696 [WARN] ApiDb:259 - Overriding images path with different value:  => C:\ST\STM32CubeIDE_1.15.0\STM32CubeIDE\plugins\com.st.stm32cube.common.mx_6.11.0.202403141607\\db\/plugins/mcufinder/images/
2026-09-03 19:15:03,700 [INFO] ApiDb:250 - Set database path to: C:\Users\kccistc\.stmcufinder\plugins\mcufinder//mcu/
2026-09-03 19:15:03,700 [INFO] DbMcusAds:125 - Set database path to: C:\Users\kccistc\.stmcufinder\plugins\mcufinder//mcu/
2026-09-03 19:15:03,702 [INFO] CrossReferenceDbSqlite:203 - Set database path to: C:\Users\kccistc\.stmcufinder\plugins\mcufinder//mcu/cs/
2026-09-03 19:15:03,780 [INFO] RulesReader:64 - Compatibility file has been processed (297 Rules)
2026-09-03 19:15:03,850 [INFO] DbMcusXml:78 - Set database path to: C:\ST\STM32CubeIDE_1.15.0\STM32CubeIDE\plugins\com.st.stm32cube.common.mx_6.11.0.202403141607\\db\/mcu/
2026-09-03 19:15:03,850 [INFO] ApiDb:274 - Set plugin database path to: C:\ST\STM32CubeIDE_1.15.0\STM32CubeIDE\plugins\com.st.stm32cube.common.mx_6.11.0.202403141607\\db\/plugins/boardmanager/
2026-09-03 19:15:03,850 [INFO] ApiDb:261 - Set plugin images path to: C:\ST\STM32CubeIDE_1.15.0\STM32CubeIDE\plugins\com.st.stm32cube.common.mx_6.11.0.202403141607\\db\/plugins/mcufinder/images/
2026-09-03 19:15:03,851 [WARN] DbFile:41 - Overriding database path with different value: C:\Users\kccistc\.stmcufinder\plugins\mcufinder/ => C:\Users\kccistc\.stmcufinder\plugins\mcufinder
2026-09-03 19:15:03,851 [INFO] ApiDb:250 - Set database path to: C:\Users\kccistc\.stmcufinder\plugins\mcufinder//mcu/
2026-09-03 19:15:03,851 [WARN] DbFile:41 - Overriding database path with different value: C:\Users\kccistc\.stmcufinder\plugins\mcufinder/ => C:\Users\kccistc\.stmcufinder\plugins\mcufinder
2026-09-03 19:15:03,851 [INFO] DbMcusAds:125 - Set database path to: C:\Users\kccistc\.stmcufinder\plugins\mcufinder//mcu/
2026-09-03 19:15:03,851 [WARN] DbFile:41 - Overriding database path with different value: C:\Users\kccistc\.stmcufinder\plugins\mcufinder/ => C:\Users\kccistc\.stmcufinder\plugins\mcufinder
2026-09-03 19:15:03,851 [WARN] DbFile:41 - Overriding database path with different value: C:\Users\kccistc\.stmcufinder\plugins\mcufinder/ => C:\Users\kccistc\.stmcufinder\plugins\mcufinder
2026-09-03 19:15:03,851 [INFO] CrossReferenceDbSqlite:203 - Set database path to: C:\Users\kccistc\.stmcufinder\plugins\mcufinder//mcu/cs/
2026-09-03 19:15:03,902 [INFO] MainPanel:264 - HeapMemory: 268435456
2026-09-03 19:15:03,947 [INFO] DbMcusXml:78 - Set database path to: C:\ST\STM32CubeIDE_1.15.0\STM32CubeIDE\plugins\com.st.stm32cube.common.mx_6.11.0.202403141607\\db\/mcu/
2026-09-03 19:15:03,948 [INFO] ApiDb:274 - Set plugin database path to: C:\ST\STM32CubeIDE_1.15.0\STM32CubeIDE\plugins\com.st.stm32cube.common.mx_6.11.0.202403141607\\db\/plugins/boardmanager/
2026-09-03 19:15:03,948 [INFO] ApiDb:261 - Set plugin images path to: C:\ST\STM32CubeIDE_1.15.0\STM32CubeIDE\plugins\com.st.stm32cube.common.mx_6.11.0.202403141607\\db\/plugins/mcufinder/images/
2026-09-03 19:15:03,948 [WARN] DbFile:41 - Overriding database path with different value: C:\Users\kccistc\.stmcufinder\plugins\mcufinder/ => C:\Users\kccistc\.stmcufinder\plugins\mcufinder
2026-09-03 19:15:03,948 [INFO] ApiDb:250 - Set database path to: C:\Users\kccistc\.stmcufinder\plugins\mcufinder//mcu/
2026-09-03 19:15:03,948 [WARN] DbFile:41 - Overriding database path with different value: C:\Users\kccistc\.stmcufinder\plugins\mcufinder/ => C:\Users\kccistc\.stmcufinder\plugins\mcufinder
2026-09-03 19:15:03,948 [INFO] DbMcusAds:125 - Set database path to: C:\Users\kccistc\.stmcufinder\plugins\mcufinder//mcu/
2026-09-03 19:15:03,948 [WARN] DbFile:41 - Overriding database path with different value: C:\Users\kccistc\.stmcufinder\plugins\mcufinder/ => C:\Users\kccistc\.stmcufinder\plugins\mcufinder
2026-09-03 19:15:03,948 [WARN] DbFile:41 - Overriding database path with different value: C:\Users\kccistc\.stmcufinder\plugins\mcufinder/ => C:\Users\kccistc\.stmcufinder\plugins\mcufinder
2026-09-03 19:15:03,948 [INFO] CrossReferenceDbSqlite:203 - Set database path to: C:\Users\kccistc\.stmcufinder\plugins\mcufinder//mcu/cs/
2026-09-03 19:15:03,960 [INFO] ApplicationProperties:184 - Using Application install path: C:\ST\STM32CubeIDE_1.15.0\STM32CubeIDE\plugins\com.st.stm32cube.common.mx_6.11.0.202403141607
2026-09-03 19:15:03,962 [INFO] PluginManage:196 - Search for loadable plugins [exclusion list=, ]
2026-09-03 19:15:03,963 [INFO] PluginManage:310 - Check plugin analytics
2026-09-03 19:15:04,120 [INFO] AnalyticsPlugin:253 - Accepted Software Licenses: STM32CubeMX.6.17.0
2026-09-03 19:15:04,121 [INFO] AnalyticsPlugin:255 - Accepted CMSIS Pack Licenses: 
2026-09-03 19:15:04,121 [INFO] AnalyticsPlugin:257 - Accepted Firmware Licenses: FW.G4.1.6.0,FW.G4.1.6.1,FW.G4.1.6.3,FW.F4.1.28.0
2026-09-03 19:15:04,124 [INFO] PluginManage:359 - Loaded plugin analytics (category:tool,tabindex:-1)
2026-09-03 19:15:04,125 [INFO] PluginManage:310 - Check plugin cadmodel
2026-09-03 19:15:04,128 [INFO] CADModel:105 - Init CAD model plugin
2026-09-03 19:15:04,128 [INFO] PluginManage:359 - Loaded plugin cadmodel (category:power,tabindex:5)
2026-09-03 19:15:04,129 [INFO] PluginManage:310 - Check plugin clock
2026-09-03 19:15:04,140 [INFO] PluginManage:359 - Loaded plugin clock (category:base,tabindex:2)
2026-09-03 19:15:04,140 [INFO] PluginManage:310 - Check plugin ddr
2026-09-03 19:15:04,142 [INFO] PluginManage:359 - Loaded plugin ddr (category:tool,tabindex:6)
2026-09-03 19:15:04,142 [INFO] PluginManage:310 - Check plugin filemanager
2026-09-03 19:15:04,258 [INFO] PluginManage:359 - Loaded plugin filemanager (category:base,tabindex:10)
2026-09-03 19:15:04,258 [INFO] PluginManage:310 - Check plugin ipmanager
2026-09-03 19:15:04,264 [INFO] PluginManage:359 - Loaded plugin ipmanager (category:base,tabindex:5)
2026-09-03 19:15:04,264 [INFO] PluginManage:310 - Check plugin lpbam
2026-09-03 19:15:04,271 [INFO] PluginManage:359 - Loaded plugin lpbam (category:base,tabindex:0)
2026-09-03 19:15:04,271 [INFO] PluginManage:310 - Check plugin memorymap
2026-09-03 19:15:04,279 [INFO] PluginManage:359 - Loaded plugin memorymap (category:base,tabindex:4)
2026-09-03 19:15:04,279 [INFO] PluginManage:310 - Check plugin pinoutandconfiguration
2026-09-03 19:15:04,284 [INFO] PluginManage:359 - Loaded plugin pinoutandconfiguration (category:base,tabindex:1)
2026-09-03 19:15:04,284 [INFO] PluginManage:310 - Check plugin pinoutconfig
2026-09-03 19:15:04,376 [WARN] SupportedApi:132 - Cannot load RTOS API schema: s4s-elt-must-match.1: The content of 'definitions' must match (annotation?, (simpleType | complexType)?, (unique | key | keyref)*)). A problem was found starting at: attribute.
2026-09-03 19:15:04,476 [INFO] PluginManage:359 - Loaded plugin pinoutconfig (category:base,tabindex:0)
2026-09-03 19:15:04,476 [INFO] PluginManage:310 - Check plugin power
2026-09-03 19:15:04,481 [INFO] PluginManage:359 - Loaded plugin power (category:power,tabindex:4)
2026-09-03 19:15:04,481 [INFO] PluginManage:310 - Check plugin projectmanager
2026-09-03 19:15:04,494 [INFO] PluginManage:359 - Loaded plugin projectmanager (category:projectmanager,tabindex:3)
2026-09-03 19:15:04,494 [INFO] PluginManage:310 - Check plugin thirdparty
2026-09-03 19:15:04,581 [INFO] PluginManage:359 - Loaded plugin thirdparty (category:base,tabindex:-1)
2026-09-03 19:15:04,581 [WARN] IntegrityCheckThread:84 - waiting for thirdparty lock release [integrity check]
2026-09-03 19:15:04,581 [INFO] IntegrityCheckThread:86 - entering critical section [integrity check]
2026-09-03 19:15:04,581 [INFO] PluginManage:310 - Check plugin tools
2026-09-03 19:15:04,582 [INFO] ThirdPartyUpdaterWithRetryManager:70 - Updater plugin not ready yet. [1/15]
2026-09-03 19:15:04,584 [INFO] PluginManage:359 - Loaded plugin tools (category:base,tabindex:7)
2026-09-03 19:15:04,584 [INFO] PluginManage:310 - Check plugin tutovideos
2026-09-03 19:15:04,694 [INFO] PluginManage:359 - Loaded plugin tutovideos (category:base,tabindex:-1)
2026-09-03 19:15:04,695 [INFO] PluginManage:310 - Check plugin updater
2026-09-03 19:15:04,702 [INFO] PluginManage:359 - Loaded plugin updater (category:base,tabindex:12)
2026-09-03 19:15:04,702 [INFO] PluginManage:310 - Check plugin userauth
2026-09-03 19:15:04,705 [INFO] UserAuth:114 - Init User Auth plugin
2026-09-03 19:15:04,705 [INFO] PluginManage:359 - Loaded plugin userauth (category:base,tabindex:14)
2026-09-03 19:15:04,705 [INFO] PluginManage:283 - PluginManage : Loaded plugins [17]
2026-09-03 19:15:04,853 [INFO] PinOutPanel:1561 - setPackage(No Configuration,No Configuration)
2026-09-03 19:15:04,908 [INFO] CADModel:165 - CPN selected for project level
2026-09-03 19:15:04,908 [INFO] CADModel:114 - Register for checkConnection events
2026-09-03 19:15:04,918 [INFO] IPUIPlugin:80 - create IPUIPlugin
2026-09-03 19:15:04,918 [INFO] PluginManager:220 - loadIPPluginJar : add adc
2026-09-03 19:15:04,919 [INFO] IPUIPlugin:80 - create IPUIPlugin
2026-09-03 19:15:04,920 [INFO] PluginManager:220 - loadIPPluginJar : add aes
2026-09-03 19:15:04,922 [INFO] IPUIPlugin:80 - create IPUIPlugin
2026-09-03 19:15:04,922 [INFO] PluginManager:220 - loadIPPluginJar : add can
2026-09-03 19:15:04,922 [INFO] IPUIPlugin:80 - create IPUIPlugin
2026-09-03 19:15:04,923 [INFO] PluginManager:220 - loadIPPluginJar : add comp
2026-09-03 19:15:04,924 [INFO] IPUIPlugin:80 - create IPUIPlugin
2026-09-03 19:15:04,924 [INFO] PluginManager:220 - loadIPPluginJar : add cryp
2026-09-03 19:15:04,925 [INFO] IPUIPlugin:80 - create IPUIPlugin
2026-09-03 19:15:04,926 [INFO] PluginManager:220 - loadIPPluginJar : add dfsdm
2026-09-03 19:15:04,929 [INFO] IPUIPlugin:80 - create IPUIPlugin
2026-09-03 19:15:04,929 [INFO] PluginManager:220 - loadIPPluginJar : add dma
2026-09-03 19:15:04,930 [INFO] IPUIPlugin:80 - create IPUIPlugin
2026-09-03 19:15:04,930 [INFO] PluginManager:220 - loadIPPluginJar : add dma3
2026-09-03 19:15:04,931 [INFO] IPUIPlugin:80 - create IPUIPlugin
2026-09-03 19:15:04,931 [INFO] PluginManager:220 - loadIPPluginJar : add extmemmanager
2026-09-03 19:15:04,932 [INFO] IPUIPlugin:80 - create IPUIPlugin
2026-09-03 19:15:04,932 [INFO] PluginManager:220 - loadIPPluginJar : add fatfs
2026-09-03 19:15:04,935 [INFO] IPUIPlugin:80 - create IPUIPlugin
2026-09-03 19:15:04,935 [INFO] PluginManager:220 - loadIPPluginJar : add fmc
2026-09-03 19:15:04,938 [INFO] IPUIPlugin:80 - create IPUIPlugin
2026-09-03 19:15:04,938 [INFO] PluginManager:220 - loadIPPluginJar : add freertos
2026-09-03 19:15:04,939 [INFO] IPUIPlugin:80 - create IPUIPlugin
2026-09-03 19:15:04,939 [INFO] PluginManager:220 - loadIPPluginJar : add genericplugin
2026-09-03 19:15:04,941 [INFO] IPUIPlugin:80 - create IPUIPlugin
2026-09-03 19:15:04,941 [INFO] PluginManager:220 - loadIPPluginJar : add gfxmmu
2026-09-03 19:15:04,943 [INFO] IPUIPlugin:80 - create IPUIPlugin
2026-09-03 19:15:04,943 [INFO] PluginManager:220 - loadIPPluginJar : add gic
2026-09-03 19:15:04,945 [INFO] IPUIPlugin:80 - create IPUIPlugin
2026-09-03 19:15:04,946 [INFO] PluginManager:220 - loadIPPluginJar : add gpio
2026-09-03 19:15:04,947 [INFO] IPUIPlugin:80 - create IPUIPlugin
2026-09-03 19:15:04,947 [INFO] PluginManager:220 - loadIPPluginJar : add gtzc
2026-09-03 19:15:04,948 [INFO] IPUIPlugin:80 - create IPUIPlugin
2026-09-03 19:15:04,948 [INFO] PluginManager:220 - loadIPPluginJar : add hash
2026-09-03 19:15:04,949 [INFO] IPUIPlugin:80 - create IPUIPlugin
2026-09-03 19:15:04,949 [INFO] PluginManager:220 - loadIPPluginJar : add i2c
2026-09-03 19:15:04,950 [INFO] IPUIPlugin:80 - create IPUIPlugin
2026-09-03 19:15:04,950 [INFO] PluginManager:220 - loadIPPluginJar : add i2s
2026-09-03 19:15:04,952 [INFO] IPUIPlugin:80 - create IPUIPlugin
2026-09-03 19:15:04,952 [INFO] PluginManager:220 - loadIPPluginJar : add i3c
2026-09-03 19:15:04,954 [INFO] IPUIPlugin:80 - create IPUIPlugin
2026-09-03 19:15:04,954 [INFO] PluginManager:220 - loadIPPluginJar : add ipddr
2026-09-03 19:15:04,959 [INFO] IPUIPlugin:80 - create IPUIPlugin
2026-09-03 19:15:04,959 [INFO] PluginManager:220 - loadIPPluginJar : add linkedlist
2026-09-03 19:15:04,961 [INFO] IPUIPlugin:80 - create IPUIPlugin
2026-09-03 19:15:04,961 [INFO] PluginManager:220 - loadIPPluginJar : add lorawan
2026-09-03 19:15:04,962 [INFO] IPUIPlugin:80 - create IPUIPlugin
2026-09-03 19:15:04,962 [INFO] PluginManager:220 - loadIPPluginJar : add ltdc
2026-09-03 19:15:04,966 [INFO] IPUIPlugin:80 - create IPUIPlugin
2026-09-03 19:15:04,966 [INFO] PluginManager:220 - loadIPPluginJar : add mdma
2026-09-03 19:15:04,968 [INFO] IPUIPlugin:80 - create IPUIPlugin
2026-09-03 19:15:04,968 [INFO] PluginManager:220 - loadIPPluginJar : add nvic
2026-09-03 19:15:04,969 [INFO] IPUIPlugin:80 - create IPUIPlugin
2026-09-03 19:15:04,970 [INFO] PluginManager:220 - loadIPPluginJar : add opamp
2026-09-03 19:15:04,971 [INFO] IPUIPlugin:80 - create IPUIPlugin
2026-09-03 19:15:04,971 [INFO] PluginManager:220 - loadIPPluginJar : add openamp
2026-09-03 19:15:04,973 [INFO] IPUIPlugin:80 - create IPUIPlugin
2026-09-03 19:15:04,973 [INFO] PluginManager:220 - loadIPPluginJar : add pdm2pcm
2026-09-03 19:15:04,977 [INFO] IPUIPlugin:80 - create IPUIPlugin
2026-09-03 19:15:04,979 [INFO] PluginManager:220 - loadIPPluginJar : add plateformsettings
2026-09-03 19:15:04,979 [INFO] IPUIPlugin:80 - create IPUIPlugin
2026-09-03 19:15:04,979 [INFO] PluginManager:220 - loadIPPluginJar : add quadspi
2026-09-03 19:15:04,981 [INFO] IPUIPlugin:80 - create IPUIPlugin
2026-09-03 19:15:04,981 [INFO] PluginManager:220 - loadIPPluginJar : add resmgrutility
2026-09-03 19:15:04,982 [INFO] IPUIPlugin:80 - create IPUIPlugin
2026-09-03 19:15:04,982 [INFO] PluginManager:220 - loadIPPluginJar : add sai
2026-09-03 19:15:04,983 [INFO] IPUIPlugin:80 - create IPUIPlugin
2026-09-03 19:15:04,983 [INFO] PluginManager:220 - loadIPPluginJar : add spi
2026-09-03 19:15:04,986 [INFO] IPUIPlugin:80 - create IPUIPlugin
2026-09-03 19:15:04,986 [INFO] PluginManager:220 - loadIPPluginJar : add stm32_wpan
2026-09-03 19:15:04,987 [INFO] IPUIPlugin:80 - create IPUIPlugin
2026-09-03 19:15:04,987 [INFO] PluginManager:220 - loadIPPluginJar : add tim
2026-09-03 19:15:04,989 [INFO] IPUIPlugin:80 - create IPUIPlugin
2026-09-03 19:15:04,989 [INFO] PluginManager:220 - loadIPPluginJar : add touchsensing
2026-09-03 19:15:04,990 [INFO] IPUIPlugin:80 - create IPUIPlugin
2026-09-03 19:15:04,990 [INFO] PluginManager:220 - loadIPPluginJar : add tracer_emb
2026-09-03 19:15:04,991 [INFO] IPUIPlugin:80 - create IPUIPlugin
2026-09-03 19:15:04,991 [INFO] PluginManager:220 - loadIPPluginJar : add ts
2026-09-03 19:15:04,992 [INFO] IPUIPlugin:80 - create IPUIPlugin
2026-09-03 19:15:04,992 [INFO] PluginManager:220 - loadIPPluginJar : add tsc
2026-09-03 19:15:04,993 [INFO] IPUIPlugin:80 - create IPUIPlugin
2026-09-03 19:15:04,993 [INFO] PluginManager:220 - loadIPPluginJar : add ucpd
2026-09-03 19:15:04,995 [INFO] IPUIPlugin:80 - create IPUIPlugin
2026-09-03 19:15:04,995 [INFO] PluginManager:220 - loadIPPluginJar : add usart
2026-09-03 19:15:04,997 [INFO] IPUIPlugin:80 - create IPUIPlugin
2026-09-03 19:15:04,997 [INFO] PluginManager:220 - loadIPPluginJar : add usbx
2026-09-03 19:15:05,113 [INFO] CADModel:165 - CPN selected for project level
2026-09-03 19:15:05,113 [INFO] CADModel:114 - Register for checkConnection events
2026-09-03 19:15:05,114 [FATAL] Updater:308 - Updater called before beeing initialized
2026-09-03 19:15:05,114 [ERROR] CADModel:125 - Updater not yet initialized, retry later 
2026-09-03 19:15:05,206 [INFO] CADModel:165 - CPN selected for project level
2026-09-03 19:15:05,206 [INFO] CADModel:114 - Register for checkConnection events
2026-09-03 19:15:05,206 [FATAL] Updater:308 - Updater called before beeing initialized
2026-09-03 19:15:05,206 [ERROR] CADModel:125 - Updater not yet initialized, retry later 
2026-09-03 19:15:05,208 [FATAL] Updater:308 - Updater called before beeing initialized
2026-09-03 19:15:05,300 [FATAL] Updater:308 - Updater called before beeing initialized
2026-09-03 19:15:05,304 [INFO] DbMcusAds:53 - JSON generation date=Wed Jul 15 18:44:54 KST 2026 (1784108694001)
2026-09-03 19:15:05,304 [FATAL] Updater:308 - Updater called before beeing initialized
2026-09-03 19:15:05,327 [WARN] DetailPanel:346 - Failed to get advertising image, set to default
2026-09-03 19:15:05,386 [FATAL] Updater:308 - Updater called before beeing initialized
2026-09-03 19:15:05,387 [FATAL] Updater:308 - Updater called before beeing initialized
2026-09-03 19:15:05,387 [FATAL] Updater:308 - Updater called before beeing initialized
2026-09-03 19:15:05,387 [WARN] DetailPanel:346 - Failed to get advertising image, set to default
2026-09-03 19:15:05,388 [FATAL] Updater:308 - Updater called before beeing initialized
2026-09-03 19:15:05,420 [ERROR] Updater:1120 - MainUpdater not yet initialized. External WinMGr cannot be set.
2026-09-03 19:15:05,423 [INFO] Updater:1056 - Updater Version found : 6.11.0
2026-09-03 19:15:05,439 [INFO] ApplicationProperties:184 - Using Application install path: C:\ST\STM32CubeIDE_1.15.0\STM32CubeIDE\plugins\com.st.stm32cube.common.mx_6.11.0.202403141607
2026-09-03 19:15:05,783 [INFO] MainUpdater:2873 - connection check result : 10
2026-09-03 19:15:05,783 [INFO] MainUpdater:290 - Updater Check For Update Now.
2026-09-03 19:15:05,783 [INFO] MicroXplorer:498 - Change Database Version : DB.6.0.110
2026-09-03 19:15:05,806 [INFO] McuFinderGlobals:63 - Set McuFinder mode to 2 (CubeIDE integrated)
2026-09-03 19:15:05,819 [INFO] UserAuth:415 - Internet connection configuration mode: 1
2026-09-03 19:15:05,848 [INFO] JxBrowserEngine:152 - Initiate JxBrowser Engine with user profile folder
2026-09-03 19:15:05,976 [INFO] CheckServerUpdateThread:120 - End of CheckServer Thread
2026-09-03 19:15:06,305 [INFO] WebApp:161 - Instantiating new browser for Auth
2026-09-03 19:15:06,667 [INFO] WebApp:779 - Register for checkConnection events
2026-09-03 19:15:06,668 [INFO] WebApp:414 - Apply proxy settings
2026-09-03 19:15:06,668 [INFO] WebApp:499 - Chromium requires no authentication
2026-09-03 19:15:06,672 [INFO] WebApp:442 - Direct internet connection detected
2026-09-03 19:15:06,769 [INFO] WebApp:192 - Starting web application
2026-09-03 19:15:06,769 [INFO] WebApp:544 - Web application path used C:\ST\STM32CubeIDE_1.15.0\STM32CubeIDE\plugins\com.st.stm32cube.common.mx_6.11.0.202403141607\db\plugins\mcufinder\reactClient1\index.html
2026-09-03 19:15:07,784 [WARN] PackLoader:240 - Cannot read IP mode file for STMicroelectronics.X-CUBE-AZRTOS-H7.3.5.0
2026-09-03 19:15:07,797 [WARN] PackLoader:240 - Cannot read IP mode file for STMicroelectronics.FP-ATR-ASTRA1.2.0.3
2026-09-03 19:15:07,810 [ERROR] Engine:466 - C:\Users\kccistc\.stm32cubemx\thirdparties\pdsc\STMicroelectronics.X-CUBE-SMBUS.2.1.1.pdsc: PDSC version is not supported
2026-09-03 19:15:07,824 [WARN] PackLoader:240 - Cannot read IP mode file for STMicroelectronics.X-CUBE-AZRTOS-F7.1.1.0
2026-09-03 19:15:07,828 [ERROR] Engine:466 - C:\Users\kccistc\.stm32cubemx\thirdparties\pdsc\STMicroelectronics.X-CUBE-FREERTOS.1.6.0.pdsc: PDSC version is not supported
2026-09-03 19:15:07,830 [ERROR] Engine:466 - C:\Users\kccistc\.stm32cubemx\thirdparties\pdsc\STMicroelectronics.FP-SNS-MOTENV1.5.1.0.pdsc: PDSC version is not supported
2026-09-03 19:15:07,847 [WARN] PackLoader:240 - Cannot read IP mode file for STMicroelectronics.X-CUBE-AZRTOS-H7RS.1.3.0
2026-09-03 19:15:07,854 [ERROR] Engine:466 - C:\Users\kccistc\.stm32cubemx\thirdparties\pdsc\WES.I-CUBE-Cesium.1.4.0.pdsc: PDSC version is not supported
2026-09-03 19:15:07,862 [WARN] PackLoader:240 - Cannot read IP mode file for STMicroelectronics.X-CUBE-DISPLAY.3.0.0
2026-09-03 19:15:07,876 [WARN] PackLoader:240 - Cannot read IP mode file for STMicroelectronics.X-CUBE-GNSS1.7.1.1
2026-09-03 19:15:07,879 [ERROR] Engine:466 - C:\Users\kccistc\.stm32cubemx\thirdparties\pdsc\STMicroelectronics.FP-SNS-MOTENVWB1.1.5.0.pdsc: PDSC version is not supported
2026-09-03 19:15:07,886 [WARN] PackLoader:240 - Cannot read IP mode file for STMicroelectronics.X-CUBE-NFC10.1.0.0
2026-09-03 19:15:07,889 [ERROR] Engine:466 - C:\Users\kccistc\.stm32cubemx\thirdparties\pdsc\STMicroelectronics.X-CUBE-ST60.1.1.0.pdsc: PDSC version is not supported
2026-09-03 19:15:07,894 [WARN] PackLoader:240 - Cannot read IP mode file for emotas.I-CUBE-CANOPEN.1.3.0
2026-09-03 19:15:07,898 [WARN] PackLoader:240 - Cannot read IP mode file for wolfSSL.I-CUBE-wolfSSL.5.9.2
2026-09-03 19:15:07,900 [ERROR] Engine:466 - C:\Users\kccistc\.stm32cubemx\thirdparties\pdsc\STMicroelectronics.X-CUBE-WBA.1.1.0.pdsc: PDSC version is not supported
2026-09-03 19:15:07,903 [ERROR] Engine:466 - C:\Users\kccistc\.stm32cubemx\thirdparties\pdsc\STMicroelectronics.FP-SNS-STBOX1.2.1.0.pdsc: PDSC version is not supported
2026-09-03 19:15:07,908 [WARN] PackLoader:240 - Cannot read IP mode file for STMicroelectronics.FP-SNS-SMARTAG2.1.2.0
2026-09-03 19:15:07,910 [ERROR] Engine:466 - C:\Users\kccistc\.stm32cubemx\thirdparties\pdsc\STMicroelectronics.FP-SNS-FLIGHT1.5.1.0.pdsc: PDSC version is not supported
2026-09-03 19:15:07,920 [INFO] LogOutputStream:77 - [STDOUT_REDIRECT] 1 : Invalid condition id : UX_CORESTACK_Condition cause : null
2026-09-03 19:15:07,921 [INFO] LogOutputStream:77 - [STDOUT_REDIRECT] 1 : Invalid condition id : UX_CORESTACK_Condition cause : null
2026-09-03 19:15:07,922 [INFO] LogOutputStream:77 - [STDOUT_REDIRECT] 1 : Invalid condition id : UX_CORESTACK_Condition cause : null
2026-09-03 19:15:07,923 [INFO] LogOutputStream:77 - [STDOUT_REDIRECT] 1 : Invalid condition id : UX_CORESTACK_Condition cause : null
2026-09-03 19:15:07,925 [INFO] LogOutputStream:77 - [STDOUT_REDIRECT] 1 : Invalid condition id : UX_CORESTACK_Condition cause : null
2026-09-03 19:15:07,927 [WARN] PackLoader:240 - Cannot read IP mode file for STMicroelectronics.X-CUBE-AZRTOS-WL.2.0.0
2026-09-03 19:15:07,933 [WARN] PackLoader:240 - Cannot read IP mode file for STMicroelectronics.X-CUBE-BLE2.3.3.0
2026-09-03 19:15:07,935 [ERROR] Engine:466 - C:\Users\kccistc\.stm32cubemx\thirdparties\pdsc\Avnet-IOTCONNECT.X-CUBE-iotc-st67-sdk.1.0.0.pdsc: PDSC version is not supported
2026-09-03 19:15:07,955 [WARN] PackLoader:240 - Cannot read IP mode file for Infineon.AIROC-Wi-Fi-Bluetooth-STM32.1.8.0
2026-09-03 19:15:07,963 [WARN] PackLoader:240 - Cannot read IP mode file for STMicroelectronics.X-CUBE-NFC9.1.0.0
2026-09-03 19:15:07,972 [WARN] PackLoader:240 - Cannot read IP mode file for STMicroelectronics.X-CUBE-BLE1.7.1.0
2026-09-03 19:15:07,975 [WARN] PackLoader:240 - Cannot read IP mode file for wolfSSL.I-CUBE-wolfMQTT.1.19.2
2026-09-03 19:15:07,980 [WARN] PackLoader:240 - Cannot read IP mode file for STMicroelectronics.X-CUBE-EEPRMA1.5.2.0
2026-09-03 19:15:07,991 [WARN] PackLoader:240 - Cannot read IP mode file for STMicroelectronics.X-CUBE-AZRTOS-G0.1.1.0
2026-09-03 19:15:08,001 [WARN] PackLoader:240 - Cannot read IP mode file for STMicroelectronics.X-CUBE-NFC4.3.0.0
2026-09-03 19:15:08,009 [WARN] PackLoader:240 - Cannot read IP mode file for EmbeddedOffice.I-CUBE-FS-RTOS.1.0.1
2026-09-03 19:15:08,009 [ERROR] ConditionMgr:805 - Attr not supported : Dmpu
2026-09-03 19:15:08,009 [ERROR] ConditionMgr:805 - Attr not supported : Dmpu
2026-09-03 19:15:08,009 [ERROR] ConditionMgr:805 - Attr not supported : Dmpu
2026-09-03 19:15:08,009 [ERROR] ConditionMgr:805 - Attr not supported : Dmpu
2026-09-03 19:15:08,009 [ERROR] ConditionMgr:805 - Attr not supported : Dmpu
2026-09-03 19:15:08,009 [ERROR] ConditionMgr:805 - Attr not supported : Dmpu
2026-09-03 19:15:08,009 [ERROR] ConditionMgr:805 - Attr not supported : Dmpu
2026-09-03 19:15:08,009 [ERROR] ConditionMgr:805 - Attr not supported : Dmpu
2026-09-03 19:15:08,009 [ERROR] ConditionMgr:805 - Attr not supported : Dmpu
2026-09-03 19:15:08,009 [ERROR] ConditionMgr:805 - Attr not supported : Dmpu
2026-09-03 19:15:08,009 [ERROR] ConditionMgr:805 - Attr not supported : Dmpu
2026-09-03 19:15:08,009 [ERROR] ConditionMgr:805 - Attr not supported : Dmpu
2026-09-03 19:15:08,009 [ERROR] ConditionMgr:805 - Attr not supported : Dmpu
2026-09-03 19:15:08,009 [ERROR] ConditionMgr:805 - Attr not supported : Dmpu
2026-09-03 19:15:08,010 [ERROR] ConditionMgr:805 - Attr not supported : Dmpu
2026-09-03 19:15:08,010 [ERROR] ConditionMgr:805 - Attr not supported : Dmpu
2026-09-03 19:15:08,010 [ERROR] ConditionMgr:805 - Attr not supported : Dmpu
2026-09-03 19:15:08,010 [ERROR] ConditionMgr:805 - Attr not supported : Dmpu
2026-09-03 19:15:08,010 [ERROR] ConditionMgr:805 - Attr not supported : Dmpu
2026-09-03 19:15:08,010 [ERROR] ConditionMgr:805 - Attr not supported : Dmpu
2026-09-03 19:15:08,010 [ERROR] ConditionMgr:805 - Attr not supported : Dmpu
2026-09-03 19:15:08,010 [ERROR] ConditionMgr:805 - Attr not supported : Dmpu
2026-09-03 19:15:08,010 [ERROR] ConditionMgr:805 - Attr not supported : Dmpu
2026-09-03 19:15:08,010 [ERROR] ConditionMgr:805 - Attr not supported : Dmpu
2026-09-03 19:15:08,010 [ERROR] ConditionMgr:805 - Attr not supported : Dmpu
2026-09-03 19:15:08,010 [ERROR] ConditionMgr:805 - Attr not supported : Dmpu
2026-09-03 19:15:08,010 [ERROR] ConditionMgr:805 - Attr not supported : Dmpu
2026-09-03 19:15:08,010 [ERROR] ConditionMgr:805 - Attr not supported : Dmpu
2026-09-03 19:15:08,010 [ERROR] ConditionMgr:805 - Attr not supported : Dmpu
2026-09-03 19:15:08,010 [ERROR] ConditionMgr:805 - Attr not supported : Dmpu
2026-09-03 19:15:08,010 [ERROR] ConditionMgr:805 - Attr not supported : Dmpu
2026-09-03 19:15:08,010 [ERROR] ConditionMgr:805 - Attr not supported : Dmpu
2026-09-03 19:15:08,010 [ERROR] ConditionMgr:805 - Attr not supported : Dmpu
2026-09-03 19:15:08,010 [ERROR] ConditionMgr:805 - Attr not supported : Dmpu
2026-09-03 19:15:08,010 [ERROR] ConditionMgr:805 - Attr not supported : Dmpu
2026-09-03 19:15:08,010 [ERROR] ConditionMgr:805 - Attr not supported : Dmpu
2026-09-03 19:15:08,010 [ERROR] ConditionMgr:805 - Attr not supported : Dmpu
2026-09-03 19:15:08,010 [ERROR] ConditionMgr:805 - Attr not supported : Dmpu
2026-09-03 19:15:08,010 [ERROR] ConditionMgr:805 - Attr not supported : Dmpu
2026-09-03 19:15:08,010 [ERROR] ConditionMgr:805 - Attr not supported : Dmpu
2026-09-03 19:15:08,011 [ERROR] ConditionMgr:805 - Attr not supported : Dmpu
2026-09-03 19:15:08,011 [ERROR] ConditionMgr:805 - Attr not supported : Dmpu
2026-09-03 19:15:08,011 [ERROR] ConditionMgr:805 - Attr not supported : Dmpu
2026-09-03 19:15:08,011 [ERROR] ConditionMgr:805 - Attr not supported : Dmpu
2026-09-03 19:15:08,011 [ERROR] ConditionMgr:805 - Attr not supported : Dmpu
2026-09-03 19:15:08,011 [ERROR] ConditionMgr:805 - Attr not supported : Dmpu
2026-09-03 19:15:08,011 [ERROR] ConditionMgr:805 - Attr not supported : Dmpu
2026-09-03 19:15:08,011 [ERROR] ConditionMgr:805 - Attr not supported : Dmpu
2026-09-03 19:15:08,011 [ERROR] ConditionMgr:805 - Attr not supported : Dmpu
2026-09-03 19:15:08,011 [ERROR] ConditionMgr:805 - Attr not supported : Dmpu
2026-09-03 19:15:08,011 [ERROR] ConditionMgr:805 - Attr not supported : Dmpu
2026-09-03 19:15:08,011 [ERROR] ConditionMgr:805 - Attr not supported : Dmpu
2026-09-03 19:15:08,011 [ERROR] ConditionMgr:805 - Attr not supported : Dmpu
2026-09-03 19:15:08,011 [ERROR] ConditionMgr:805 - Attr not supported : Dmpu
2026-09-03 19:15:08,011 [ERROR] ConditionMgr:805 - Attr not supported : Dmpu
2026-09-03 19:15:08,011 [ERROR] ConditionMgr:805 - Attr not supported : Dmpu
2026-09-03 19:15:08,011 [ERROR] ConditionMgr:805 - Attr not supported : Dmpu
2026-09-03 19:15:08,011 [ERROR] ConditionMgr:805 - Attr not supported : Dmpu
2026-09-03 19:15:08,011 [ERROR] ConditionMgr:805 - Attr not supported : Dmpu
2026-09-03 19:15:08,011 [ERROR] ConditionMgr:805 - Attr not supported : Dmpu
2026-09-03 19:15:08,011 [ERROR] ConditionMgr:805 - Attr not supported : Dmpu
2026-09-03 19:15:08,011 [ERROR] ConditionMgr:805 - Attr not supported : Dmpu
2026-09-03 19:15:08,011 [ERROR] ConditionMgr:805 - Attr not supported : Dmpu
2026-09-03 19:15:08,011 [ERROR] ConditionMgr:805 - Attr not supported : Dmpu
2026-09-03 19:15:08,014 [WARN] PackLoader:240 - Cannot read IP mode file for wolfSSL.I-CUBE-wolfTPM.3.8.0
2026-09-03 19:15:08,016 [ERROR] Engine:466 - C:\Users\kccistc\.stm32cubemx\thirdparties\pdsc\STMicroelectronics.X-CUBE-TCPP.4.2.0.pdsc: PDSC version is not supported
2026-09-03 19:15:08,020 [WARN] PackLoader:240 - Cannot read IP mode file for RealThread.X-CUBE-RT-Thread_Nano.4.1.1
2026-09-03 19:15:08,023 [WARN] PackLoader:240 - Cannot read IP mode file for STMicroelectronics.FP-ATR-SIGFOX1.3.2.0
2026-09-03 19:15:08,028 [WARN] PackLoader:240 - Cannot read IP mode file for ITTIA_DB.I-CUBE-ITTIADB.8.9.0
2026-09-03 19:15:08,030 [ERROR] Engine:466 - C:\Users\kccistc\.stm32cubemx\thirdparties\pdsc\Cesanta.I-CUBE-Mongoose.7.21.7.pdsc: PDSC version is not supported
2026-09-03 19:15:08,034 [WARN] PackLoader:240 - Cannot read IP mode file for STMicroelectronics.X-CUBE-NFC6.3.2.0
2026-09-03 19:15:08,039 [WARN] PackLoader:240 - Cannot read IP mode file for STMicroelectronics.X-CUBE-AI.10.2.1
2026-09-03 19:15:08,067 [WARN] PackLoader:240 - Cannot read IP mode file for SEGGER.I-CUBE-embOS.1.3.1
2026-09-03 19:15:08,089 [ERROR] Engine:466 - C:\Users\kccistc\.stm32cubemx\thirdparties\pdsc\STMicroelectronics.FP-SNS-STAIOTCFT.2.0.0.pdsc: PDSC version is not supported
2026-09-03 19:15:08,095 [WARN] PackLoader:240 - Cannot read IP mode file for STMicroelectronics.X-CUBE-NFC13.1.0.0
2026-09-03 19:15:08,102 [WARN] PackLoader:240 - Cannot read IP mode file for STMicroelectronics.X-CUBE-PM33A1.1.0.0
2026-09-03 19:15:08,114 [WARN] PackLoader:240 - Cannot read IP mode file for STMicroelectronics.X-CUBE-AZRTOS-F4.1.1.0
2026-09-03 19:15:08,121 [WARN] PackLoader:240 - Cannot read IP mode file for STMicroelectronics.X-CUBE-ISPU.2.1.0
2026-09-03 19:15:08,124 [ERROR] Engine:466 - C:\Users\kccistc\.stm32cubemx\thirdparties\pdsc\STMicroelectronics.X-CUBE-IPS.3.2.0.pdsc: PDSC version is not supported
2026-09-03 19:15:08,126 [ERROR] Engine:466 - C:\Users\kccistc\.stm32cubemx\thirdparties\pdsc\STMicroelectronics.eDS-WB_DPC_TT-BIDIR.2.1.1.pdsc: PDSC version is not supported
2026-09-03 19:15:08,130 [WARN] PackLoader:240 - Cannot read IP mode file for STMicroelectronics.X-CUBE-NFC12.1.0.0
2026-09-03 19:15:08,139 [WARN] PackLoader:240 - Cannot read IP mode file for STMicroelectronics.X-CUBE-AZRTOS-L5.2.0.0
2026-09-03 19:15:08,146 [WARN] PackLoader:240 - Cannot read IP mode file for STMicroelectronics.X-CUBE-ALGOBUILD.1.5.0
2026-09-03 19:15:08,149 [ERROR] Engine:466 - C:\Users\kccistc\.stm32cubemx\thirdparties\pdsc\STMicroelectronics.eDS-WB_DPC_VIENNA.1.2.0.pdsc: PDSC version is not supported
2026-09-03 19:15:08,176 [WARN] PackLoader:240 - Cannot read IP mode file for STMicroelectronics.X-CUBE-MEMS1.13.0.0
2026-09-03 19:15:08,226 [ERROR] Engine:466 - C:\Users\kccistc\.stm32cubemx\thirdparties\pdsc\STMicroelectronics.eDS-WB_DPC_3PH2L-BIDIR.1.1.1.pdsc: PDSC version is not supported
2026-09-03 19:15:08,228 [ERROR] Engine:466 - C:\Users\kccistc\.stm32cubemx\thirdparties\pdsc\STMicroelectronics.X-CUBE-ST67W61.1.3.0.pdsc: PDSC version is not supported
2026-09-03 19:15:08,234 [WARN] PackLoader:240 - Cannot read IP mode file for STMicroelectronics.X-CUBE-TOUCHGFX.4.26.1
2026-09-03 19:15:08,237 [WARN] PackLoader:240 - Cannot read IP mode file for STMicroelectronics.X-CUBE-DPower.1.3.0
2026-09-03 19:15:08,247 [WARN] ConditionMgr:438 - getConditionDescription Invalid condition id : LAN8742 Phy interface Condition cause : null
2026-09-03 19:15:08,248 [WARN] PackLoader:240 - Cannot read IP mode file for STMicroelectronics.X-CUBE-AZRTOS-L4.2.0.0
2026-09-03 19:15:08,249 [WARN] ConditionMgr:1039 - genDependencies : Invalid condition id : LAN8742 Phy interface Condition cause : null
2026-09-03 19:15:08,249 [WARN] ConditionMgr:1039 - genDependencies : Invalid condition id : LAN8742 Phy interface Condition cause : null
2026-09-03 19:15:08,249 [WARN] ConditionMgr:1039 - genDependencies : Invalid condition id : LAN8742 Phy interface Condition cause : null
2026-09-03 19:15:08,254 [WARN] PackLoader:240 - Cannot read IP mode file for STMicroelectronics.X-CUBE-SFXS2LP1.4.0.0
2026-09-03 19:15:08,259 [WARN] PackLoader:240 - Cannot read IP mode file for STMicroelectronics.X-CUBE-WB05N.2.1.0
2026-09-03 19:15:08,265 [WARN] ConditionMgr:438 - getConditionDescription Invalid condition id : UX DEVICE CLASS RTOS Condition cause : null
2026-09-03 19:15:08,266 [WARN] ConditionMgr:438 - getConditionDescription Invalid condition id : UX DEVICE CLASS RTOS Condition cause : null
2026-09-03 19:15:08,267 [WARN] PackLoader:240 - Cannot read IP mode file for STMicroelectronics.X-CUBE-AZRTOS-WB.2.0.0
2026-09-03 19:15:08,267 [WARN] ConditionMgr:1039 - genDependencies : Invalid condition id : UX DEVICE CLASS RTOS Condition cause : null
2026-09-03 19:15:08,267 [WARN] ConditionMgr:1039 - genDependencies : Invalid condition id : UX DEVICE CLASS RTOS Condition cause : null
2026-09-03 19:15:08,267 [WARN] ConditionMgr:1039 - genDependencies : Invalid condition id : UX DEVICE CLASS RTOS Condition cause : null
2026-09-03 19:15:08,267 [WARN] ConditionMgr:1039 - genDependencies : Invalid condition id : UX DEVICE CLASS RTOS Condition cause : null
2026-09-03 19:15:08,267 [WARN] ConditionMgr:1039 - genDependencies : Invalid condition id : UX DEVICE CLASS RTOS Condition cause : null
2026-09-03 19:15:08,272 [WARN] PackLoader:240 - Cannot read IP mode file for STMicroelectronics.X-CUBE-STSE01.2.0.0
2026-09-03 19:15:08,279 [WARN] PackLoader:240 - Cannot read IP mode file for STMicroelectronics.X-CUBE-SUBG2.5.0.0
2026-09-03 19:15:08,290 [WARN] PackLoader:240 - Cannot read IP mode file for STMicroelectronics.X-CUBE-AZRTOS-G4.2.0.0
2026-09-03 19:15:08,294 [WARN] PackLoader:240 - Cannot read IP mode file for wolfSSL.I-CUBE-wolfSSH.1.4.20
2026-09-03 19:15:08,298 [WARN] PackLoader:240 - Cannot read IP mode file for STMicroelectronics.X-CUBE-NFC7.2.0.0
2026-09-03 19:15:08,300 [ERROR] Engine:466 - C:\Users\kccistc\.stm32cubemx\thirdparties\pdsc\STMicroelectronics.X-CUBE-BLEMGR.4.2.0.pdsc: PDSC version is not supported
2026-09-03 19:15:08,303 [WARN] PackLoader:240 - Cannot read IP mode file for STMicroelectronics.X-CUBE-ALS.1.0.2
2026-09-03 19:15:08,306 [ERROR] Engine:466 - C:\Users\kccistc\.stm32cubemx\thirdparties\pdsc\STMicroelectronics.X-CUBE-TOF1.3.4.3.pdsc: PDSC version is not supported
2026-09-03 19:15:08,307 [INFO] ThirdParty:978 - Integrity check success = true
2026-09-03 19:15:08,307 [INFO] IntegrityCheckThread:100 - exiting critical section [integrity check]
2026-09-03 19:15:08,307 [INFO] IntegrityCheckThread:103 - End integrity checks thread
2026-09-03 19:15:49,720 [INFO] McuFinderGlobals:63 - Set McuFinder mode to 2 (CubeIDE integrated)
2026-09-03 19:15:49,722 [INFO] MainUpdater:2873 - connection check result : 10
2026-09-03 19:15:49,732 [INFO] McuFinderGlobals:76 - Set McuFinderConnectedMode to true
2026-09-03 19:15:49,970 [INFO] ServerAccessManage:473 - Download File mcusAds.json._tmp_
2026-09-03 19:15:50,081 [INFO] LoadUrlFilesThread:156 - End of LoadUrlFiles Thread
2026-09-03 19:15:50,359 [INFO] ServerAccessManage:473 - Download File cube-finder-db.zip
2026-09-03 19:15:54,216 [INFO] FileExtend:240 - Unzip File : cube-finder-db.zip
2026-09-03 19:15:54,216 [INFO] FileExtend:255 - Standard Zip Deflate
2026-09-03 19:15:54,894 [INFO] LoadUrlFilesThread:156 - End of LoadUrlFiles Thread
2026-09-03 19:16:16,058 [ERROR] ServerAccessManage:1172 - Problem during Server Connection :  IO error Connection timed out: no further information
2026-09-03 19:16:16,059 [ERROR] ServerAccessManage:651 - Problem during Server Connection :  : crdb.zip.
2026-09-03 19:16:20,162 [INFO] LoadUrlFilesThread:156 - End of LoadUrlFiles Thread
2026-09-03 19:16:21,847 [INFO] DbMcusAds:53 - JSON generation date=Wed Jul 15 18:44:54 KST 2026 (1784108694001)
2026-09-03 19:16:21,854 [ERROR] TargetSelectorAdapter:267 - Unable to refresh data
2026-09-03 19:16:22,131 [INFO] ApiDb:581 - Connected to CubeFinder SQLite database (C:\Users\kccistc\.stmcufinder\plugins\mcufinder\mcu\cube-finder-db.db)
2026-09-03 19:16:22,189 [INFO] ApiDb:668 - CubeFinder database Data Model version=2.1
2026-09-03 19:16:22,189 [INFO] ApiDb:669 - CubeFinder database Configuration version=3.0.42
2026-09-03 19:16:22,189 [INFO] ApiDb:670 - CubeFinder database generation date=2026-08-04 (1785840812)
2026-09-03 19:16:22,189 [INFO] ApiDb:671 - CubeFinder database FW Pack versions=[FP-ATR-ASTRA1_V2.0.0, FP-SNS-FLIGHT1_V5.1.0, FP-SNS-MOTENV1_V5.1.0, FP-SNS-MOTENVWB1_V1.5.0, FP-SNS-SMARTAG2_V1.2.0, FP-SNS-STBOX1_V2.1.0, STM32Cube_FW_C0_V1.4.1, STM32Cube_FW_F4_V1.28.3, STM32Cube_FW_F7_V1.17.4, STM32Cube_FW_G0_V1.6.3, STM32Cube_FW_G4_V1.6.2, STM32Cube_FW_H5_V1.7.0, STM32Cube_FW_H7RS_V1.3.0, STM32Cube_FW_H7_V1.13.0, STM32Cube_FW_L0_V1.12.2, STM32Cube_FW_L4_V1.18.2, STM32Cube_FW_L5_V1.6.0, STM32Cube_FW_N6_V1.4.0, STM32Cube_FW_U0_V1.3.0, STM32Cube_FW_U3_V1.4.0, STM32Cube_FW_U5_V1.9.0, STM32Cube_FW_WB0_V1.5.0, STM32Cube_FW_WBA_V1.10.0, STM32Cube_FW_WB_V1.24.0, STM32Cube_FW_WL3_V1.5.0, STM32Cube_FW_WL_V1.6.0, X-CUBE-ALGOBUILD_V1.5.0, X-CUBE-ALS_V1.0.2, X-CUBE-AZRTOS-F4_V1.1.0, X-CUBE-AZRTOS-F7_V1.1.0, X-CUBE-AZRTOS-G0_V1.1.0, X-CUBE-AZRTOS-G4_V2.0.0, X-CUBE-AZRTOS-H7RS_V1.3.0, X-CUBE-AZRTOS-H7_V3.5.0, X-CUBE-AZRTOS-L4_V2.0.0, X-CUBE-AZRTOS-L5_V2.0.0, X-CUBE-AZRTOS-WB_V2.0.0, X-CUBE-AZRTOS-WL_V2.0.0, X-CUBE-BLE1_V7.1.0, X-CUBE-BLE2_V3.3.0, X-CUBE-BLEMGR_V4.2.0, X-CUBE-EEPRMA1_V5.2.0, X-CUBE-FREERTOS_V1.6.0, X-CUBE-GNSS1_V7.1.1, X-CUBE-MEMS1_V13.0.0, X-CUBE-NFC4_V3.0.0, X-CUBE-NFC7_V2.0.0, X-CUBE-SFXS2LP1_V4.0.0, X-CUBE-ST67W61_V1.3.0, X-CUBE-SUBG2_V5.0.0, X-CUBE-TOF1_V3.4.3]
2026-09-03 19:16:22,239 [INFO] DbBoardsSqlite:226 - include board P-NUCLEO-WB55-NUCLEO as a kit item of type 'Nucleo-64'
2026-09-03 19:16:22,239 [INFO] DbBoardsSqlite:226 - include board P-NUCLEO-WB55-USBDONGLE as a kit item of type 'Nucleo USB Dongle'
2026-09-03 19:16:22,239 [INFO] DbBoardsSqlite:226 - include board STEVAL-IDP005V1 as a kit item of type 'Evaluation Board'
2026-09-03 19:16:22,240 [INFO] DbBoardsSqlite:226 - include board STEVAL-IDP005V2 as a kit item of type 'Evaluation Board'
2026-09-03 19:16:22,297 [INFO] ApiDb:240 - Found 483 in-development CPN: [B-G473E-ZEST1S, B-WB1M-WPAN1, B-WL5M-SUBG1, NUCLEO-C031C6, NUCLEO-H503RB, NUCLEO-H533RE, NUCLEO-H563ZI, NUCLEO-H7S3L8, NUCLEO-U031R8, NUCLEO-U083RC, NUCLEO-U545RE-Q, NUCLEO-U5A5ZJ-Q, NUCLEO-WBA52CG, NUCLEO-WBA55CG, STEVAL-PROTEUS1, STEVAL-SMARTAG2, STEVAL-STWINBX1, STM320518-EVAL, STM32C0116-DK, STM32C011D6Y3TR, STM32C011D6Y6TR, STM32C011F4P3, STM32C011F4P6, STM32C011F4U3, STM32C011F4U6TR, STM32C011F6P3, STM32C011F6P6, STM32C011F6U3, STM32C011F6U6TR, STM32C011J4M3, STM32C011J4M6, STM32C011J6M3, STM32C011J6M6, STM32C0316-DK, STM32C031C4T3, STM32C031C4T6, STM32C031C4U3, STM32C031C4U6, STM32C031C6T3, STM32C031C6T6, STM32C031C6U3, STM32C031C6U6, STM32C031F4P3, STM32C031F4P6, STM32C031F6P3, STM32C031F6P6, STM32C031G4U3, STM32C031G4U6, STM32C031G6U3, STM32C031G6U6, STM32C031K4T3, STM32C031K4T6, STM32C031K4U3, STM32C031K4U6, STM32C031K6T3, STM32C031K6T6, STM32C031K6U3, STM32C031K6U6, STM32G071K8TXN, STM32G071K8UXN, STM32G081GBU6N, STM32G081KBT6N, STM32G081KBUXN, STM32G0B1CCT6N, STM32G0B1KCT6, STM32G0B1NEY6TR, STM32G0B1RCT6N, STM32G0C1CCT6, STM32G0C1CCT6N, STM32G0C1CCU6N, STM32G0C1CET6N, STM32G0C1CEU6N, STM32G0C1KCT6, STM32G0C1NEY6TR, STM32G0C1RCI6N, STM32G0C1RCT6N, STM32G0C1REI6N, STM32G0C1RET6N, STM32G0C1VCI6, STM32G0C1VEI6, STM32G471CCT6, STM32G471CCU6, STM32G471CET3, STM32G471CET6, STM32G471CEU3, STM32G471CEU6, STM32G471MCT6, STM32G471MET3, STM32G471MET6, STM32G471MEY6TR, STM32G471QCT6, STM32G471QET3, STM32G471RCT6, STM32G471RET3, STM32G471RET6, STM32G471VCH6, STM32G471VCI6, STM32G471VCT6, STM32G471VEH3, STM32G471VEH6, STM32G471VEI3, STM32G471VEI6, STM32G471VET3, STM32G471VET6, STM32G474CCT6, STM32H503CBT6, STM32H503CBU6, STM32H503EBY6TR, STM32H503KBU6, STM32H503RBT6, STM32H523CCT6, STM32H523CCU6, STM32H523CET6, STM32H523CEU6, STM32H523HEY6TR, STM32H523RCT6, STM32H523RET6, STM32H523VCI6, STM32H523VCT6, STM32H523VEI6, STM32H523VET6, STM32H523ZCJ6, STM32H523ZCT6, STM32H523ZEJ6, STM32H523ZET6, STM32H533CET6, STM32H533CEU6, STM32H533HEY6TR, STM32H533RET6, STM32H533VEI6, STM32H533VET6, STM32H533ZEJ6, STM32H533ZET6, STM32H562AGI6, STM32H562AII6, STM32H562IGK6, STM32H562IGT6, STM32H562IIK6, STM32H562IIT6, STM32H562RGT6, STM32H562RGV6, STM32H562RIT6, STM32H562RIV6, STM32H562VGT6, STM32H562VIT6, STM32H562ZGT6, STM32H562ZIT6, STM32H563AGI6, STM32H563AII3Q, STM32H563AII6, STM32H563IGK6, STM32H563IGT6, STM32H563IIK3Q, STM32H563IIK6, STM32H563IIT3Q, STM32H563IIT6, STM32H563MIY3QTR, STM32H563RGT6, STM32H563RGV6, STM32H563RIT6, STM32H563RIV6, STM32H563VGT6, STM32H563VIT3Q, STM32H563VIT6, STM32H563ZGT6, STM32H563ZIT3Q, STM32H563ZIT6, STM32H573AII3Q, STM32H573AII6, STM32H573I-DK, STM32H573IIK3Q, STM32H573IIK6, STM32H573IIT3Q, STM32H573IIT6, STM32H573MIY3QTR, STM32H573RIT6, STM32H573RIV6, STM32H573VIT3Q, STM32H573VIT6, STM32H573ZIT3Q, STM32H573ZIT6, STM32H7R3A8I6, STM32H7R3I8K6, STM32H7R3I8T6, STM32H7R3L8H6, STM32H7R3L8H6H, STM32H7R3R8V6, STM32H7R3V8H6, STM32H7R3V8T6, STM32H7R3V8Y6, STM32H7R3Z8J6, STM32H7R3Z8T6, STM32H7R7A8I6, STM32H7R7I8K6, STM32H7R7I8T6, STM32H7R7L8H6, STM32H7R7L8H6H, STM32H7R7Z8J6, STM32H7S3A8I6, STM32H7S3I8K6, STM32H7S3I8T6, STM32H7S3L8H6, STM32H7S3L8H6H, STM32H7S3R8V6, STM32H7S3V8H6, STM32H7S3V8T6, STM32H7S3V8Y6, STM32H7S3Z8J6, STM32H7S3Z8T6, STM32H7S78-DK, STM32H7S7A8I6, STM32H7S7I8K6, STM32H7S7I8T6, STM32H7S7L8H6, STM32H7S7L8H6H, STM32H7S7Z8J6, STM32L4R5QGI6STR, STM32MP131AAE3, STM32MP131AAF3, STM32MP131AAG3, STM32MP131CAE3, STM32MP131CAF3, STM32MP131CAG3, STM32MP131DAE7, STM32MP131DAF7, STM32MP131DAG7, STM32MP131FAE7, STM32MP131FAF7, STM32MP131FAG7, STM32MP133AAE3, STM32MP133AAF3, STM32MP133AAG3, STM32MP133CAE3, STM32MP133CAF3, STM32MP133CAG3, STM32MP133DAE7, STM32MP133DAF7, STM32MP133DAG7, STM32MP133FAE7, STM32MP133FAF7, STM32MP133FAG7, STM32MP135AAE3, STM32MP135AAF3, STM32MP135AAG3, STM32MP135CAE3, STM32MP135CAF3, STM32MP135CAG3, STM32MP135DAE7, STM32MP135DAF7, STM32MP135DAG7, STM32MP135F-DK, STM32MP135FAE7, STM32MP135FAF7, STM32MP135FAF7T, STM32MP135FAF7U, STM32MP135FAG7, STM32U031C6T6, STM32U031C6U6, STM32U031C8T6, STM32U031C8U6, STM32U031F4P6, STM32U031F6P6, STM32U031F8P6, STM32U031G6Y6TR, STM32U031G8Y6TR, STM32U031K4U6, STM32U031K6U6, STM32U031K8U6, STM32U031R6I6, STM32U031R6T6, STM32U031R8I6, STM32U031R8T6, STM32U073C8T6, STM32U073C8U6, STM32U073CBT6, STM32U073CBU6, STM32U073CCT6, STM32U073CCU6, STM32U073H8Y6TR, STM32U073HBY6TR, STM32U073HCY6TR, STM32U073K8U6, STM32U073KBU6, STM32U073KCU6, STM32U073M8I6, STM32U073M8T6, STM32U073MBI6, STM32U073MBT6, STM32U073MCI6, STM32U073MCT6, STM32U073R8I6, STM32U073R8T6, STM32U073RBI6, STM32U073RBT6, STM32U073RCI6, STM32U073RCT6, STM32U083C-DK, STM32U083CCT6, STM32U083CCU6, STM32U083HCY6TR, STM32U083KCU6, STM32U083MCI6, STM32U083MCT6, STM32U083RCI6, STM32U083RCT6, STM32U535CBT6, STM32U535CBT6Q, STM32U535CBU6, STM32U535CBU6Q, STM32U535CCT6, STM32U535CCT6Q, STM32U535CCU6, STM32U535CCU6Q, STM32U535CET6, STM32U535CET6Q, STM32U535CEU6, STM32U535CEU6Q, STM32U535JEY6QTR, STM32U535NCY6QTR, STM32U535NEY6QTR, STM32U535RBI6, STM32U535RBI6Q, STM32U535RBT6, STM32U535RBT6Q, STM32U535RCI6, STM32U535RCI6Q, STM32U535RCT6, STM32U535RCT6Q, STM32U535REI6, STM32U535REI6Q, STM32U535RET6, STM32U535RET6Q, STM32U535VCI6, STM32U535VCI6Q, STM32U535VCT6, STM32U535VCT6Q, STM32U535VEI6, STM32U535VEI6Q, STM32U535VET6, STM32U535VET6Q, STM32U545CET6, STM32U545CET6Q, STM32U545CEU6, STM32U545CEU6Q, STM32U545JEY6QTR, STM32U545NEY6QTR, STM32U545REI6, STM32U545REI6Q, STM32U545RET6, STM32U545RET6Q, STM32U545VEI6, STM32U545VEI6Q, STM32U545VET6, STM32U545VET6Q, STM32U595AIH6, STM32U595AIH6Q, STM32U595AJH6, STM32U595AJH6Q, STM32U595QII6, STM32U595QII6Q, STM32U595QJI6, STM32U595QJI6Q, STM32U595RIT6, STM32U595RIT6Q, STM32U595RJT6, STM32U595RJT6Q, STM32U595VIT6, STM32U595VIT6Q, STM32U595VJT6, STM32U595VJT6Q, STM32U595ZIT6, STM32U595ZIT6Q, STM32U595ZIY6QTR, STM32U595ZJT6, STM32U595ZJT6Q, STM32U595ZJY6QTR, STM32U599BJY6QTR, STM32U599NIH6Q, STM32U599NJH6Q, STM32U599VIT6Q, STM32U599VJT6, STM32U599VJT6Q, STM32U599ZIT6Q, STM32U599ZIY6QTR, STM32U599ZJT6Q, STM32U599ZJY6QTR, STM32U5A5AJH6, STM32U5A5AJH6Q, STM32U5A5QII3Q , STM32U5A5QJI6, STM32U5A5QJI6Q, STM32U5A5RJT6, STM32U5A5RJT6Q, STM32U5A5VJT6, STM32U5A5VJT6Q, STM32U5A5ZJT6, STM32U5A5ZJT6Q, STM32U5A5ZJY6QTR, STM32U5A9BJY6QTR, STM32U5A9J-DK, STM32U5A9NJH6Q, STM32U5A9VJT6Q, STM32U5A9ZJT6Q, STM32U5A9ZJY6QTR, STM32U5F7VIT6, STM32U5F7VIT6Q, STM32U5F7VJT6, STM32U5F7VJT6Q, STM32U5F9BJY6QTR, STM32U5F9NJH6Q, STM32U5F9VIT6Q, STM32U5F9VJT6Q, STM32U5F9ZIJ6QTR, STM32U5F9ZIT6Q, STM32U5F9ZJJ6QTR, STM32U5F9ZJT6Q, STM32U5G7VJT6, STM32U5G7VJT6Q, STM32U5G9BJY6QTR, STM32U5G9J-DK1, STM32U5G9J-DK2, STM32U5G9NJH6Q, STM32U5G9VJT6Q, STM32U5G9ZJJ6QTR, STM32U5G9ZJT6Q, STM32WB1MMCH6, STM32WBA50KEU6, STM32WBA50KEU6TR, STM32WBA50KGU6, STM32WBA50KGU6TR, STM32WBA52CEU6, STM32WBA52CEU6TR, STM32WBA52CEU7, STM32WBA52CEU7TR, STM32WBA52CGU6, STM32WBA52CGU6TR, STM32WBA52CGU6U, STM32WBA52CGU7, STM32WBA52CGU7TR, STM32WBA52KEU6, STM32WBA52KEU6TR, STM32WBA52KGU6, STM32WBA52KGU6TR, STM32WBA54CEU6, STM32WBA54CEU6TR, STM32WBA54CEU7, STM32WBA54CEU7TR, STM32WBA54CGU6, STM32WBA54CGU6TR, STM32WBA54CGU7, STM32WBA54CGU7TR, STM32WBA54KEU6, STM32WBA54KEU6TR, STM32WBA54KEU7, STM32WBA54KEU7TR, STM32WBA54KGU6, STM32WBA54KGU6TR, STM32WBA54KGU7, STM32WBA54KGU7TR, STM32WBA55CEU6, STM32WBA55CEU6TR, STM32WBA55CEU7, STM32WBA55CEU7TR, STM32WBA55CGU6, STM32WBA55CGU6TR, STM32WBA55CGU6U, STM32WBA55CGU7, STM32WBA55CGU7TR, STM32WBA55G-DK1, STM32WBA55HEF6, STM32WBA55HEF7, STM32WBA55HGF6, STM32WBA55HGF7, STM32WBA55UEI6, STM32WBA55UEI6TR, STM32WBA55UEI7, STM32WBA55UEI7TR, STM32WBA55UGI6, STM32WBA55UGI6TR, STM32WBA55UGI7, STM32WBA55UGI7TR, STM32WL5MOCH6, STM32WL5MOCH6TR]
2026-09-03 19:16:22,299 [INFO] ApiDb:668 - CubeFinder database Data Model version=2.1
2026-09-03 19:16:22,300 [INFO] ApiDb:669 - CubeFinder database Configuration version=3.0.42
2026-09-03 19:16:22,300 [INFO] ApiDb:670 - CubeFinder database generation date=2026-08-04 (1785840812)
2026-09-03 19:16:22,300 [INFO] ApiDb:671 - CubeFinder database FW Pack versions=[FP-ATR-ASTRA1_V2.0.0, FP-SNS-FLIGHT1_V5.1.0, FP-SNS-MOTENV1_V5.1.0, FP-SNS-MOTENVWB1_V1.5.0, FP-SNS-SMARTAG2_V1.2.0, FP-SNS-STBOX1_V2.1.0, STM32Cube_FW_C0_V1.4.1, STM32Cube_FW_F4_V1.28.3, STM32Cube_FW_F7_V1.17.4, STM32Cube_FW_G0_V1.6.3, STM32Cube_FW_G4_V1.6.2, STM32Cube_FW_H5_V1.7.0, STM32Cube_FW_H7RS_V1.3.0, STM32Cube_FW_H7_V1.13.0, STM32Cube_FW_L0_V1.12.2, STM32Cube_FW_L4_V1.18.2, STM32Cube_FW_L5_V1.6.0, STM32Cube_FW_N6_V1.4.0, STM32Cube_FW_U0_V1.3.0, STM32Cube_FW_U3_V1.4.0, STM32Cube_FW_U5_V1.9.0, STM32Cube_FW_WB0_V1.5.0, STM32Cube_FW_WBA_V1.10.0, STM32Cube_FW_WB_V1.24.0, STM32Cube_FW_WL3_V1.5.0, STM32Cube_FW_WL_V1.6.0, X-CUBE-ALGOBUILD_V1.5.0, X-CUBE-ALS_V1.0.2, X-CUBE-AZRTOS-F4_V1.1.0, X-CUBE-AZRTOS-F7_V1.1.0, X-CUBE-AZRTOS-G0_V1.1.0, X-CUBE-AZRTOS-G4_V2.0.0, X-CUBE-AZRTOS-H7RS_V1.3.0, X-CUBE-AZRTOS-H7_V3.5.0, X-CUBE-AZRTOS-L4_V2.0.0, X-CUBE-AZRTOS-L5_V2.0.0, X-CUBE-AZRTOS-WB_V2.0.0, X-CUBE-AZRTOS-WL_V2.0.0, X-CUBE-BLE1_V7.1.0, X-CUBE-BLE2_V3.3.0, X-CUBE-BLEMGR_V4.2.0, X-CUBE-EEPRMA1_V5.2.0, X-CUBE-FREERTOS_V1.6.0, X-CUBE-GNSS1_V7.1.1, X-CUBE-MEMS1_V13.0.0, X-CUBE-NFC4_V3.0.0, X-CUBE-NFC7_V2.0.0, X-CUBE-SFXS2LP1_V4.0.0, X-CUBE-ST67W61_V1.3.0, X-CUBE-SUBG2_V5.0.0, X-CUBE-TOF1_V3.4.3]
2026-09-03 19:16:23,939 [INFO] ApiDb:240 - Found 483 in-development CPN: [B-G473E-ZEST1S, B-WB1M-WPAN1, B-WL5M-SUBG1, NUCLEO-C031C6, NUCLEO-H503RB, NUCLEO-H533RE, NUCLEO-H563ZI, NUCLEO-H7S3L8, NUCLEO-U031R8, NUCLEO-U083RC, NUCLEO-U545RE-Q, NUCLEO-U5A5ZJ-Q, NUCLEO-WBA52CG, NUCLEO-WBA55CG, STEVAL-PROTEUS1, STEVAL-SMARTAG2, STEVAL-STWINBX1, STM320518-EVAL, STM32C0116-DK, STM32C011D6Y3TR, STM32C011D6Y6TR, STM32C011F4P3, STM32C011F4P6, STM32C011F4U3, STM32C011F4U6TR, STM32C011F6P3, STM32C011F6P6, STM32C011F6U3, STM32C011F6U6TR, STM32C011J4M3, STM32C011J4M6, STM32C011J6M3, STM32C011J6M6, STM32C0316-DK, STM32C031C4T3, STM32C031C4T6, STM32C031C4U3, STM32C031C4U6, STM32C031C6T3, STM32C031C6T6, STM32C031C6U3, STM32C031C6U6, STM32C031F4P3, STM32C031F4P6, STM32C031F6P3, STM32C031F6P6, STM32C031G4U3, STM32C031G4U6, STM32C031G6U3, STM32C031G6U6, STM32C031K4T3, STM32C031K4T6, STM32C031K4U3, STM32C031K4U6, STM32C031K6T3, STM32C031K6T6, STM32C031K6U3, STM32C031K6U6, STM32G071K8TXN, STM32G071K8UXN, STM32G081GBU6N, STM32G081KBT6N, STM32G081KBUXN, STM32G0B1CCT6N, STM32G0B1KCT6, STM32G0B1NEY6TR, STM32G0B1RCT6N, STM32G0C1CCT6, STM32G0C1CCT6N, STM32G0C1CCU6N, STM32G0C1CET6N, STM32G0C1CEU6N, STM32G0C1KCT6, STM32G0C1NEY6TR, STM32G0C1RCI6N, STM32G0C1RCT6N, STM32G0C1REI6N, STM32G0C1RET6N, STM32G0C1VCI6, STM32G0C1VEI6, STM32G471CCT6, STM32G471CCU6, STM32G471CET3, STM32G471CET6, STM32G471CEU3, STM32G471CEU6, STM32G471MCT6, STM32G471MET3, STM32G471MET6, STM32G471MEY6TR, STM32G471QCT6, STM32G471QET3, STM32G471RCT6, STM32G471RET3, STM32G471RET6, STM32G471VCH6, STM32G471VCI6, STM32G471VCT6, STM32G471VEH3, STM32G471VEH6, STM32G471VEI3, STM32G471VEI6, STM32G471VET3, STM32G471VET6, STM32G474CCT6, STM32H503CBT6, STM32H503CBU6, STM32H503EBY6TR, STM32H503KBU6, STM32H503RBT6, STM32H523CCT6, STM32H523CCU6, STM32H523CET6, STM32H523CEU6, STM32H523HEY6TR, STM32H523RCT6, STM32H523RET6, STM32H523VCI6, STM32H523VCT6, STM32H523VEI6, STM32H523VET6, STM32H523ZCJ6, STM32H523ZCT6, STM32H523ZEJ6, STM32H523ZET6, STM32H533CET6, STM32H533CEU6, STM32H533HEY6TR, STM32H533RET6, STM32H533VEI6, STM32H533VET6, STM32H533ZEJ6, STM32H533ZET6, STM32H562AGI6, STM32H562AII6, STM32H562IGK6, STM32H562IGT6, STM32H562IIK6, STM32H562IIT6, STM32H562RGT6, STM32H562RGV6, STM32H562RIT6, STM32H562RIV6, STM32H562VGT6, STM32H562VIT6, STM32H562ZGT6, STM32H562ZIT6, STM32H563AGI6, STM32H563AII3Q, STM32H563AII6, STM32H563IGK6, STM32H563IGT6, STM32H563IIK3Q, STM32H563IIK6, STM32H563IIT3Q, STM32H563IIT6, STM32H563MIY3QTR, STM32H563RGT6, STM32H563RGV6, STM32H563RIT6, STM32H563RIV6, STM32H563VGT6, STM32H563VIT3Q, STM32H563VIT6, STM32H563ZGT6, STM32H563ZIT3Q, STM32H563ZIT6, STM32H573AII3Q, STM32H573AII6, STM32H573I-DK, STM32H573IIK3Q, STM32H573IIK6, STM32H573IIT3Q, STM32H573IIT6, STM32H573MIY3QTR, STM32H573RIT6, STM32H573RIV6, STM32H573VIT3Q, STM32H573VIT6, STM32H573ZIT3Q, STM32H573ZIT6, STM32H7R3A8I6, STM32H7R3I8K6, STM32H7R3I8T6, STM32H7R3L8H6, STM32H7R3L8H6H, STM32H7R3R8V6, STM32H7R3V8H6, STM32H7R3V8T6, STM32H7R3V8Y6, STM32H7R3Z8J6, STM32H7R3Z8T6, STM32H7R7A8I6, STM32H7R7I8K6, STM32H7R7I8T6, STM32H7R7L8H6, STM32H7R7L8H6H, STM32H7R7Z8J6, STM32H7S3A8I6, STM32H7S3I8K6, STM32H7S3I8T6, STM32H7S3L8H6, STM32H7S3L8H6H, STM32H7S3R8V6, STM32H7S3V8H6, STM32H7S3V8T6, STM32H7S3V8Y6, STM32H7S3Z8J6, STM32H7S3Z8T6, STM32H7S78-DK, STM32H7S7A8I6, STM32H7S7I8K6, STM32H7S7I8T6, STM32H7S7L8H6, STM32H7S7L8H6H, STM32H7S7Z8J6, STM32L4R5QGI6STR, STM32MP131AAE3, STM32MP131AAF3, STM32MP131AAG3, STM32MP131CAE3, STM32MP131CAF3, STM32MP131CAG3, STM32MP131DAE7, STM32MP131DAF7, STM32MP131DAG7, STM32MP131FAE7, STM32MP131FAF7, STM32MP131FAG7, STM32MP133AAE3, STM32MP133AAF3, STM32MP133AAG3, STM32MP133CAE3, STM32MP133CAF3, STM32MP133CAG3, STM32MP133DAE7, STM32MP133DAF7, STM32MP133DAG7, STM32MP133FAE7, STM32MP133FAF7, STM32MP133FAG7, STM32MP135AAE3, STM32MP135AAF3, STM32MP135AAG3, STM32MP135CAE3, STM32MP135CAF3, STM32MP135CAG3, STM32MP135DAE7, STM32MP135DAF7, STM32MP135DAG7, STM32MP135F-DK, STM32MP135FAE7, STM32MP135FAF7, STM32MP135FAF7T, STM32MP135FAF7U, STM32MP135FAG7, STM32U031C6T6, STM32U031C6U6, STM32U031C8T6, STM32U031C8U6, STM32U031F4P6, STM32U031F6P6, STM32U031F8P6, STM32U031G6Y6TR, STM32U031G8Y6TR, STM32U031K4U6, STM32U031K6U6, STM32U031K8U6, STM32U031R6I6, STM32U031R6T6, STM32U031R8I6, STM32U031R8T6, STM32U073C8T6, STM32U073C8U6, STM32U073CBT6, STM32U073CBU6, STM32U073CCT6, STM32U073CCU6, STM32U073H8Y6TR, STM32U073HBY6TR, STM32U073HCY6TR, STM32U073K8U6, STM32U073KBU6, STM32U073KCU6, STM32U073M8I6, STM32U073M8T6, STM32U073MBI6, STM32U073MBT6, STM32U073MCI6, STM32U073MCT6, STM32U073R8I6, STM32U073R8T6, STM32U073RBI6, STM32U073RBT6, STM32U073RCI6, STM32U073RCT6, STM32U083C-DK, STM32U083CCT6, STM32U083CCU6, STM32U083HCY6TR, STM32U083KCU6, STM32U083MCI6, STM32U083MCT6, STM32U083RCI6, STM32U083RCT6, STM32U535CBT6, STM32U535CBT6Q, STM32U535CBU6, STM32U535CBU6Q, STM32U535CCT6, STM32U535CCT6Q, STM32U535CCU6, STM32U535CCU6Q, STM32U535CET6, STM32U535CET6Q, STM32U535CEU6, STM32U535CEU6Q, STM32U535JEY6QTR, STM32U535NCY6QTR, STM32U535NEY6QTR, STM32U535RBI6, STM32U535RBI6Q, STM32U535RBT6, STM32U535RBT6Q, STM32U535RCI6, STM32U535RCI6Q, STM32U535RCT6, STM32U535RCT6Q, STM32U535REI6, STM32U535REI6Q, STM32U535RET6, STM32U535RET6Q, STM32U535VCI6, STM32U535VCI6Q, STM32U535VCT6, STM32U535VCT6Q, STM32U535VEI6, STM32U535VEI6Q, STM32U535VET6, STM32U535VET6Q, STM32U545CET6, STM32U545CET6Q, STM32U545CEU6, STM32U545CEU6Q, STM32U545JEY6QTR, STM32U545NEY6QTR, STM32U545REI6, STM32U545REI6Q, STM32U545RET6, STM32U545RET6Q, STM32U545VEI6, STM32U545VEI6Q, STM32U545VET6, STM32U545VET6Q, STM32U595AIH6, STM32U595AIH6Q, STM32U595AJH6, STM32U595AJH6Q, STM32U595QII6, STM32U595QII6Q, STM32U595QJI6, STM32U595QJI6Q, STM32U595RIT6, STM32U595RIT6Q, STM32U595RJT6, STM32U595RJT6Q, STM32U595VIT6, STM32U595VIT6Q, STM32U595VJT6, STM32U595VJT6Q, STM32U595ZIT6, STM32U595ZIT6Q, STM32U595ZIY6QTR, STM32U595ZJT6, STM32U595ZJT6Q, STM32U595ZJY6QTR, STM32U599BJY6QTR, STM32U599NIH6Q, STM32U599NJH6Q, STM32U599VIT6Q, STM32U599VJT6, STM32U599VJT6Q, STM32U599ZIT6Q, STM32U599ZIY6QTR, STM32U599ZJT6Q, STM32U599ZJY6QTR, STM32U5A5AJH6, STM32U5A5AJH6Q, STM32U5A5QII3Q , STM32U5A5QJI6, STM32U5A5QJI6Q, STM32U5A5RJT6, STM32U5A5RJT6Q, STM32U5A5VJT6, STM32U5A5VJT6Q, STM32U5A5ZJT6, STM32U5A5ZJT6Q, STM32U5A5ZJY6QTR, STM32U5A9BJY6QTR, STM32U5A9J-DK, STM32U5A9NJH6Q, STM32U5A9VJT6Q, STM32U5A9ZJT6Q, STM32U5A9ZJY6QTR, STM32U5F7VIT6, STM32U5F7VIT6Q, STM32U5F7VJT6, STM32U5F7VJT6Q, STM32U5F9BJY6QTR, STM32U5F9NJH6Q, STM32U5F9VIT6Q, STM32U5F9VJT6Q, STM32U5F9ZIJ6QTR, STM32U5F9ZIT6Q, STM32U5F9ZJJ6QTR, STM32U5F9ZJT6Q, STM32U5G7VJT6, STM32U5G7VJT6Q, STM32U5G9BJY6QTR, STM32U5G9J-DK1, STM32U5G9J-DK2, STM32U5G9NJH6Q, STM32U5G9VJT6Q, STM32U5G9ZJJ6QTR, STM32U5G9ZJT6Q, STM32WB1MMCH6, STM32WBA50KEU6, STM32WBA50KEU6TR, STM32WBA50KGU6, STM32WBA50KGU6TR, STM32WBA52CEU6, STM32WBA52CEU6TR, STM32WBA52CEU7, STM32WBA52CEU7TR, STM32WBA52CGU6, STM32WBA52CGU6TR, STM32WBA52CGU6U, STM32WBA52CGU7, STM32WBA52CGU7TR, STM32WBA52KEU6, STM32WBA52KEU6TR, STM32WBA52KGU6, STM32WBA52KGU6TR, STM32WBA54CEU6, STM32WBA54CEU6TR, STM32WBA54CEU7, STM32WBA54CEU7TR, STM32WBA54CGU6, STM32WBA54CGU6TR, STM32WBA54CGU7, STM32WBA54CGU7TR, STM32WBA54KEU6, STM32WBA54KEU6TR, STM32WBA54KEU7, STM32WBA54KEU7TR, STM32WBA54KGU6, STM32WBA54KGU6TR, STM32WBA54KGU7, STM32WBA54KGU7TR, STM32WBA55CEU6, STM32WBA55CEU6TR, STM32WBA55CEU7, STM32WBA55CEU7TR, STM32WBA55CGU6, STM32WBA55CGU6TR, STM32WBA55CGU6U, STM32WBA55CGU7, STM32WBA55CGU7TR, STM32WBA55G-DK1, STM32WBA55HEF6, STM32WBA55HEF7, STM32WBA55HGF6, STM32WBA55HGF7, STM32WBA55UEI6, STM32WBA55UEI6TR, STM32WBA55UEI7, STM32WBA55UEI7TR, STM32WBA55UGI6, STM32WBA55UGI6TR, STM32WBA55UGI7, STM32WBA55UGI7TR, STM32WL5MOCH6, STM32WL5MOCH6TR]
2026-09-03 19:16:23,945 [INFO] DbMcus:218 - Found 5304 MCUs, 5116 are supported
2026-09-03 19:16:23,945 [INFO] ApiDb:423 - Load user favorites file C:\Users\kccistc/.stm32cubeide/favorites.mcus.txt: 0 item(s)
2026-09-03 19:16:23,945 [INFO] ApiDb:427 - User favorites MCUs=[]
2026-09-03 19:16:23,945 [INFO] DbMcus:224 - Set 0 / 0 favorites MCUs
2026-09-03 19:16:24,241 [INFO] BoardInfo:889 - No configuration file found for board B-WBA5M-WPAN
2026-09-03 19:16:24,241 [INFO] DbBoards:161 - Board is not supported: B-WBA5M-WPAN
2026-09-03 19:16:24,244 [INFO] BoardInfo:889 - No configuration file found for board NUCLEO-C051C8
2026-09-03 19:16:24,244 [INFO] DbBoards:161 - Board is not supported: NUCLEO-C051C8
2026-09-03 19:16:24,245 [INFO] BoardInfo:889 - No configuration file found for board NUCLEO-C071RB
2026-09-03 19:16:24,245 [INFO] DbBoards:161 - Board is not supported: NUCLEO-C071RB
2026-09-03 19:16:24,246 [INFO] BoardInfo:889 - No configuration file found for board NUCLEO-C092RC
2026-09-03 19:16:24,246 [INFO] DbBoards:161 - Board is not supported: NUCLEO-C092RC
2026-09-03 19:16:24,277 [INFO] BoardInfo:889 - No configuration file found for board NUCLEO-H553ZG
2026-09-03 19:16:24,277 [INFO] DbBoards:161 - Board is not supported: NUCLEO-H553ZG
2026-09-03 19:16:24,279 [INFO] BoardInfo:889 - No configuration file found for board NUCLEO-H5E5ZJ
2026-09-03 19:16:24,279 [INFO] DbBoards:161 - Board is not supported: NUCLEO-H5E5ZJ
2026-09-03 19:16:24,301 [INFO] BoardInfo:889 - No configuration file found for board NUCLEO-N657X0-Q
2026-09-03 19:16:24,301 [INFO] DbBoards:161 - Board is not supported: NUCLEO-N657X0-Q
2026-09-03 19:16:24,303 [INFO] BoardInfo:889 - No configuration file found for board NUCLEO-U385RG-Q
2026-09-03 19:16:24,304 [INFO] DbBoards:161 - Board is not supported: NUCLEO-U385RG-Q
2026-09-03 19:16:24,305 [INFO] BoardInfo:889 - No configuration file found for board NUCLEO-U3C5ZI-Q
2026-09-03 19:16:24,305 [INFO] DbBoards:161 - Board is not supported: NUCLEO-U3C5ZI-Q
2026-09-03 19:16:24,308 [INFO] BoardInfo:889 - No configuration file found for board NUCLEO-WB05KZ
2026-09-03 19:16:24,308 [INFO] DbBoards:161 - Board is not supported: NUCLEO-WB05KZ
2026-09-03 19:16:24,308 [INFO] BoardInfo:889 - No configuration file found for board NUCLEO-WB07CC
2026-09-03 19:16:24,309 [INFO] DbBoards:161 - Board is not supported: NUCLEO-WB07CC
2026-09-03 19:16:24,309 [INFO] BoardInfo:889 - No configuration file found for board NUCLEO-WB09KE
2026-09-03 19:16:24,309 [INFO] DbBoards:161 - Board is not supported: NUCLEO-WB09KE
2026-09-03 19:16:24,311 [INFO] BoardInfo:889 - No configuration file found for board NUCLEO-WBA25CE1
2026-09-03 19:16:24,311 [INFO] DbBoards:161 - Board is not supported: NUCLEO-WBA25CE1
2026-09-03 19:16:24,313 [INFO] BoardInfo:889 - No configuration file found for board NUCLEO-WBA65RI
2026-09-03 19:16:24,313 [INFO] DbBoards:161 - Board is not supported: NUCLEO-WBA65RI
2026-09-03 19:16:24,314 [INFO] BoardInfo:889 - No configuration file found for board NUCLEO-WL33CC1
2026-09-03 19:16:24,314 [INFO] DbBoards:161 - Board is not supported: NUCLEO-WL33CC1
2026-09-03 19:16:24,315 [INFO] BoardInfo:889 - No configuration file found for board NUCLEO-WL33CC2
2026-09-03 19:16:24,315 [INFO] DbBoards:161 - Board is not supported: NUCLEO-WL33CC2
2026-09-03 19:16:24,316 [INFO] BoardInfo:889 - No configuration file found for board NUCLEO-WL3RKB1
2026-09-03 19:16:24,316 [INFO] DbBoards:161 - Board is not supported: NUCLEO-WL3RKB1
2026-09-03 19:16:24,316 [INFO] BoardInfo:889 - No configuration file found for board NUCLEO-WL3RKB2
2026-09-03 19:16:24,317 [INFO] DbBoards:161 - Board is not supported: NUCLEO-WL3RKB2
2026-09-03 19:16:24,320 [INFO] BoardInfo:889 - No configuration file found for board P-NUCLEO-WB55
2026-09-03 19:16:24,321 [INFO] DbBoards:161 - Kit is not supported: P-NUCLEO-WB55
2026-09-03 19:16:24,324 [INFO] BoardInfo:889 - No configuration file found for board STEVAL-BFA001V1B
2026-09-03 19:16:24,324 [INFO] DbBoards:161 - Kit is not supported: STEVAL-BFA001V1B
2026-09-03 19:16:24,324 [INFO] BoardInfo:889 - No configuration file found for board STEVAL-BFA001V2B
2026-09-03 19:16:24,325 [INFO] DbBoards:161 - Kit is not supported: STEVAL-BFA001V2B
2026-09-03 19:16:24,377 [INFO] BoardInfo:889 - No configuration file found for board STM32H5F5J-DK
2026-09-03 19:16:24,377 [INFO] DbBoards:161 - Board is not supported: STM32H5F5J-DK
2026-09-03 19:16:24,401 [INFO] BoardInfo:889 - No configuration file found for board STM32MP215F-DK
2026-09-03 19:16:24,401 [INFO] DbBoards:161 - Board is not supported: STM32MP215F-DK
2026-09-03 19:16:24,402 [INFO] BoardInfo:889 - No configuration file found for board STM32MP257F-DK
2026-09-03 19:16:24,402 [INFO] DbBoards:161 - Board is not supported: STM32MP257F-DK
2026-09-03 19:16:24,403 [INFO] BoardInfo:889 - No configuration file found for board STM32MP257F-EV1
2026-09-03 19:16:24,403 [INFO] DbBoards:161 - Board is not supported: STM32MP257F-EV1
2026-09-03 19:16:24,404 [INFO] BoardInfo:889 - No configuration file found for board STM32N6570-DK
2026-09-03 19:16:24,404 [INFO] DbBoards:161 - Board is not supported: STM32N6570-DK
2026-09-03 19:16:24,409 [INFO] BoardInfo:889 - No configuration file found for board STM32WBA65I-DK1
2026-09-03 19:16:24,409 [INFO] DbBoards:161 - Board is not supported: STM32WBA65I-DK1
2026-09-03 19:16:24,410 [INFO] DbBoards:168 - Found 219 boards, 192 are supported
2026-09-03 19:16:24,410 [INFO] DbBoards:169 - Found 219 boards, 8 of them is supported for  Bsp
2026-09-03 19:16:24,412 [INFO] ApiDb:423 - Load user favorites file C:\Users\kccistc/.stm32cubeide/favorites.boards.txt: 0 item(s)
2026-09-03 19:16:24,412 [INFO] ApiDb:427 - User favorites Boards=[]
2026-09-03 19:16:24,412 [INFO] DbBoards:198 - Set 0 / 0 favorites Boards
2026-09-03 19:16:24,412 [INFO] McuFinderGlobals:76 - Set McuFinderConnectedMode to true
2026-09-03 19:16:24,418 [INFO] MultiScanPanel:200 - Auto-refresh data requested => check proxy status ongoing
2026-09-03 19:16:24,420 [INFO] FinderPluginLoader:95 - Searching for filters in installed packs
2026-09-03 19:16:25,525 [INFO] LoadUrlFilesThread:185 - End of LoadServerUrlFiles without Thread
2026-09-03 19:16:25,532 [INFO] DetailPanel:341 - Set advertising image to C:/Users/kccistc/STM32Cube/Repository/\en.stm32h5cubemxbanner.png
2026-09-03 19:16:30,565 [INFO] MultiScanPanel:200 - Auto-refresh data requested => check proxy status ongoing
2026-09-03 19:16:30,669 [INFO] LoadUrlFilesThread:185 - End of LoadServerUrlFiles without Thread
2026-09-03 19:16:30,669 [INFO] DetailPanel:341 - Set advertising image to C:/Users/kccistc/STM32Cube/Repository/\en.stm32h5cubemxbanner.png
2026-09-03 19:16:30,683 [INFO] DbBoards:642 - Loading board mini-images...
2026-09-03 19:16:31,145 [ERROR] DbBoards:659 - Image file not found for board NUCLEO-H553ZG: C:\Users\kccistc\.stmcufinder\plugins\mcufinder//mcu//boards_images/NUCLEO-H553ZG.jpg
2026-09-03 19:16:32,169 [INFO] DbBoards:665 - Loaded 218 board mini-images
2026-09-03 19:16:41,515 [INFO] BoardResultTable:719 - Mark Board NUCLEO-F411RE as favorite
2026-09-03 19:16:41,793 [INFO] BoardResultTable:719 - Unmark Board NUCLEO-F411RE as favorite
2026-09-03 19:16:42,123 [INFO] BoardResultTable:719 - Mark Board NUCLEO-F411RE as favorite
2026-09-03 19:17:07,841 [INFO] McuFinderGlobals:76 - Set McuFinderConnectedMode to true
2026-09-03 19:17:07,849 [INFO] ApiDb:448 - Save user favorites file C:\Users\kccistc/.stm32cubeide/favorites.mcus.txt: 0 item(s)
2026-09-03 19:17:07,849 [INFO] ApiDb:452 - User favorites MCUs=[]
2026-09-03 19:17:07,852 [INFO] ApiDb:448 - Save user favorites file C:\Users\kccistc/.stm32cubeide/favorites.boards.txt: 1 item(s)
2026-09-03 19:17:07,852 [INFO] ApiDb:452 - User favorites Boards=[NUCLEO-F411RE]
2026-09-03 20:17:21,739 [INFO] WebApp:354 - JxBrowser engine has been closed 
